"pathway","pval","padj","ES","NES","nMoreExtreme","size","leadingEdge"
"GOBP_ACTIN_FILAMENT_BASED_PROCESS",0.000212539851222104,0.00748852031725669,-0.371698773528315,-1.64990848819572,0,345,"Abl;Act42A;Act57B;Act88F;arm;capu;ck;dsh;ena;fliI;FER;Gpdh1;gro;Hsp26;Hsp67Bc;janA;Arpc1;Mp20;Atpalpha;ninaC;Pkc98E;qua;shi;stau;bs;Tm2;kst;zfh1;TkR99D;mys;otk;hop;cdi;Calr;alpha-Cat;Myo61F;Cdc42;Sdc;cora;kermit;Spn;msn;dia;jar;RyR;babo;cpb;Moe;Nos;tsr;wts;Ank;Hem;Cdc2rk;Cdk5;cher;Shc;Lis-1;Vang;Drip;Past1;Fak;Pi3K21B;chb;Nup154;vimar;CRMP;gek;RhoGEF2;CG3630;Fim;Crk;DAAM;RhoGAP1A;Cortactin;CalpB;Tsc1;RhoGAPp190;Amph;Cdk5alpha;Kank;cindr;Sec71;Sur;Lnk;GMF;aru;ssh;CG11436;CG4041;pigs;pod1"
"GOBP_ANIMAL_ORGAN_MORPHOGENESIS",0.000190041809198024,0.00748852031725669,0.36866072189578,1.66572703633001,0,456,"Acph-1;Act79B;Appl;Dll;bi;cad;eya;Sap-r;Hr3;Pka-C3;dpp;Dr;emc;fj;fkh;Actn;tj;fy;gdl;Galphai;H2.0;Hsp23;in;Jra;kel;kto;dlg1;Sos;Lim3;pho;robo2;nau;ninaB;osp;Raf;pnr;put;Ras85D;rl;run;Sce;sd;smo;sn;so;Sod1;tkv;Tm1;Treh;tsh;alphaTub85E;tup;up;Ten-m;slp2;pros;N;Mlc-c;ci;bap;Su(fu);ash1;sv;ple;Ets65A;Ets21C;lbl;dpn;Wnt5;Rac1;SerT;Wnt4;l(2)03659;CG10939;Sema1a;byn;Pp2B-14D;Aldh;CalpA;Syx1A;Rac2;Rho1;croc;sty;Nf1;jumu;tap;unpg;HDAC1;ara;fz2;toy;stck;pug;Dad;Abi;Ptx1;sdk;Xbp1;fus;Hs2st;gbb;stan;p38b;Actbeta;Bap60;PlexB;PlexA;Smox;Eph;Adar;Nipped-B;SPARC;Gmap;Six4;drpr;CG2082;Taf10;Ilk"
"GOBP_BEHAVIOR",0.000211909302818394,0.00748852031725669,-0.332861390197007,-1.48732105729073,0,369,"Abl;acj6;nAChRbeta1;Ama;dsh;bsh;exd;hth;if;mnd;Atpalpha;ort;per;Pgi;Pkc98E;rb;rut;sr;Su(var)2-10;tll;Egfr;trx;bs;ct;Ptp99A;mew;Gad1;Cbp53E;zfh2;Plc21C;TkR99D;mys;fd96Cb;nmd;Vha55;dac;CanA1;Itpr;GstS1;Lac;Lcch3;Rbp9;Uch;CycD;Tbh;Nmdar1;Spn;scat;Snap25;Mef2;Mvl;AcCoAS;mtd;Cdk5;Deaf1;Dhc93AB;Nrx-IV;Hr38;eIF4E1;Lis-1;nrv1;Acer;sba;Rh6;mGluR;Gcn5;Clk;eIF4G1;CG2924;Optix;mbt;homer;Fen1;CalpB;X11L;Tsc1;Pten;Eaat2;Eaat1;Eb1;fz4;beta4GalNAcTA;LManII;htt;kirre;sut3;Sur;nAChRalpha5;GMF;aru"
"GOBP_CELL_ADHESION",0.000211729832733432,0.00748852031725669,-0.354543387509394,-1.62024452532941,0,478,"Abl;Act42A;Ama;arm;arr;Col4a1;csw;Lar;dx;Fas2;flw;FER;ftz-f1;fz;Galphas;grn;if;Prosbeta6;LanA;lz;mnd;mor;Pepck1;pk;Pkc98E;pnt;rb;sax;sgg;sta;Su(dx);Egfr;betaTub85D;bs;Pp1-87B;Tm2;Ser;Wnt2;Ptp4E;Ptp99A;neb;Vinc;mew;zfh2;hh;fs(1)h;mys;Su(H);otk;elB;hop;cdi;14-3-3zeta;Arl2;Mbs;Calr;Psc;alpha-Cat;Klc;Lac;Dsor1;Cdc42;Itgbn;Sdc;pll;msn;Dif;fra;Moe;Snr1;tsr;Ank;Hem;Pxn;Ret;Bgb;Bro;CASK;Cdk5;Nrx-IV;cher;Hr38;Pi3K92E;Shark;Shc;tty;NetB;nrv1;Cdk4;Stat92E;Cbl;mspo;Fak;Pi3K21B;chb;dimm;Prosalpha7;Flo1;Crk;Torsin;mbt;RhoGAP1A;Cortactin;tna;Tsc1;RhoGAPp190;Pten;Prosbeta3;Ndg;fz4;Cdk5alpha;beta4GalNAcTA;Kank;cindr;kirre;TM9SF4;Lnk;onecut;alpha-Catr;Prosbeta5"
"GOBP_CELL_CELL_ADHESION",0.000211550666384599,0.00748852031725669,-0.38960619210306,-1.71079733873955,0,309,"Abl;Act42A;Ama;arm;arr;csw;Lar;dx;Fas2;FER;ftz-f1;Galphas;grn;if;Prosbeta6;LanA;lz;mnd;mor;Pepck1;pk;pnt;rb;sax;Su(dx);Egfr;betaTub85D;bs;Pp1-87B;Ser;Wnt2;Ptp99A;Vinc;mew;hh;fs(1)h;mys;otk;elB;hop;14-3-3zeta;Psc;alpha-Cat;Lac;Dsor1;Itgbn;Sdc;pll;msn;Dif;fra;Moe;Snr1;Ank;Hem;Ret;Bgb;Bro;cher;Hr38;Pi3K92E;Shark;Shc;tty;NetB;nrv1;Stat92E;Cbl;Fak;dimm;Prosalpha7;Flo1;mbt;tna;Prosbeta3;Cdk5alpha;cindr;kirre"
"GOBP_CELL_CYCLE_PHASE_TRANSITION",0.000209643605870021,0.00748852031725669,-0.366555321230691,-1.62206835843852,0,329,"Act42A;Mps1;aurA;Cam;csw;CycB;ecd;exd;E(z);dup;hay;Hsc70-1;Prosbeta6;Rcc1;mor;mus101;Blm;ovo;rod;sax;shi;spn-A;spn-D;Su(var)2-10;sw;Egfr;trc;Cdk2;mts;neb;shtd;Mdr49;Plc21C;fs(1)h;mys;Xpc;Eip63E;Cks30A;CycD;Taf1;CycE;atms;Spn;babo;Moe;RnrL;RnrS;Snr1;Wee1;wts;ctp;Cdc2rk;Cdk5;eIF4E1;Cul1;Rab11;Rbf;Cdk4;mre11;ko;chb;Sin3A;qkr58E-2;Clk;Prosbeta2;Prosalpha7;eIF4G1;robl;Optix;Bub3;Roc1a;Nsun2;Ubc10;Taf10b;Pten;Prosbeta3;Hus1-like;Dyrk3;Kank;RfC38;aru;SoxN;REG;Prosbeta5"
"GOBP_CELL_JUNCTION_ASSEMBLY",0.00020708221163802,0.00748852031725669,-0.401784444997524,-1.71565134141314,0,236,"Abl;acj6;Act42A;Ama;arm;cin;Lar;dsh;FER;fz;if;LanA;numb;pk;Pkc98E;sax;shi;stau;Egfr;bs;ct;Wnt2;Ptp4E;Vinc;mew;Rap1;mys;elB;cdi;Arl2;alpha-Cat;Lac;Lcch3;Myo61F;Cdc42;Itgbn;Sdc;cora;Spn;msn;Mef2;tsr;wts;Cdk5;Nrx-IV;mirr;drl;NetB;caup;Acer;Fak;chb;CRMP;eIF4G1;Chd3;IKKbeta;Flo1;Crk;RhoGAP1A;Cortactin;siz;par-6;Tsc1;Pten"
"GOBP_CELL_JUNCTION_ORGANIZATION",0.000212134068731438,0.00748852031725669,-0.370270171085751,-1.65681519439044,0,374,"Abl;acj6;nAChRbeta1;Act42A;Act57B;Act88F;Ama;arm;Col4a1;cin;Lar;dsh;FER;fz;if;LanA;mnd;neur;numb;ort;pk;Pkc98E;sax;shi;stau;Egfr;betaTub85D;bs;boca;ct;Wnt2;Ptp4E;Vinc;mew;Ets97D;Syn;Rap1;mys;otk;elB;cdi;14-3-3zeta;Arl2;alpha-Cat;Lac;Lcch3;Myo61F;Dsor1;Cdc42;Itgbn;Sdc;cora;Spn;msn;babo;Mef2;Moe;tsr;wts;Ank;Cdk5;Nrx-IV;mirr;drl;Lis-1;NetB;Vang;caup;Acer;Fak;Pi3K21B;chb;CRMP;dimm;eIF4G1;Chd3;IKKbeta;Fim;Slip1;Flo1;Crk;DAAM;mbt;homer;RhoGAP1A;Cortactin;siz;par-6;Tsc1;Pten;Eaat1;Eb1;Cdk5alpha;cindr;kirre"
"GOBP_CELL_MORPHOGENESIS",0.000211774671749259,0.00748852031725669,-0.351471324719878,-1.60898377423678,0,485,"Abl;acj6;Act42A;Act57B;Act88F;arm;aurA;ck;csw;Lar;dsh;ena;Fas2;FER;grn;Hsp26;Hsp67Bc;numb;pip;pk;rb;rut;sgg;shi;sina;stau;tll;Egfr;betaTub85D;ptc;ush;bs;Tm2;ct;Wnt2;Ptp4E;Ptp99A;unk;Vinc;mew;zfh1;hh;mys;otk;C15;Gdi;fd96Cb;14-3-3zeta;Mbs;CanA1;Itpr;alpha-Cat;Lac;Lcch3;Rbp9;Dsor1;Uch;woc;Cdc42;htl;Sdc;cora;Gug;msn;dia;scat;cpb;fra;Mef2;Moe;Mvl;tsr;Wee1;wts;Ank;Hem;Ret;pnut;Cdk5;Nrx-IV;Rnp4F;cher;Hr38;Hr96;drl;tty;Lis-1;NetB;Rbf;Vang;mael;Khc-73;Fak;chb;Sin3A;CRMP;Lip3;wit;Fim;trio;Plap;Flo1;Crk;unc-13;mbt;Cortactin;par-6;RhoGAPp190;Pten;Lim1;Eaat1;Eb1;fz4;Cdk5alpha;beta4GalNAcTA;cert;Kank;cindr;kirre"
"GOBP_CELL_MORPHOGENESIS_INVOLVED_IN_NEURON_DIFFERENTIATION",0.000211014982063727,0.00748852031725669,-0.382358301175762,-1.68297526513645,0,318,"Abl;acj6;Act42A;Act57B;Act88F;ck;csw;Lar;dsh;ena;Fas2;grn;numb;pip;pk;rut;sgg;shi;sina;stau;tll;Egfr;betaTub85D;ptc;bs;ct;Wnt2;Ptp4E;Ptp99A;unk;Vinc;zfh1;hh;mys;otk;C15;Gdi;fd96Cb;14-3-3zeta;CanA1;alpha-Cat;Lcch3;Rbp9;Dsor1;Uch;Cdc42;htl;Sdc;Gug;msn;fra;Mef2;Mvl;tsr;Ank;Ret;Cdk5;Nrx-IV;Hr38;drl;Lis-1;NetB;Rbf;Vang;Khc-73;Fak;chb;Sin3A;CRMP;wit;Fim;trio;Flo1;Cortactin;par-6;RhoGAPp190;Pten;Lim1;Eaat1;Eb1;fz4;Cdk5alpha;beta4GalNAcTA;cindr"
"GOBP_CELL_PROJECTION_MORPHOGENESIS",0.000212224108658744,0.00748852031725669,-0.382081599096767,-1.70017441900339,0,351,"Abl;acj6;Act42A;Act57B;Act88F;arm;aurA;csw;Lar;dsh;ena;Fas2;grn;numb;pip;pk;rut;sgg;shi;sina;stau;tll;Egfr;betaTub85D;ptc;bs;ct;Wnt2;Ptp4E;Ptp99A;Vinc;zfh1;hh;mys;otk;C15;Gdi;fd96Cb;14-3-3zeta;Mbs;CanA1;alpha-Cat;Lac;Lcch3;Rbp9;Dsor1;Uch;Cdc42;htl;Sdc;cora;Gug;msn;scat;fra;Mef2;Mvl;tsr;Wee1;Ank;Hem;Ret;Cdk5;Nrx-IV;Hr38;drl;Lis-1;NetB;Vang;Khc-73;Fak;chb;Sin3A;CRMP;wit;trio;Plap;Flo1;unc-13;mbt;Cortactin;par-6;RhoGAPp190;Pten;Lim1;Eb1;fz4;Cdk5alpha;beta4GalNAcTA;Kank;cindr;kirre"
"GOBP_CELLULAR_RESPONSE_TO_HORMONE_STIMULUS",0.000211954217888936,0.00748852031725669,-0.350048524080678,-1.56377706044084,0,368,"acj6;adp;by;CkIIbeta;csw;dor;E(z);FER;ftz-f1;Galphas;grn;Hex-C;Hsc70-2;Ide;mor;Atpalpha;or;Pepck1;per;Pkc98E;Rm62;rut;sad;sgg;Su(var)2-10;tll;B52;Plc21C;mys;Ac76E;Bx42;hop;14-3-3zeta;Top1;gig;Calr;Psc;PpD3;Myo61F;Dsor1;Taf1;Phb2;Hmgs;blw;scat;Dif;Smyd3;Mef2;Moe;tsr;wts;Rel;Hr38;Hydr2;eIF4E1;Hr78;Hr96;Shc;Cpr;Rbf;Drip;Acer;sba;dos;Stat92E;CG2187;Rga;Orct;Gcn5;Fak;CtBP;Pi3K21B;Alas;Ac13E;vimar;Clk;chico;Neos;Crk;Sik2;Roc1a;tna;Ubc10;Axn;Ugt37C1;Ugt37A1;Kank;Hey;CAH1;sut3;Lnk"
"GOBP_CELLULAR_RESPONSE_TO_LIPID",0.000210349179638199,0.00748852031725669,-0.373786470893191,-1.6490493820747,0,322,"Abl;acj6;arr;cact;cn;csw;CycB;dor;FER;fz;Galphas;grn;Hsc70-2;mnd;Atpalpha;Pepck1;per;Pkc98E;Rm62;rut;sad;sgg;Su(var)2-10;tll;Egfr;ptc;Wnt2;Klp67A;Mdr65;Plc21C;Rap1;otk;Ac76E;Bx42;elB;hop;14-3-3zeta;Calr;Psc;PpD3;Jhe;hep;Taf1;htl;emp;pll;Phb2;Hmgs;atms;Spn;blw;scat;Dif;Smyd3;Mef2;Nos;wts;Ret;Rel;Hr38;Hydr2;eIF4E1;Hr78;Hr96;Shark;Drip;crq;Cdk4;snRNP-U1-70K;CG2187;Rga;mspo;Fak;Tsf1;Clk;chico;Plap;RhoGAP1A;CalpB;tna;Ubc10;Axn;Ugt37C1;Ugt37A1;fz4;CG4757;Kank;Hey"
"GOBP_CELLULAR_RESPONSE_TO_NITROGEN_COMPOUND",0.000212675457252233,0.00748852031725669,-0.345559901503296,-1.552188941758,0,392,"Abl;acj6;mAChR-A;nAChRbeta1;Act42A;adp;arm;by;csw;E(z);FER;Galphas;Gpdh1;grn;Hex-C;Hsf;Ide;mle;mnd;mor;Blm;Atpalpha;or;Pepck1;rut;sgg;spn-A;sr;Cdk2;B52;Plc21C;Rap1;mys;Ac76E;hop;14-3-3zeta;Top1;gig;Itpr;alpha-Cat;Galphaf;Lcch3;Myo61F;Dsor1;Taf1;Nmdar1;Hmgs;Spn;dia;blw;Dif;RyR;Mef2;tsr;Nca;Cdk5;Gycbeta100B;Rel;cher;Hr38;Shark;Shc;Cpr;Rbf;Drip;Acer;ATPsynO;sba;dos;Stat92E;CG2187;Orct;Gcn5;Fak;Pi3K21B;Alas;Ac13E;Sin3A;vimar;chico;Neos;Crk;Sik2;Roc1a;Eaat2;Eaat1;CG11403;RecQ5;Cdk5alpha;Kank;CAH1;sut3;Sur;Lnk;nAChRalpha5;trbl;Tollo;ssh"
"GOBP_CHROMOSOME_ORGANIZATION",0.000211148648648649,0.00748852031725669,-0.354101121392995,-1.55727477826633,0,313,"Abl;Act42A;Mps1;arm;aurA;CycB;dup;hay;Hsc70-1;Hsc70-2;Rcc1;mei-9;mor;mus101;Blm;okr;pk;rod;spn-A;spn-D;sw;Pp1-87B;Cdk2;neb;Klp67A;Klp68D;shtd;Rrp1;His3.3B;TfIIB;Top1;hep;128up;CycE;LamC;Phb2;Uch-L5;Iswi;Snr1;wts;ctp;Irbp;cher;CCT3;glu;nonA-l;tos;SMC3;Rab11;Rbf;mael;Pitslre;smid;Smg5;mre11;Gcn5;chb;Nup154;nudC;DCTN2-p50;san;robl;aurB;Bub3;Fen1;Hus1-like;Axn;CG11403;Eb1;CCT6;Tnks;Drep4;Ercc1"
"GOBP_CIRCULATORY_SYSTEM_DEVELOPMENT",0.000190041809198024,0.00748852031725669,0.335769419860657,1.52467203702064,0,494,"Act5C;AnxB10;Dll;bi;cad;eya;cta;cv-2;Pka-C3;dpp;Dr;emc;Actn;Jra;kto;Sos;Ca-alpha1D;l(2)gl;pho;robo2;Pkc53E;pnr;put;r;Ras85D;Ras64B;rl;sd;sl;smo;so;ss;tkv;Tm1;tup;usp;vap;Zw;Cdk1;up;Ptp10D;CrebA;Ten-m;pros;Fur2;N;Mlc-c;inaC;ci;Su(fu);sv;ple;PCNA;lbl;CanB;dpn;Wnt5;ATPsynbeta;Rac1;AP-1-2beta;Dcp-1;fbl;Sema1a;Sema2a;HLH3B;byn;E2f1;Aldh;Calx;Rac2;Rho1;croc;sty;Mlp84B;Nf1;Pi3K68D;jumu;unpg;p38a;ara;wun;fz2;Ork1;toy;Drice;pug;Pdk1;Dad;Spred;Ptx1;Xbp1;gbb;Sirt1;p38b;Actbeta;Mat1;Scgdelta;Bap60;PlexB;PlexA;Smox;HDAC3;Eph;Mhcl;Rok;Nipped-B;SPARC;Gmap;Ulp1;CG2082;MBD-like;ric8a;l(1)G0289;Ilk"
"GOBP_CRANIAL_NERVE_MORPHOGENESIS",0.000198059021588433,0.00748852031725669,0.791471218120371,2.00497062442357,0,15,"nAChRalpha1;tj;Sh;so;sv;Sema2a;tap;PlexB;PlexA;Eph;Adar"
"GOBP_DEFENSE_RESPONSE_TO_OTHER_ORGANISM",0.000211819529760644,0.00748852031725669,-0.324012662673297,-1.45151506126673,0,378,"aurA;ben;cact;Cam;csw;dx;Gapdh1;grn;Hex-C;Hsc70-2;Prosbeta6;mle;Rpn8;neur;Pkc98E;Pu;rb;ref(2)P;rk;sta;Su(dx);betaTub85D;mts;Ac76E;hop;Gdi;14-3-3zeta;Myo61F;Cdc42;RNaseX25;pll;Phb2;Dif;Iswi;Mvl;Nos;wts;Irbp;Rab2;Rel;cher;Vps26;Pi3K59F;Pi3K92E;Rpt2;Shark;Ubc4;abs;Cul1;nonA-l;nrv1;Rab19;Drip;Stat92E;Ubc84D;mspo;stumps;Pi3K21B;Tsf1;Sin3A;RpL39;Prosbeta2;Prosalpha7;IKKbeta;Crk;Torsin;Roc1a;Srpk79D;Ubc10;Prosbeta3;CG2930;Rpt5;Rpt4;Rpt3;Rpn6;Rpn5;Rpn2;Rpn12;Rpn11;Rpn1;CG3473;AlaRS-m;Tollo;REG;Prosbeta5;Btnd;Ppt1;CG1785;CG12121;Usp7;Set2;Tat;PGRP-LE;CG5445;Ubqn;cactin;CG15445;galectin;CG11374;CG17075;Prosbeta4R2;CG3165;OtopLb"
"GOBP_DEVELOPMENTAL_GROWTH",0.000209819555182543,0.00748852031725669,-0.361220977013514,-1.59926806242922,0,331,"Abl;acj6;nAChRbeta1;adp;arm;asp;aurA;by;salr;csw;CycB;dsh;eas;E(z);FER;ftz-f1;fz;Galphas;grn;Hsf;lz;pk;prd;sgg;shi;tld;Egfr;ptc;ush;bs;Wnt2;Vinc;zfh1;Plc21C;hh;mys;Su(H);otk;Gdi;CanA1;htl;Sply;Gug;scat;babo;fra;Mad;Mef2;Moe;tsr;wts;Cdk5;drl;Cpr;Lis-1;NetB;Vang;mael;sba;Stat92E;Gcn5;chb;Sin3A;wit;Fim;Plap;Oamb;ari-2;Optix;unc-13;mbt;Cortactin;CalpB;tna;X11L;Taf10b;Pten;Lim1;Eaat2"
"GOBP_DNA_TEMPLATED_TRANSCRIPTION_ELONGATION",0.000204792135981978,0.00748852031725669,-0.471304253665659,-1.81489458593515,0,106,"arm;e(y)2;E(z);hay;dre4;su(sable);Pp1-87B;mts;hh;fs(1)h;Dsor1;TfIIFalpha;TH1;TfIIFbeta;TfIIS;atms;Rnp4F;Nelf-E;asun;Cbp80;EloB;MED6;CycT;Axn;MED18;RecQ5;NELF-B;MED15;chm;spt4;Spt6"
"GOBP_EMBRYO_DEVELOPMENT_ENDING_IN_BIRTH_OR_EGG_HATCHING",0.000188893086513034,0.00748852031725669,0.352564247528236,1.56969110368157,0,381,"bru1;Dll;bi;cad;Pka-C1;eya;cta;dpp;Dr;en;fkh;tj;fy;in;Jra;kto;dlg1;l(2)gl;Myb;nau;Fib;put;rl;run;sd;smo;so;sog;sub;tkv;tup;usp;yrt;Ubc6;Fur1;pros;Fur2;drk;N;ci;bap;eIF2beta;Su(fu);sv;RpL7;pie;dpn;Wnt5;bys;Wnt4;Dcp-1;SsRbeta;pelo;Sema2a;Ssdp;byn;Aldh;CalpA;not;alien;Su(Tpl);croc;gcm;Nf1;Rala;oxt;spel1;unpg;Nlp;fz2;toy;pug;Abi;Ptx1;Taf8;bon;aay;CG32809;gbb;stan;scf;Bap55;PlexB;PlexA;Smox;HDAC3;Eph;Mhcl;Tip60;TTLL4A;SAK;Nipped-B;CSN3;Six4;CG6191;Ulp1;MBD-like;ric8a;Taf10"
"GOBP_EMBRYONIC_MORPHOGENESIS",0.00018964536317087,0.00748852031725669,0.386400699129062,1.68809265862491,0,314,"Dll;bi;Pka-C1;eya;cta;dpp;Dr;emc;en;fkh;tj;fy;H2.0;Hsp23;in;kto;dlg1;Sos;Ca-alpha1D;l(2)gl;nau;osp;pnr;put;rl;run;Sce;sd;smo;so;Sod1;sub;tkv;tsh;yrt;Klp98A;Ten-m;slp2;pros;drk;N;ci;bap;Hnf4;Su(fu);sv;ple;lbl;dpn;Wnt5;Rac1;Wnt4;Dcp-1;CG10939;Sema2a;HLH3B;lbe;byn;Aldh;Chi;Rac2;croc;gcm;sty;Rala;jumu;tap;unpg;HDAC1;ara;wun;fz2;Atu;toy;pug;Ptx1;Hira;bon;Hs2st;gbb;stan;Actbeta;PlexB;Smox;Eph;Rok;Nipped-B;SPARC;Six4;CG6191;CG2082;ric8a;Taf10"
"GOBP_EMBRYONIC_ORGAN_DEVELOPMENT",0.00019293845263361,0.00748852031725669,0.403331007214337,1.70916120096205,0,233,"Dll;bi;cad;eya;dpp;Dr;emc;en;tj;fy;H2.0;Hsp23;Jra;kto;dlg1;l(2)gl;Myb;nau;osp;pnr;rl;run;sd;smo;so;Sod1;tkv;tra2;tsh;slp2;pros;Fur2;drk;N;ci;bap;Su(fu);sv;ple;lbl;dpn;Wnt5;Rac1;Wnt4;CG10939;HLH3B;Aldh;Rac2;croc;gcm;sty;jumu;tap;unpg;fz2;toy;pug;Ptx1;bon;gbb;RpL10;PlexB;PlexA;Smox;Eph;SAK;Nipped-B;SPARC;Rad23;Six4;Ulp1;CG2082;MBD-like;Taf10;lqf"
"GOBP_EMBRYONIC_ORGAN_MORPHOGENESIS",0.000194704049844237,0.00748852031725669,0.444145737057731,1.79392816868555,0,155,"Dll;bi;eya;dpp;Dr;emc;tj;fy;H2.0;Hsp23;kto;dlg1;nau;osp;pnr;rl;run;sd;smo;so;Sod1;tsh;slp2;pros;N;bap;Su(fu);sv;ple;lbl;dpn;Wnt5;Rac1;Wnt4;CG10939;Aldh;Rac2;croc;sty;jumu;tap;unpg;fz2;toy;pug;Ptx1;gbb;Smox;Eph;Nipped-B;SPARC;Six4;CG2082"
"GOBP_EPITHELIAL_CELL_DIFFERENTIATION",0.000189609404626469,0.00748852031725669,0.368155283743926,1.59921952175277,0,297,"Ald1;awd;Dll;bi;cad;Dab;Sap-r;dnc;Pka-C3;dpp;Dr;emc;fkh;tj;ft;Grd;Hsp23;in;Jra;osp;pnr;put;r;ry;sev;smo;so;Sod1;yrt;Cdk1;porin;Ptp10D;ex;pros;N;ci;bap;sv;PCNA;noc;CanB;dpn;Wnt5;Gel;Rac1;Wnt4;Dcp-1;CG10939;pelo;lark;Pp2B-14D;Rac2;Rho1;croc;sty;tap;Rab10;HDAC1;Lgr1;sktl;toy;Drice;Rfx;Pdk1;Abi;Spred;Ptx1;Xbp1;cyc;fus;sns;gbb;Actbeta;Rilpl;Smox;Eph;Rok;msk;SAK"
"GOBP_EXPORT_FROM_CELL",0.000190294957183635,0.00748852031725669,0.327813271722133,1.4787831005537,0,447,"Ace;nAChRalpha1;nAChRalpha2;Ald1;AnxB10;bi;BicD;Pka-C1;Dab;dpp;EcR;fkh;tj;Gdh;Galphai;Galphao;kar;Khc;dlg1;l(2)gl;Raf;Pkc53E;put;sei;Sh;Syb;tup;wbl;nAChRbeta2;5-HT1A;Syt1;CrebA;Galphaq;Fur1;Rop;Fur2;N;inaC;TkR86C;Hnf4;por;sv;Shal;Rab3;Gel;Rac1;AP-1-2beta;SerT;l(2)03659;lark;Pp2B-14D;nSyb;Syx1A;nuf;Calx;Rac2;Nf1;Pi3K68D;Rala;nrv2;Rab10;phr6-4;sktl;Ork1;Surf4;14-3-3epsilon;Rfx;Pdk1;Osbp;cyc;Dap160;CG32809;Ac78C;gbb;Actbeta;Rab27;AkhR;moody;scf;Smox;Mgstl;Mhcl;Drp1;Rip11;Stam;Pfrx;Syt4;Hrd3;Rich;sut2;sut1;Fmr1"
"GOBP_FILOPODIUM_ASSEMBLY",0.0002040399918384,0.00748852031725669,-0.631476962990852,-2.02013504385379,0,39,"ena;neur;ninaC;shi;stau;bs;mys;Cdc42;Itgbn;Spn;babo;Moe;tty;Pi3K21B;CRMP;DAAM;cindr"
"GOBP_GROWTH",0.000211059518784297,0.00748852031725669,-0.346992913588346,-1.57538157969934,0,446,"Abl;acj6;nAChRbeta1;adp;arm;asp;aurA;by;salr;csw;CycB;dsh;eas;Eno;E(z);FER;ftz-f1;fz;Galphas;grn;Hsc70-2;Hsf;Hsp26;Hsp67Bc;lz;pk;prd;sax;sgg;shi;Su(dx);tld;Egfr;ptc;ush;bs;mts;Wnt2;neb;Vinc;zfh1;Plc21C;hh;mys;His3.3B;Su(H);otk;Gdi;14-3-3zeta;CanA1;Cdc42;htl;Sply;Gug;Spn;scat;l(2)efl;babo;fra;Mad;Mef2;Moe;tsr;wts;Cdk5;Set;drl;Cpr;Lis-1;NetB;Rbf;Vang;mael;Pitslre;sba;Stat92E;Gcn5;Rack1;chb;Sin3A;Cbp80;RhoGEF2;eIF4G1;wit;Fim;Plap;Crk;Oamb;ari-2;Optix;unc-13;mbt;Cortactin;CalpB;tna;X11L;Taf10b;Pten;Lim1;Eaat2;cindr;Hey;chm;Ercc1"
"GOBP_HEAD_DEVELOPMENT",0.000210260723296888,0.00748852031725669,-0.367697972055763,-1.66884004521112,0,442,"Abl;acj6;Act42A;Act88F;Pfas;Gart;arm;arr;asp;Cam;salr;csw;E(bx);exd;E(z);fu;fz;grn;hook;hth;kz;mnd;Atpalpha;numb;pk;Poxm;rdgB;sgg;svp;tll;Egfr;betaTub85D;ptc;zen;bs;Wnt2;neb;zfh1;Plc21C;hh;mys;Su(H);fd96Cb;14-3-3zeta;ey;Psc;alpha-Cat;Lac;Lcch3;Rbp9;Dsor1;Cdc42;Taf1;htl;Nmdar1;Sply;Gug;Spn;msn;dia;Uch-L5;Iswi;Mad;tsr;ctp;Awh;Cdk5;Nrx-IV;cher;Hr38;drl;otp;ktub;Lis-1;nrv1;Drip;ATPsynCF6;Cdk4;ATPsynB;sfl;Gcn5;Ag5r2;Sin3A;btv;Chd3;CG3857;chico;Crk;PHDP;Optix;RhoGAP1A;OdsH;tna;Tsc1;RhoGAPp190;Pten;Lim1;Grip84;Eaat2;Eaat1;Axn;fz4;Cdk5alpha;beta4GalNAcTA"
"GOBP_HEART_DEVELOPMENT",0.000191864927091328,0.00748852031725669,0.369381509909431,1.59627595959909,0,283,"bi;eya;dpp;Dr;emc;Actn;Jra;kto;Sos;Ca-alpha1D;pho;robo2;pnr;put;r;Ras85D;rl;sd;smo;so;tkv;Tm1;tup;usp;Zw;Cdk1;up;Ptp10D;Ten-m;pros;Fur2;N;Mlc-c;ci;Su(fu);sv;ple;PCNA;lbl;CanB;dpn;Wnt5;Rac1;AP-1-2beta;Dcp-1;byn;Aldh;Calx;Rac2;Rho1;croc;sty;Mlp84B;Nf1;jumu;p38a;ara;Ork1;Drice;pug;Dad;Spred;Ptx1;gbb;p38b;Actbeta;Mat1;Scgdelta;Bap60;PlexB;PlexA;Smox;HDAC3;Eph;Mhcl;Rok;Nipped-B;Gmap;Ulp1;CG2082;MBD-like;Ilk"
"GOBP_HEMOPOIESIS",0.000211014982063727,0.00748852031725669,-0.372727927705936,-1.69937700379492,0,463,"Abl;acj6;Act42A;aop;arm;ash2;cact;csw;dx;exd;E(z);FER;fz;grn;Gs2;Hsc70-2;Hsc70-5;Hsf;hth;CIAPIN1;Catsup;Prosbeta6;lz;mor;Mp20;Pepck1;pnt;rb;sesB;sr;Su(dx);Su(var)2-10;Egfr;trx;betaTub85D;ush;zen;bs;tin;Tm2;Ser;Ptp99A;RpS14b;Ets97D;zfh1;hh;fs(1)h;mys;retn;Su(H);hop;Psc;nvy;slbo;CanA1;Cdc42;htl;TfIIS;Sply;Srp54k;atms;dia;scat;Dif;babo;fng;Mad;Mef2;Mvl;Snr1;Hem;Irbp;Bgb;Bro;Rnp4F;cher;Pi3K92E;RpL22;Shark;Lis-1;Rbf;Acer;Cdk4;dos;Stat92E;Sp1;Gcn5;Fak;Pi3K21B;Alas;Tsf1;Pur-alpha;Sin3A;Prosalpha7;Lip3;Rbcn-3B;Irp-1B;ari-2;RhoGAP1A;CG14818;tna;Tsc1;Prosbeta3;Eaat1;drosha;Dyrk3;lili;nito;kirre;chm;Tob;Ercc1;Vha100-3;Vha100-2;Vha100-1;Lnk;trbl;onecut;Tollo;Prosbeta5"
"GOBP_LEUKOCYTE_DIFFERENTIATION",0.000208768267223382,0.00748852031725669,-0.394268053098665,-1.71893674565746,0,283,"Abl;acj6;Act42A;arm;csw;dx;exd;E(z);FER;fz;grn;Hsf;Catsup;Prosbeta6;lz;mor;Pepck1;rb;sesB;sr;Su(var)2-10;Egfr;trx;ush;bs;tin;Ser;zfh1;hh;fs(1)h;mys;retn;Su(H);hop;Psc;nvy;slbo;CanA1;Cdc42;Srp54k;dia;scat;Dif;fng;Snr1;Hem;Irbp;Bgb;Bro;Pi3K92E;RpL22;Shark;Lis-1;Rbf;Cdk4;dos;Stat92E;Gcn5;Fak;Pi3K21B;Tsf1;Prosalpha7;Lip3;Irp-1B;CG14818;tna;Tsc1;Prosbeta3;drosha;lili;chm;Tob;Vha100-3;Vha100-2;Vha100-1;trbl;onecut;Tollo;Prosbeta5;raptor;Btnd"
"GOBP_LOCOMOTION",0.000212269157291446,0.00748852031725669,-0.332473948247993,-1.51587072721896,0,466,"Abl;acj6;mAChR-A;arm;CkIIbeta;ena;E(z);FER;grn;Gs2;if;janA;LanA;Mp20;Atpalpha;net;numb;Pgi;Pkc98E;pnt;sax;sgg;svp;tll;Egfr;betaTub85D;bs;Tm2;Ser;Wnt2;Ptp4E;Ptp99A;neb;Vinc;mew;zfh1;Plc21C;TkR99D;hh;mys;elB;hop;gig;Calr;dac;CanA1;alpha-Cat;Myo61F;Dsor1;Cdc42;LamC;Ror;Sdc;emp;lwr;Srp54k;msn;blw;babo;Mef2;Moe;Nos;tsr;Hem;Ret;CASK;Cdk5;cher;Hr38;Hydr2;Pi3K92E;Shark;drl;NetB;nrv1;Rab11;Drip;crq;Acer;Cdk4;dos;Stat92E;Rh6;Fak;Rack1;Pi3K21B;chb;Sin3A;CRMP;fray;wit;chico;Plap;Crk;DAAM;RhoGAP1A;Cortactin;Timp;Rlip;siz;par-6;RhoGAPp190;Pten;fz4;Amph;Kank;glob1;Sur;trbl;Spn55B;onecut;nerfin-1;Smurf;ssh"
"GOBP_LYMPHOCYTE_ACTIVATION",0.000212539851222104,0.00748852031725669,-0.333391935930242,-1.47987086361857,0,345,"Abl;nAChRbeta1;Act42A;arm;csw;dx;exd;E(z);ftz-f1;fz;grn;Catsup;Prosbeta6;lz;mor;Pepck1;ras;rb;sesB;sr;Su(dx);Egfr;trx;ush;bs;tin;Ser;zfh1;TkR99D;hh;fs(1)h;mys;Su(H);hop;14-3-3zeta;Psc;CanA1;CycD;Sdc;Phb2;Dif;fng;Mef2;Pms2;Moe;Mvl;Snr1;Hem;Irbp;Bgb;Bro;Fkbp12;Pi3K92E;RpL22;Shark;tos;Cdk4;Stat92E;Khc-73;Cbl;Gcn5;Fak;Pi3K21B;Pur-alpha;Prosalpha7;Lip3;Fim;chico;Roc1a;Hmt4-20;tna;Tsc1;Prosbeta3;drosha;lili;cindr;chm;Ercc1;Vha100-3;Vha100-2;Vha100-1;Spt6;onecut;Prosbeta5"
"GOBP_MITOTIC_CELL_CYCLE_PROCESS",0.000210970464135021,0.00748852031725669,-0.330022042879231,-1.50249632095759,0,456,"Act42A;Mps1;arr;aurA;Cam;Chc;csw;CycB;ecd;exd;E(z);dup;hay;Hsc70-1;Hsc70-2;Prosbeta6;Rcc1;mor;mus101;Blm;pk;rod;sax;shi;spn-A;spn-D;Su(var)2-10;sw;Egfr;Pp1-87B;Cdk2;mts;neb;Klp67A;Klp68D;shtd;Mdr49;Plc21C;fs(1)h;mys;Xpc;His3.3B;Eip63E;Cks30A;CycD;128up;Cdc42;CycE;lwr;Spn;babo;Iswi;Moe;RnrL;RnrS;Snr1;tsr;Wee1;wts;Ank;ctp;Cdc2rk;cher;Mcm2;eIF4E1;glu;Cul1;SMC3;Lis-1;Rab11;Rbf;dpa;Cdk4;mre11;ko;Gcn5;asun;chb;nudC;DCTN2-p50;Sin3A;qkr58E-2;Prosbeta2;Prosalpha7;eIF4G1;san;robl;aurB;Bub3;unc-119;Roc1a;Mcm6;Taf10b;Pten;Prosbeta3;Hus1-like;Eb1;RecQ5;Tnks;Kank;htt;Ankle2;Lnk;Dd;aru;REG;Prosbeta5"
"GOBP_MONONUCLEAR_CELL_DIFFERENTIATION",0.000208073241781107,0.00748852031725669,-0.403736329750449,-1.720100357293,0,232,"Abl;Act42A;arm;csw;dx;exd;E(z);FER;fz;grn;Hsf;Catsup;Prosbeta6;lz;mor;Pepck1;rb;sesB;sr;Egfr;trx;ush;bs;tin;Ser;zfh1;hh;fs(1)h;mys;retn;Su(H);hop;Psc;slbo;CanA1;Cdc42;dia;scat;Dif;fng;Snr1;Hem;Irbp;Bgb;Bro;Pi3K92E;RpL22;Shark;Rbf;Cdk4;dos;Stat92E;Gcn5;Fak;Pi3K21B;Prosalpha7;Lip3;tna;Tsc1;Prosbeta3;drosha;lili;chm;Vha100-3;Vha100-2;Vha100-1;trbl;onecut;Prosbeta5"
"GOBP_MORPHOGENESIS_OF_AN_EPITHELIUM",0.000193760899050572,0.00748852031725669,0.365448101861025,1.55632692822566,0,245,"Act5C;Dll;bi;Pka-C1;eya;cta;Pka-C3;dpp;Dr;emc;fkh;fy;in;kel;kto;dlg1;Sos;l(2)gl;peb;pnr;Ras85D;sd;smo;so;sub;yrt;pros;drk;N;ci;Su(fu);sv;lbl;CanB;dpn;Wnt5;Wnt4;Dcp-1;CG10939;Sema2a;lbe;Aldh;Rho1;croc;gcm;sty;Rala;jumu;unpg;Rab10;ara;fz2;pug;Ptx1;bon;fus;Hs2st;gbb;stan;PlexB;PlexA;Smox;Eph"
"GOBP_MULTICELLULAR_ORGANISMAL_LEVEL_HOMEOSTASIS",0.000210260723296888,0.00748852031725669,-0.338434768066675,-1.53602558774991,0,442,"Abl;Act42A;arm;by;csw;CycB;E(z);Galphas;grn;gro;Gs2;Hsc70-2;Hsc70-5;Hsf;kn;Prosbeta6;LanA;mnd;per;pk;pnt;rb;ref(2)P;rk;rut;sesB;sr;trx;ush;bs;tin;mts;Vinc;RpS14b;zfh1;hh;mys;Su(H);Ac76E;hop;piwi;slbo;Vha55;CanA1;Tbh;TfIIS;dia;scat;babo;fra;Mad;Mef2;Mvl;Nos;Hem;Rnp4F;mirr;Hr38;Hr96;Pi3K92E;Shark;ksr;ktub;nrv1;Rab7;Rbf;Drip;caup;Cdk4;Stat92E;lig;Fak;Alas;Nle;Ac13E;yps;fray;Prosalpha7;eIF4G1;Lip3;Pgam5;Irp-1B;CNT2;RhoGAP1A;CG14818;promL;Prosbeta3;Eaat1;Dyrk3;cindr;Mtch;chm;Vha100-3;Vha100-2;Vha100-1;Sur;Lnk;Prosbeta5;Hml;sotv"
"GOBP_MUSCLE_CELL_DIFFERENTIATION",0.000193573364305072,0.00748852031725669,0.401040410768917,1.71148775238249,0,250,"Act5C;RpLP0;bi;dpp;Dr;eag;emc;Actn;Ca-alpha1D;pho;RpLP1;RpL32;nau;Pgm1;pnr;Ras85D;RpLP2;RpL4;smo;so;sqh;tkv;Tm1;tup;RpL40;usp;Zw;Cdk1;up;pros;N;RpL7;lbl;RpL23;dpn;Wnt5;RpL18A;Dcp-1;heph;Sema2a;lbe;lark;Pp2B-14D;CalpA;Calx;RpL7A;Mlp84B;mbc;p38a;HDAC1;ara;CaMKI;Cdk9;Drice;Ptx1;Xbp1;Hira;syd;sns;Sirt1;RpL10;p38b;Scgdelta;Bap60;HDAC3;Mhcl;Six4;goe;drpr"
"GOBP_MUSCLE_CONTRACTION",0.000194741966893866,0.00748852031725669,0.418339325652978,1.73752264794897,0,196,"nAChRalpha1;nAChRalpha2;Ald1;AnxB10;RpLP0;Pka-C1;dnc;eEF2;Actn;for;Galphao;Hsp83;dlg1;Ca-alpha1D;RpLP1;RpL32;pnr;RpLP2;RpL4;sei;Sh;slo;Sod1;sqh;Tm1;RpL40;nAChRbeta2;up;5-HT7;Mlc-c;TkR86C;Shal;RpL7;Pabp2;RpL23;Gel;RpL18A;Dop1R1;Ance;Gycalpha99B;Calx;Rho1;RpL7A;Mlp84B;Pi3K68D;mbc;tap;Dad;arg;RpL10;GluClalpha;Scgdelta;Rok"
"GOBP_MUSCLE_STRUCTURE_DEVELOPMENT",0.000189501610763691,0.00748852031725669,0.375123906433105,1.66787680623004,0,377,"nAChRalpha1;nAChRalpha2;Act5C;RpLP0;bi;brm;dpp;Dr;eag;eEF2;emc;Actn;H2.0;Hsp23;Hsp67Ba;Ca-alpha1D;pho;RpLP1;RpL32;nau;Pgm1;pnr;Ras85D;RpLP2;RpL4;sd;smo;so;sqh;tkv;Tm1;tup;RpL40;usp;Zw;Cdk1;nAChRbeta2;up;pros;N;Mlc-c;sv;RpL7;lbl;RpL23;dpn;Wnt5;RpL18A;Dcp-1;heph;Sema2a;lbe;lark;byn;Pp2B-14D;CalpA;MED20;alien;Calx;Ask1;Rho1;RpL7A;croc;mof;Mlp84B;Nf1;mbc;tap;p38a;HDAC1;ara;CaMKI;Pdp1;Cdk9;Drice;Dad;Ptx1;Xbp1;Hira;cyc;AMPKalpha;syd;sns;Sirt1;RpL10;p38b;Scgdelta;Bap60;Bap55;mtm;Smox;HDAC3;Eph;Mhcl;Tip60;Adar;myo;Ass;Hmg-2;Six4;goe;drpr;ball"
"GOBP_MUSCLE_SYSTEM_PROCESS",0.0001933114247052,0.00748852031725669,0.423386244758967,1.79594063248334,0,236,"nAChRalpha1;nAChRalpha2;Ald1;AnxB10;RpLP0;Pka-C1;dnc;eEF2;Actn;for;Galphai;Galphao;Hsp83;Jra;dlg1;Ca-alpha1D;pho;RpLP1;RpL32;nau;Pkc53E;pnr;RpLP2;RpL4;sei;Sh;slo;Sod1;sqh;Tm1;RpL40;Zw;nAChRbeta2;up;5-HT7;N;Mlc-c;TkR86C;Shal;RpL7;Pabp2;RpL23;Gel;RpL18A;Dop1R1;Pp2B-14D;Ance;Gycalpha99B;Calx;Rho1;RpL7A;Mlp84B;Pi3K68D;mbc;tap;HDAC1;Dad;arg;RpL10;GluClalpha;Scgdelta;Smox;Rok;myo"
"GOBP_MYELOID_CELL_DIFFERENTIATION",0.000208637596494888,0.00748852031725669,-0.396875400190467,-1.69422229799165,0,239,"acj6;arm;cact;csw;FER;grn;Gs2;Hsc70-2;Hsc70-5;Hsf;hth;lz;pnt;rb;sesB;Su(var)2-10;betaTub85D;ush;bs;tin;Tm2;Ser;RpS14b;Ets97D;mys;retn;Su(H);hop;nvy;slbo;Cdc42;TfIIS;Srp54k;atms;dia;scat;Dif;babo;Mad;Mef2;Mvl;Hem;Bgb;Bro;cher;Pi3K92E;Lis-1;Rbf;Cdk4;dos;Stat92E;Fak;Pi3K21B;Alas;Tsf1;Pur-alpha;Lip3;Irp-1B;CG14818;Eaat1;Dyrk3;nito;chm;Tob;Vha100-3;Vha100-2;Vha100-1;Lnk;trbl;Tollo"
"GOBP_NEGATIVE_REGULATION_OF_CELL_DIFFERENTIATION",0.00021079258010118,0.00748852031725669,-0.378410414662307,-1.66323235117131,0,311,"acj6;Act42A;arm;arr;asp;cact;csw;dx;exd;E(z);ftz-f1;fz;grn;hook;Hsc70-5;hth;if;Prosbeta6;lz;mor;pk;sax;sgg;Su(var)2-10;tll;Egfr;ptc;ush;mts;Ser;Wnt2;Ets97D;B52;zfh1;zfh2;hh;mys;Su(H);C15;hop;Gdi;14-3-3zeta;Calr;nvy;Ets98B;alpha-Cat;Lac;atms;babo;fra;tsr;Wee1;Bgb;Bro;Cdk5;mirr;eIF4E1;drl;NetB;Rbf;caup;Cdk4;Stat92E;Fak;Pi3K21B;Atet;Su(z)12;RpL3;Tsf1;CRMP;dimm;Prosalpha7;trio;Tnpo;Optix;Roc1a;DAAM;Pten;Prosbeta3;Axn;botv;nito;NELF-B;Hey;Tob;Sur;trbl;Tollo;SoxN;Prosbeta5"
"GOBP_NEGATIVE_REGULATION_OF_DEVELOPMENTAL_PROCESS",0.00021079258010118,0.00748852031725669,-0.351512283594585,-1.59365138957367,0,437,"acj6;Act42A;adp;arm;arr;asp;cact;Col4a1;csw;dx;exd;E(z);ftz-f1;fz;Galphas;grn;hook;Hsc70-5;hth;if;Prosbeta6;lz;RpL36;mor;pk;sax;sgg;Su(var)2-10;tld;tll;Egfr;ptc;ush;vls;mts;Ser;Wnt2;Ets97D;B52;zfh1;zfh2;hh;mys;Su(H);C15;hop;Gdi;14-3-3zeta;Calr;nvy;Ets98B;alpha-Cat;Lac;htl;atms;RpL13;Dif;babo;fra;Nos;tsr;Wee1;RpL11;Bgb;Bro;Cdk5;mirr;eIF4E1;Pi3K92E;Shc;drl;RpL9;NetB;Rbf;caup;Cdk4;RpL29;Stat92E;RpL14;Fak;Pi3K21B;Atet;Su(z)12;RpL3;Tsf1;Sin3A;CRMP;dimm;RpL39;Prosalpha7;trio;Tnpo;Optix;Roc1a;DAAM;RhoGAP1A;RpL23A;Pten;Prosbeta3;Axn;botv;nito;NELF-B;Kank;Hey;Tob;Sur;RpL15;trbl;Tollo;SoxN;Prosbeta5"
"GOBP_NEGATIVE_REGULATION_OF_DNA_TEMPLATED_TRANSCRIPTION_ELONGATION",0.000202675314146737,0.00748852031725669,-0.762362118174882,-2.07636470911444,0,19,"E(z);su(sable);Pp1-87B;hh;TH1;Nelf-E;Axn;RecQ5;NELF-B;spt4"
"GOBP_NEGATIVE_REGULATION_OF_MULTICELLULAR_ORGANISMAL_PROCESS",0.000210837022981235,0.00748852031725669,-0.346430533583683,-1.56964228365993,0,435,"acj6;adp;arm;cact;Col4a1;csw;dx;ena;FER;ftz-f1;fz;Galphas;grn;gro;hook;Hsc70-5;Hsf;if;Prosbeta6;LanA;lz;Atpalpha;pk;rk;sgg;Su(dx);Su(var)2-10;tll;Egfr;ptc;ush;vls;bs;mts;Wnt2;Ptp4E;Ptp99A;B52;TkR99D;hh;mys;Su(H);Ac76E;C15;hop;Gdi;14-3-3zeta;Calr;Rox8;alpha-Cat;GstS1;Lac;LamC;Sdc;pll;Phb2;Dif;babo;fra;Mef2;Mvl;Nos;Hem;Pxn;Bgb;Bro;Cdk5;Fkbp12;Rel;Pi3K92E;Shc;drl;NetB;Rbf;Cdk4;Stat92E;Cbl;Fak;Pi3K21B;Tsf1;Sin3A;CRMP;fray;Prosalpha7;Pgam5;wit;IKKbeta;Oamb;Roc1a;DAAM;homer;RhoGAP1A;Timp;Pten;Prosbeta3;STUB1;Amph;botv;cindr;glob1;Hey;Tob;Sur;Lnk;nAChRalpha5;trbl;Spn55B;Tollo;Prosbeta5"
"GOBP_NEGATIVE_REGULATION_OF_PROGRAMMED_CELL_DEATH",0.000211059518784297,0.00748852031725669,-0.338019101518451,-1.53134770683927,0,433,"Abl;acj6;arm;arr;aurA;capu;Dip-C;Eno;fz;grn;gro;Hsc70-2;Hsc70-5;Hsp26;Hsp67Bc;if;CIAPIN1;mnd;Pgi;Pkc98E;prd;ref(2)P;sax;sesB;sgg;sina;Su(dx);Su(var)2-10;tll;Egfr;Csp;Wnt2;Ptp99A;neb;mew;B52;hh;mys;hop;fd96Cb;14-3-3zeta;Psc;PpD3;alpha-Cat;Dsor1;CycD;htl;LamC;Phb2;msn;scat;Dif;l(2)efl;babo;Mad;Mef2;Nos;RnrS;tsr;Hem;Pxn;Nmda1;mtd;Rel;cher;CG11899;Hr38;Set;Pi3K92E;Shc;Cpr;P5cr;Rbf;Drip;mael;Stat92E;RpS3A;Cbl;ATPCL;mre11;Gcn5;Fak;Rack1;Pi3K21B;Tsf1;Sin3A;CG3857;chico;mbt;Cortactin;CalpB;Timp;Dronc;Eaat1;CG1307;STUB1;CSN5;Dyrk3;Madm;Kank;cindr;htt;Hey;Ankle2;Drep3"
"GOBP_NEGATIVE_REGULATION_OF_TRANSCRIPTION_BY_RNA_POLYMERASE_II",0.000211909302818394,0.00748852031725669,-0.357873440530603,-1.61047168919838,0,400,"acj6;adp;aop;arm;aurA;cact;salr;dwg;E(bx);Eno;esc;E(z);grn;gro;Hsc70-2;Hsf;hth;stc;lz;E(spl)m3-HLH;Mp20;ovo;Pc;per;pnt;ref(2)P;Rm62;shn;skd;sr;Su(dx);su(sable);Su(var)2-10;svp;tll;ptc;ush;zen;Cdk2;ct;RpS14b;Ets97D;zfh1;zfh2;hh;sim;Su(H);Bx42;14-3-3zeta;Calr;Psc;nvy;slbo;Ets98B;dac;CycD;Taf1;CycE;htl;lwr;atms;Gug;Dif;Smyd3;Mad;Mef2;Moe;Gem3;Bgb;Bro;Deaf1;Rel;mirr;Hr38;Hr78;Hr96;Orc2;nonA-l;otp;Rbf;caup;mael;Acer;Cdk4;Stat92E;Nelf-E;Rga;Max;Gcn5;CtBP;Su(z)12;Pur-alpha;Sin3A;qkr58E-2;EloB;Chd3;Neos;Sik2;Roc1a"
"GOBP_NEGATIVE_REGULATION_OF_TRANSCRIPTION_ELONGATION_BY_RNA_POLYMERASE_II",0.000201897839693115,0.00748852031725669,-0.795938800855742,-2.04768466749262,0,15,"E(z);Pp1-87B;hh;TH1;Nelf-E;Axn;RecQ5;NELF-B"
"GOBP_NEURON_PROJECTION_EXTENSION",0.000204331834899877,0.00748852031725669,-0.528195918622844,-1.95255582414933,0,81,"Abl;acj6;arm;aurA;dsh;pk;sgg;shi;bs;Vinc;mys;Gdi;CanA1;Cdk5;drl;Lis-1;NetB;chb;Sin3A;wit;Plap;unc-13;mbt;Cortactin"
"GOBP_ORGANELLE_LOCALIZATION",0.00021381227282446,0.00748852031725669,-0.33994383191365,-1.51558004423145,0,363,"Mps1;arm;asp;aurA;Cam;capu;ck;cm;CycB;dor;FER;dup;grn;gro;hook;or;rb;rod;shi;sw;neb;Klp67A;Klp68D;Syn;mys;His3.3B;cdi;14-3-3zeta;Klc;Myo61F;Dsor1;Uch;Cdc42;LamC;Sdc;Snap25;Moe;Syx5;tsr;Cdk5;Hr38;Pi3K92E;Shark;Lis-1;NetB;Rab11;Rab7;Rab6;Rbf;dos;Khc-73;Cbl;mst;Gcn5;CtBP;chb;nudC;DCTN2-p50;dimm;Nmd3;aurB;AP-1mu;Bub3;Torsin;unc-13;mbo;Pten;CSN5;Eb1;LTV1;htt;fan;sut3;Vha100-3;Vha100-2;Vha100-1;gammaCOP;Vap33;CHOp24"
"GOBP_PATTERN_SPECIFICATION_PROCESS",0.000192381685263563,0.00748852031725669,0.377580545704876,1.60449031694704,0,238,"Dll;bi;cad;eya;dpp;Dr;en;fkh;tj;fy;in;kto;Lim3;pho;robo2;E(spl)mbeta-HLH;nau;Pcl;pnr;put;Sce;smo;so;sog;tkv;tra2;tsh;tud;tup;yrt;Fur1;slp2;Fur2;N;ci;bap;Su(fu);sv;lbl;dpn;Wnt5;AP-1-2beta;Ssdp;byn;Aldh;Chi;croc;sty;tilB;jumu;tap;unpg;Apc;ara;fz2;toy;Rfx;Dad;Abi;Ptx1;gbb;stan;Bap60;PlexA;Smox;ear"
"GOBP_POSITIVE_REGULATION_OF_CELL_DEVELOPMENT",0.000205592105263158,0.00748852031725669,-0.405370748387722,-1.68683151822219,0,187,"acj6;Act42A;arm;asp;aurA;disco;Lar;FER;grn;Hsf;lz;mnd;mor;neur;numb;Pepck1;Pkc98E;rb;stau;bs;Pp1-87B;ct;Ptp99A;zfh1;hh;fs(1)h;Bx42;Gdi;Dsor1;Snr1;alpha-Man-IIa;Hem;Irbp;Bgb;Bro;Nap1;Shark;otp;Lis-1;NetB;Rbf;Stat92E;wit;tna;Eb1;fz4;Amph;trbl;Smurf;raptor;Nep1;Btnd"
"GOBP_POSITIVE_REGULATION_OF_CELL_POPULATION_PROLIFERATION",0.00021381227282446,0.00748852031725669,-0.345038894605649,-1.53829548900546,0,363,"Abl;Act42A;Mps1;arm;arr;ash2;asp;csw;CycB;disco;exd;E(z);Fbp2;FER;ftz-f1;fz;grn;Hsf;hth;if;mle;mnd;mor;Pkc98E;prd;sax;sesB;sr;tll;Egfr;ush;vls;Pp1-87B;Cdk2;Wnt2;neb;B52;TkR99D;hh;mys;Su(H);elB;hop;Calr;Psc;CycD;Cdc42;CycE;htl;pll;Dif;babo;Mef2;twin;Hem;cher;Hr38;Set;Nap1;Pi3K92E;Shark;Shc;drl;otp;Cpr;NetB;Drip;Cdk4;dos;Stat92E;Fak;Pi3K21B;Su(z)12;Tsf1;Pur-alpha;chico;Crk;Srpk79D;Timp;tna;RhoGAPp190;Pten;botv;beta4GalNAcTA;CG4766;Hey;chm;Vha100-3;Vha100-2;Vha100-1;nAChRalpha5;nerfin-1"
"GOBP_POSITIVE_REGULATION_OF_D_GLUCOSE_IMPORT",0.000201897839693115,0.00748852031725669,-0.811034157839831,-2.08651997871681,0,15,"acj6;Chc;csw;Rap1;Mef2;Pi3K21B;chico;Eaat2"
"GOBP_POSITIVE_REGULATION_OF_IMMUNE_SYSTEM_PROCESS",0.000212675457252233,0.00748852031725669,-0.340514766192134,-1.52545429623601,0,380,"Abl;acj6;Act42A;aurA;ben;cact;csw;FER;ftz-f1;grn;Hex-C;Hsc70-2;Hsf;if;janA;lz;mle;mnd;mor;Pepck1;Pgi;Pkc98E;rb;ref(2)P;rk;Su(dx);mts;LysB;LysD;LysE;TkR99D;Rap1;hh;fs(1)h;mys;Ac76E;hop;Gdi;14-3-3zeta;Calr;Psc;slbo;pll;Phb2;Dif;Mef2;Pms2;Moe;Mvl;Nos;Snr1;wts;Hem;Irbp;Bgb;Bro;Rel;Hr38;Pi3K59F;Pi3K92E;Shark;Ubc4;abs;nonA-l;Rbf;dos;Stat92E;Cbl;mspo;stumps;Fak;Pi3K21B;Tsf1;Sin3A;qkr58E-2;fray;Lip3;IKKbeta;chico;Crk;Hmt4-20;tna;LysRS;cindr;CG2930;Lnk;CG3473;AlaRS-m;trbl;Tollo;CG16756;raptor;Btnd;Ppt1;CG1785;Bap111;CG12121"
"GOBP_POSITIVE_REGULATION_OF_INTRACELLULAR_SIGNAL_TRANSDUCTION",0.000210970464135021,0.00748852031725669,-0.322625926718901,-1.47805872918365,0,489,"Abl;Mps1;arm;aurA;ben;CkIIbeta;csw;dsh;E(z);flw;FER;fz;Gapdh1;grn;Hsc70-2;if;RpS3;net;Pkc98E;Rm62;sax;sina;Su(var)2-10;sw;Egfr;Pp1-87B;mts;Wnt2;Plc21C;Rap1;fs(1)h;mys;Ac76E;Bx42;hop;Calr;Rox8;PpD3;CanA1;Lac;Dsor1;hep;Cdc42;Taf1;htl;Ror;Taf6;emp;pll;Phb2;lwr;msn;Dif;babo;Mef2;wts;ctp;Hem;Ret;RpL11;Cdc2rk;Fkbp12;cher;Set;Hr78;Hr96;Pi3K92E;Shark;Shc;drl;ksr;Cul1;nonA-l;crq;dos;Nelf-E;RpS20;mGluR;Cbl;sfl;ko;stumps;Fak;CtBP;Rack1;Pi3K21B;Tsf1;fray;Chd3;CG3630;wit;robl;IKKbeta;chico;Sec13;Flo1;Crk;Oamb;Roc1a;Pten;Axn;Wdr24;botv;Nup93-1;htt;Mtch;fan;Sec71;Lnk;nAChRalpha5;CG3473;Tollo;SoxN;Vap33;raptor;Btnd;pod1;CG4615"
"GOBP_POSITIVE_REGULATION_OF_LOCOMOTION",0.000193050193050193,0.00748852031725669,0.368957707114119,1.56081487352957,0,230,"Act5C;AnxB10;Appl;Dab;dpp;Actn;Galphai;Hsc70-3;Jra;peb;Pkc53E;Ras85D;Ras64B;rl;sl;smo;sub;twi;yrt;Ptp10D;pros;GluRIA;N;TkR86C;noc;Wnt5;ATPsynbeta;Gel;Rac1;Sema1a;Sema2a;Dop1R1;Pp2B-14D;Syx1A;Ptp69D;Rac2;Rho1;croc;sty;Pglym78;Pi3K68D;mbc;wun;CaMKI;Rca1;Pdk1;Xbp1;syd;gbb;Sirt1;p38b;Smox;Eph;Rok;myo;Tak1;Nipped-B;HDAC6;Drp1;SPARC"
"GOBP_POSITIVE_REGULATION_OF_NEURON_PROJECTION_DEVELOPMENT",0.000205634382068682,0.00748852031725669,-0.509222834943473,-1.89474956379677,0,85,"Abl;Lar;dsh;FER;fz;stau;betaTub85D;ct;mew;Rap1;otk;nvy;Lac;Mad;Ret;drl;Lis-1;nrv1;Past1;Gcn5;Fak;CRMP;RhoGAPp190;Eb1"
"GOBP_POSITIVE_REGULATION_OF_PROTEIN_LOCALIZATION",0.000192678227360308,0.00748852031725669,0.380610730864456,1.61398422873423,0,234,"Ace;Ald1;Appl;BicD;Pka-C1;Pkg21D;dpp;EcR;for;Gdh;Galphai;Hsp83;Khc;dlg1;hyd;pbl;Pkc53E;polo;smo;sub;Syb;CCT1;tup;usp;Cdk1;Ten-m;Wnt5;Gel;Rac1;AP-1-2beta;CCT5;nSyb;Syx1A;Rac2;Oda;CaMKI;Nlp;Cdk9;14-3-3epsilon;Ran;Pdk1;Osbp;Xbp1;bon;AMPKalpha;Ac78C;gbb;p38b;CG13920;Smox;HDAC3;Eph;Mhcl;Rok;msk;Drp1;Pfrx;ball;Syt4;sut2;sut1"
"GOBP_PROTEIN_POLYMERIZATION",0.000208333333333333,0.00748852031725669,-0.418525942515071,-1.68003601962544,0,145,"Abl;Act42A;ena;fliI;FER;Hsc70-2;Grip91;RpS3;Pkc98E;qua;shi;betaTub85D;betaTub97EF;kst;mts;hop;Arl2;128up;dia;cpb;Moe;tsr;wts;Hem;Ubc4;Fak;CLIP-190;Pi3K21B;chb;DAAM;Cortactin;Grip84;Grip75;Grip163;Grip128;Eb1;Amph;Cdk5alpha;Kank;cindr;Sec71;nmdyn-D7;aru;ssh;CG11436;pod1"
"GOBP_REGULATION_OF_ANATOMICAL_STRUCTURE_MORPHOGENESIS",0.000211819529760644,0.00748852031725669,-0.333087470910239,-1.49412122339589,0,385,"Abl;acj6;arm;aurA;Col4a1;csw;Lar;dsh;FER;grn;Gs2;if;lz;numb;pip;pnt;Poxm;rk;sax;sgg;stau;tll;Egfr;bs;Tm2;ct;Wnt2;mew;zfh1;hh;mys;C15;hop;Gdi;14-3-3zeta;Dsor1;woc;htl;Sdc;cora;Phb2;TrpRS;msn;dia;Dif;l(2)efl;cpb;fng;fra;Mad;Mef2;Moe;Nos;tsr;Ret;pnut;Cdk5;Pi3K92E;Shc;drl;Lis-1;NetB;Vang;Drip;dos;Khc-73;mst;ko;Fak;Rack1;CRMP;Pgam5;wit;Plap;Crk;unc-13;mbt;RhoGAP1A;Rlip;RhoGAPp190;Pten;Lim1;Eb1;fz4;Cdk5alpha;Kank;cindr;Mtch;Sur;nAChRalpha5;Smurf;aru;Tollo;RhoGAP5A;AdamTS-B;Grip"
"GOBP_REGULATION_OF_CELL_ADHESION",0.000211104074308634,0.00748852031725669,-0.353203080518745,-1.55454388555609,0,316,"Abl;Act42A;arm;csw;dx;flw;FER;ftz-f1;fz;grn;if;Prosbeta6;LanA;lz;mor;Pepck1;Pkc98E;pnt;rb;sax;sgg;Su(dx);Egfr;bs;Tm2;Ser;Ptp4E;Ptp99A;neb;Vinc;zfh2;hh;fs(1)h;mys;Su(H);elB;hop;cdi;14-3-3zeta;Arl2;Mbs;Calr;Psc;Dsor1;Cdc42;Sdc;pll;msn;Dif;Snr1;tsr;Ank;Hem;Ret;Bgb;Bro;CASK;cher;Hr38;Pi3K92E;Shark;Cdk4;Stat92E;Cbl;Fak;Pi3K21B;chb;Prosalpha7;Flo1;Crk;tna;Tsc1;Pten;Prosbeta3;Ndg"
"GOBP_REGULATION_OF_CELL_CYCLE_PHASE_TRANSITION",0.000209467951403435,0.00748852031725669,-0.383309247677439,-1.65900965399243,0,267,"Act42A;Mps1;aurA;csw;CycB;ecd;exd;E(z);dup;hay;Hsc70-1;Prosbeta6;mor;mus101;Blm;ovo;rod;sax;spn-A;spn-D;sw;Egfr;trc;Cdk2;mts;neb;Plc21C;fs(1)h;Xpc;Eip63E;CycD;Taf1;CycE;atms;Spn;Moe;RnrL;RnrS;Snr1;Wee1;ctp;Cdc2rk;Cdk5;Cul1;Rab11;Rbf;Cdk4;mre11;ko;Sin3A;Clk;Prosbeta2;Prosalpha7;eIF4G1;robl;Optix;Bub3;Roc1a;Nsun2;Pten;Prosbeta3;Hus1-like;Dyrk3;Kank;RfC38;SoxN;REG;Prosbeta5;raptor;APC7;CG1785;Bap111"
"GOBP_REGULATION_OF_CELL_CYCLE_PROCESS",0.000210526315789474,0.00748852031725669,-0.338467096375472,-1.53029838549092,0,420,"Act42A;Mps1;arm;arr;aurA;Cam;Chc;csw;CycB;ecd;exd;E(z);dup;hay;Hsc70-1;Hsc70-2;Prosbeta6;Rcc1;mor;mus101;Blm;ovo;Pkc98E;rod;sax;spn-A;spn-D;sw;Egfr;trc;Prosalpha4;Cdk2;mts;neb;shtd;Plc21C;fs(1)h;Xpc;Calr;Eip63E;dac;CycD;128up;Cdc42;Taf1;CycE;kermit;atms;Spn;bol;Iswi;Moe;RnrL;RnrS;Snr1;Wee1;ctp;Cdc2rk;Cdk5;Pi3K59F;glu;Cul1;nonA-l;Rab11;Rab6;Rbf;Cdk4;Pitslre;Khc-73;mre11;ko;Gcn5;Sin3A;Clk;Prosbeta2;Prosalpha7;eIF4G1;robl;aurB;Optix;Bub3;Roc1a;Fen1;Nsun2;Pten;Prosbeta3;Hus1-like;Axn;CG11403;Dyrk3;Amph;Tnks;Kank;RfC38;Lnk;nerfin-1;SoxN;REG;Prosbeta5"
"GOBP_REGULATION_OF_CELL_DEVELOPMENT",0.000212992545260916,0.00748852031725669,-0.416774639733376,-1.87111550217612,0,390,"Abl;acj6;Act42A;arm;asp;aurA;cact;csw;disco;Lar;dx;E(z);FER;grn;Gs2;hook;Hsc70-2;Hsc70-5;Hsf;hth;Prosbeta6;lz;E(spl)m3-HLH;mnd;mor;neur;numb;Pepck1;per;Pkc98E;pnt;rb;sgg;stau;Su(var)2-10;tll;Egfr;ush;zen;bs;Pp1-87B;Ser;ct;Wnt2;Ptp99A;neb;Vinc;Ets97D;zfh1;Plc21C;hh;fs(1)h;Bx42;C15;hop;Gdi;14-3-3zeta;Mbs;alpha-Cat;Lac;Dsor1;atms;babo;fra;Mef2;Nos;Snr1;tsr;Wee1;alpha-Man-IIa;Hem;Irbp;Bgb;Bro;Cdk5;Nap1;Shark;drl;otp;Lis-1;NetB;Rbf;Cdk4;Stat92E;Gcn5;Fak;Pi3K21B;Tsf1;Pur-alpha;CRMP;Clk;Prosalpha7;wit;IKKbeta;DAAM;tna;Pten;Prosbeta3;Axn;drosha;Eb1;fz4;Amph;nito;Hey;chm;Tob;Sur;trbl;Smurf;Tollo;Prosbeta5;CG16721;raptor;Nep1;Btnd"
"GOBP_REGULATION_OF_CELL_PROJECTION_ORGANIZATION",0.00021381227282446,0.00748852031725669,-0.332361996080034,-1.4817777568848,0,363,"Abl;acj6;Lar;dsh;ena;FER;fz;grn;neur;ninaC;numb;pip;sgg;stau;svp;tll;betaTub85D;bs;ct;Wnt2;Ptp4E;Ptp99A;mew;zfh1;Rap1;otk;C15;Gdi;cdi;14-3-3zeta;nvy;alpha-Cat;Lac;Dsor1;Cdc42;Sdc;msn;Snap25;babo;fra;Mad;Moe;tsr;Hem;Ret;Cdc2rk;pnut;Cdk5;drl;Lis-1;NetB;nrv1;Rab11;Past1;nompB;Khc-73;Gcn5;Fak;Pi3K21B;CRMP;wit;Fim;Crk;inc;DAAM;homer;Cortactin;promL;RhoGAPp190;Pten;Eb1;fz4;Cdk5alpha;Kank;htt;Ptpmeg2"
"GOBP_REGULATION_OF_LOCOMOTION",0.00021079258010118,0.00748852031725669,-0.334078087654039,-1.51093194572128,0,422,"Abl;acj6;mAChR-A;arm;CkIIbeta;ena;E(z);FER;grn;Gs2;if;janA;LanA;Mp20;net;numb;Pgi;Pkc98E;pnt;sax;sgg;svp;tll;Egfr;betaTub85D;bs;Tm2;Ser;Wnt2;Ptp4E;Ptp99A;neb;Vinc;mew;zfh1;Plc21C;TkR99D;hh;mys;elB;hop;Calr;dac;alpha-Cat;Myo61F;Dsor1;Cdc42;LamC;Ror;Sdc;emp;lwr;msn;blw;babo;Mef2;Moe;Nos;tsr;Hem;Ret;CASK;Cdk5;cher;Hr38;Hydr2;Pi3K92E;drl;NetB;nrv1;Rab11;Drip;crq;Acer;Cdk4;dos;Stat92E;Fak;Rack1;Pi3K21B;chb;Sin3A;CRMP;fray;wit;chico;Plap;Crk;DAAM;RhoGAP1A;Cortactin;Timp;siz;par-6;RhoGAPp190;Pten;fz4;Kank;glob1;Sur;trbl;Spn55B;onecut;nerfin-1;Smurf;ssh"
"GOBP_REGULATION_OF_NEURON_PROJECTION_DEVELOPMENT",0.000208159866777685,0.00748852031725669,-0.390201332216681,-1.66520063176196,0,238,"Abl;acj6;Lar;dsh;FER;fz;grn;numb;pip;sgg;stau;svp;tll;betaTub85D;bs;ct;Wnt2;Ptp4E;Ptp99A;mew;zfh1;Rap1;otk;C15;Gdi;14-3-3zeta;nvy;alpha-Cat;Lac;Dsor1;Sdc;msn;Snap25;fra;Mad;tsr;Ret;Cdk5;drl;Lis-1;NetB;nrv1;Past1;Khc-73;Gcn5;Fak;CRMP;wit;Crk;RhoGAPp190;Pten;Eb1;fz4;Cdk5alpha;Kank;Ptpmeg2"
"GOBP_REGULATION_OF_PROTEIN_LOCALIZATION_TO_MEMBRANE",0.000205044084478163,0.00748852031725669,-0.474808302489221,-1.79298500489662,0,93,"Act42A;Chc;mnd;numb;Pkc98E;ref(2)P;Egfr;boca;mew;Rap1;mys;14-3-3zeta;Dsor1;cora;Spn;Moe;Cdk5;Vps26;Rab11;Rack1;Pi3K21B;Fim;Crk;siz;Ptpmeg2;ssh;CHOp24;Klp10A;MSBP;Lrp4;galectin;CG11374"
"GOBP_REGULATION_OF_SYSTEM_PROCESS",0.000191864927091328,0.00748852031725669,0.384562161957784,1.66461179968289,0,289,"Acph-1;nAChRalpha1;nAChRalpha2;AnxB10;Appl;bru1;baz;Pka-C1;Dab;dnc;EcR;Actn;for;Galphai;Galphao;Hsp83;Jra;dlg1;Ca-alpha1D;pho;na;nau;Pkc53E;pnr;sei;Sh;Sod1;sqh;Tm1;tsh;tup;Zw;nAChRbeta2;5-HT1A;up;Ptp10D;Ten-m;GluRIA;N;Mlc-c;TkR86C;Shal;trpl;ple;CG10939;Pp2B-14D;Ance;Syx1A;Cyp6a8;Cyp6a22;Gycalpha99B;Calx;Rho1;Mlp84B;jumu;mbc;tap;Cyp6a17;ara;phr6-4;14-3-3epsilon;Dad;gbb;Actbeta;GluClalpha;moody;mtm;Smox;Rok;myo;nes"
"GOBP_RESPONSE_TO_GROWTH_FACTOR",0.000189789333839438,0.00748852031725669,0.362931980179339,1.58837095478709,0,320,"Appl;Dll;Cat;cv-2;CycA;Dab;dpp;Dr;eEF2;emc;fy;Got1;Hsc70-3;Hsp68;Hsp83;Jra;Sos;robo2;nau;Raf;Pkc53E;pnr;put;r;rl;run;Shaw;sl;sog;tkv;tup;yrt;Klp98A;CrebA;Fur1;pros;Fur2;GluRIA;drk;N;inaC;faf;noc;dpn;Wnt5;Gel;Dcp-1;pelo;eff;Sema1a;E2f1;Hsp70Aa;Hsp70Bb;Sap47;MAPk-Ak2;sty;Diap2;dod;Rab14;HDAC1;Rca1;stck;Pdk1;Dad;Spred;Ptx1;Xbp1;melt;bon;gbb;Sirt1;p38b;SkpA;Smox;Eph;Rok;myo;Tak1;wdb;CstF64;Ilk;Atf3;lqf"
"GOBP_RESPONSE_TO_HORMONE",0.000211193241816262,0.00748852031725669,-0.343711789140354,-1.57183540305478,0,480,"acj6;adp;arr;ash2;by;Cam;CkIIbeta;csw;dor;E(z);FER;ftz-f1;Gal;Galphas;grn;Hex-C;Hsc70-2;Ide;Arpc1;Men;mor;Atpalpha;or;Pepck1;per;Pgi;Pkc98E;Rm62;rut;sad;sgg;sr;Su(var)2-10;tll;v;bs;Wnt2;B52;Plc21C;TkR99D;hh;mys;Ac76E;Bx42;hop;14-3-3zeta;Top1;gig;Calr;Psc;PpD3;alpha-Cat;Lcch3;Myo61F;Dsor1;CycD;Taf1;Phb2;Hmgs;Spn;blw;scat;Dif;babo;Smyd3;Mef2;Moe;Nos;tsr;wts;Rel;Hr38;Hydr2;eIF4E1;Hr78;Hr96;Shc;Cpr;Rbf;Drip;Acer;sba;dos;Stat92E;CG2187;Rga;Orct;Gcn5;Fak;CtBP;Pi3K21B;Alas;nudC;Ac13E;vimar;Clk;fray;chico;Neos;Crk;Oamb;Sik2;Roc1a;Timp;tna;Ubc10;Tsc1;Axn;Ugt37C1;Ugt37A1;Kank;cindr;Hey;CAH1;sut3;Sur;Lnk"
"GOBP_RESPONSE_TO_LIPID",0.000210970464135021,0.00748852031725669,-0.362657427187618,-1.65107592621242,0,456,"Abl;acj6;arm;arr;cact;Cam;cn;csw;CycB;Cyp6a2;dor;Eno;Fbp2;FER;fz;Gal;Galphas;grn;Hsc70-2;Hsf;Arpc1;mnd;Atpalpha;Pepck1;per;Pgi;Pkc98E;Pu;Rm62;rut;sad;sgg;Su(var)2-10;svp;tll;Egfr;ptc;v;Hrb87F;Wnt2;Klp67A;Mdr65;Plc21C;TkR99D;Rap1;hh;otk;Ac76E;Bx42;elB;hop;Rb97D;14-3-3zeta;Calr;Psc;PpD3;Jhe;Lcch3;Dsor1;hep;CycD;Taf1;htl;emp;pll;Phb2;Hmgs;atms;Spn;blw;scat;Dif;l(2)efl;babo;Smyd3;Mef2;Mvl;Nos;wts;Pxn;Ret;Cyp6a9;Rel;Hr38;Hydr2;Cyp9c1;eIF4E1;Hr78;Hr96;Shark;Cpr;Drip;crq;Cdk4;Stat92E;snRNP-U1-70K;CG2187;Rga;Cbl;mspo;Fak;Atet;Alas;Tsf1;Clk;fray;Lip3;chico;Plap;RhoGAP1A;CalpB;tna;Ubc10;Axn;Ugt37C1;Ugt37A1;fz4;CG4757;Kank;Hey"
"GOBP_RESPONSE_TO_PEPTIDE",0.000212992545260916,0.00748852031725669,-0.339208843518375,-1.52288278861809,0,390,"acj6;cact;Cam;CkIIbeta;cn;csw;dx;esc;FER;ftz-f1;Gapdh1;Gpdh1;grn;gro;Hsc70-2;Prosbeta6;mle;Rpn8;numb;Pfk;Pu;ras;sesB;sgg;sr;Su(var)2-10;bs;mts;Plc21C;hop;Calr;Psc;slbo;CanA1;Myo61F;hep;Cdc42;pll;kermit;Spn;Dif;Iswi;Moe;Mvl;Nos;tsr;Pxn;Rel;cher;Vps26;Mcm2;Hr78;Rpt2;Shark;Ubc4;abs;Lis-1;Rab19;Drip;Cdk4;ATPsynO;Stat92E;snRNP-U1-70K;Cbl;Gcn5;Fak;Pi3K21B;Atet;RpL3;Sin3A;CRMP;fray;Prosbeta2;Prosalpha7;IKKbeta;chico;PRL-1;Crk;CalpB;Timp;Prosbeta3;Eaat1;fz4;Cdk5alpha;nito;sut3;Vha100-3;Vha100-2;Vha100-1;Sur;Rpt5;Rpt4;Rpt3;Rpn6;Rpn5;Rpn2;Rpn12;Rpn11;Rpn1;Lnk;nmdyn-D7;aru;REG;Prosbeta5;AdamTS-B;Nep1;ND-B16.6;Dok;CG12121;CG10353;Usp7;Set2;NFAT"
"GOBP_SENSORY_ORGAN_DEVELOPMENT",0.0001900779319521,0.00748852031725669,0.365858858725476,1.60133815484492,0,321,"Ace;Dll;bi;brm;eya;cv-2;CycA;Hr3;dpp;Dr;fj;tj;Galphai;Gbeta13F;Grd;Hsp23;in;Jra;dlg1;Sos;Ca-alpha1D;Lim3;pho;nau;ninaB;osp;put;rl;Sce;sn;so;Sod1;tkv;tsh;Ten-m;slp2;pros;N;bap;sv;ple;dpn;Wnt5;Rac1;Wnt4;CG10939;Aldh;nuf;MAPk-Ak2;Rac2;croc;sty;Diap2;Nf1;jumu;tap;unpg;Rab18;HDAC1;fz2;Ork1;toy;Abi;Spred;Ptx1;sdk;Gpo1;fus;gbb;Actbeta;Scgdelta;Bap60;CG4025;moody;scf;Bap55;Smox;Eph;Nipped-B;SPARC;Gmap;Six4;drpr"
"GOBP_SKELETAL_SYSTEM_DEVELOPMENT",0.000192196809532962,0.00748852031725669,0.377398457822336,1.59430695724221,0,226,"Acph-1;Dll;bi;cad;eya;Pkg21D;dpp;Dr;en;Actn;for;tj;fy;kto;dlg1;Ca-alpha1D;nau;pum;put;rl;run;sd;so;sog;tkv;CrebA;Fur2;N;ci;bap;ash1;sv;Wnt5;Gel;Wnt4;Sema2a;Ptp69D;Rho1;croc;oxt;tap;p38a;pug;Papss;Dad;Ptx1;CG32809;gbb;bbx;p38b;PlexB;Smox;Eph;Nipped-B;Gmap;Six4;CG8230;Usp1"
"GOBP_SUPRAMOLECULAR_FIBER_ORGANIZATION",0.000211640211640212,0.00748852031725669,-0.387575881501203,-1.71830607299848,0,339,"Abl;Act42A;aurA;capu;ck;dsh;ena;fliI;FER;gro;hook;Hsc70-2;Hsp26;Hsp67Bc;Grip91;Arpc1;RpS3;Mp20;Pkc98E;qua;shi;sina;spn-D;betaTub85D;betaTub97EF;bs;Tm2;kst;mts;neb;Klp67A;zfh1;TkR99D;hh;mys;hop;cdi;Arl2;alpha-Cat;Myo61F;128up;Cdc42;Sdc;kermit;Spn;dia;jar;l(2)efl;babo;cpb;Moe;tsr;wts;Hem;Fkbp12;cher;Lis-1;Rab11;Drip;drongo;Fak;CLIP-190;Pi3K21B;chb;vimar;CRMP;RhoGEF2;Fim;DAAM;TBPH;Cortactin;CalpB;CG14818;Tsc1;RhoGAPp190;Grip84;Grip75;Grip163;Grip128;Axn;Eb1;Amph;Cdk5alpha;Kank;cindr;Sec71;nAChRalpha5;GMF;nmdyn-D7;aru;ssh;CG11436;pigs;pod1"
"GOBP_SYNAPSE_ORGANIZATION",0.000208942749686586,0.00748852031725669,-0.367719415068786,-1.6019650935209,0,280,"Abl;acj6;nAChRbeta1;Act42A;Act57B;Act88F;Ama;arm;Col4a1;cin;Lar;dsh;fz;LanA;mnd;neur;numb;ort;pk;shi;stau;Egfr;betaTub85D;boca;ct;Wnt2;Ptp4E;mew;Ets97D;Syn;Rap1;mys;otk;14-3-3zeta;alpha-Cat;Lac;Lcch3;Dsor1;Cdc42;Spn;Mef2;Moe;tsr;wts;Ank;Cdk5;Nrx-IV;drl;Lis-1;NetB;Vang;Fak;chb;CRMP;eIF4G1;Chd3;Fim;Slip1;Crk;DAAM;homer;Cortactin;siz;Tsc1;Pten;Eaat1;Eb1;Cdk5alpha;cindr;kirre"
"GOBP_SYNAPTIC_SIGNALING",0.000212901852246115,0.00748852031725669,-0.348500590273913,-1.54661439360873,0,344,"Abl;mAChR-A;nAChRbeta1;arm;arr;Cam;ChAT;cn;cni;Lar;dor;dsh;mnd;Atpalpha;neur;ort;Pkc98E;ref(2)P;rut;sgg;stau;tll;trx;betaTub85D;bs;Csp;ct;Wnt2;Gad1;Syn;Cbp53E;Plc21C;TkR99D;Rap1;mys;hop;14-3-3zeta;nmd;CanA1;Itpr;Lcch3;Tbh;Nmdar1;kermit;lwr;msn;scat;Dif;Snap25;fra;Mef2;Nos;tsr;CASK;Cdk5;Nrx-IV;eIF4E1;Lis-1;Rab11;Acer;mGluR;Gcn5;Fak;Dgkepsilon;trio;Flo1;Crk;Oamb;unc-119;Torsin;unc-13;homer;RhoGAP1A;siz;X11L;Pten;Eaat2;Eaat1;Amph;Cdk5alpha;GABA-B-R2;cindr;Sur;nAChRalpha5;tio;ssh"
"GOBP_T_CELL_DIFFERENTIATION",0.000206185567010309,0.00748852031725669,-0.413489895836778,-1.68027819582414,0,157,"Abl;Act42A;arm;dx;fz;grn;Prosbeta6;lz;mor;Pepck1;rb;sr;Egfr;trx;ush;bs;tin;Ser;zfh1;hh;fs(1)h;hop;Psc;CanA1;Dif;fng;Snr1;Hem;Bgb;Bro;Pi3K92E;RpL22;Shark;Cdk4;Stat92E;Gcn5;Pi3K21B;Prosalpha7;Lip3;tna;Tsc1;Prosbeta3;drosha;lili;chm;Vha100-3;Vha100-2;Vha100-1;Prosbeta5"
"GOBP_TISSUE_MORPHOGENESIS",0.000191094974202178,0.00748852031725669,0.358967269472043,1.55599676001355,0,293,"Act5C;Act79B;Dll;bi;Pka-C1;eya;cta;Pka-C3;dpp;Dr;emc;fkh;fy;in;kel;kto;dlg1;Sos;l(2)gl;robo2;nau;peb;pnr;Ras85D;sd;smo;so;sub;tkv;Tm1;tup;yrt;up;pros;drk;N;Mlc-c;ci;Su(fu);sv;lbl;CanB;dpn;Wnt5;Wnt4;Dcp-1;CG10939;Sema2a;HLH3B;lbe;byn;Aldh;Rho1;croc;gcm;sty;Rala;jumu;unpg;Rab10;ara;fz2;pug;Dad;Ptx1;bon;fus;Hs2st;gbb;stan;Actbeta;PlexB;PlexA;Smox;Eph;Adar"
"GOBP_TUBE_MORPHOGENESIS",0.00021308331557639,0.00748852031725669,-0.325765242464412,-1.46269666871601,0,391,"Abl;arm;arr;CkIIbeta;salr;Col4a1;csw;dsh;ena;exd;Fbp2;grn;Gs2;hth;if;LanA;lz;net;pk;pnt;rk;sax;svp;tll;Egfr;ptc;ush;zen;bs;Pp1-87B;tin;Ser;Wnt2;zfh1;Rap1;hh;mys;Su(H);otk;hop;14-3-3zeta;gig;htl;Sdc;Phb2;Sply;TrpRS;Dif;RyR;l(2)efl;babo;Mad;Mef2;Nos;tsr;Hem;Pxn;Ret;Deaf1;mirr;Hr38;Hr96;Pi3K92E;Shark;Shc;ktub;NetB;Vang;Drip;caup;Past1;dos;ko;Gcn5;Fak;Pi3K21B;wit;Srpk79D;mbt;tna;Tsc1;RhoGAPp190;Lim1;Eaat1;fz4;beta4GalNAcTA;nito;Hey;Sur;nAChRalpha5;CG4935;Tollo;Las;CHOp24;AdamTS-B"
"GOBP_ACTIN_FILAMENT_ORGANIZATION",0.000414336026517506,0.0113359200705894,-0.394759606901901,-1.66159834510586,1,208,"Abl;capu;ck;ena;fliI;FER;gro;Hsp26;Hsp67Bc;Arpc1;Mp20;Pkc98E;qua;shi;bs;Tm2;kst;zfh1;TkR99D;mys;hop;cdi;alpha-Cat;Myo61F;Cdc42;Sdc;kermit;Spn;dia;jar;babo;cpb;Moe;tsr;wts;Hem;cher;Drip;Fak;Pi3K21B;chb;CRMP;RhoGEF2;Fim;DAAM;Cortactin;Tsc1;RhoGAPp190;Amph;Kank;cindr;Sec71;GMF;aru;ssh;CG11436;pigs;pod1"
"GOBP_CELL_GROWTH",0.0004149377593361,0.0113359200705894,-0.371745725529712,-1.57511184485744,1,222,"Abl;acj6;arm;aurA;dsh;Eno;Hsc70-2;Hsp26;Hsp67Bc;pk;sax;sgg;shi;Su(dx);Egfr;ptc;bs;neb;Vinc;zfh1;mys;His3.3B;Gdi;14-3-3zeta;CanA1;Cdc42;Spn;l(2)efl;babo;fra;tsr;wts;Cdk5;Set;drl;Lis-1;NetB;Rbf;Pitslre;Rack1;chb;Sin3A;Cbp80;RhoGEF2;eIF4G1;wit;Plap;Crk;Oamb;ari-2;unc-13;mbt;Cortactin"
"GOBP_COGNITION",0.000410677618069815,0.0113359200705894,-0.383736969356315,-1.6103211305987,1,199,"Abl;mAChR-A;nAChRbeta1;Galphas;hth;if;lin;mnd;Atpalpha;Pgi;rut;sr;Su(var)2-10;Egfr;trx;bs;ct;Ptp99A;mew;Cbp53E;Plc21C;TkR99D;mys;fd96Cb;nmd;CanA1;Itpr;Lcch3;Rbp9;CycD;Tbh;Nmdar1;Spn;Snap25;TfIIA-L;Mef2;Mvl;AcCoAS;Cdk5;Deaf1;Dhc93AB;Nrx-IV;Lis-1;Gcn5;mbt;Fen1;Tsc1;Pten;Eaat1;beta4GalNAcTA;LManII;htt;sut3;Sur;nAChRalpha5;GMF"
"GOBP_DEVELOPMENTAL_GROWTH_INVOLVED_IN_MORPHOGENESIS",0.000409332787556283,0.0113359200705894,-0.443501937740557,-1.72669489813326,1,114,"Abl;acj6;arm;aurA;salr;dsh;pk;sgg;shi;bs;Wnt2;Vinc;zfh1;hh;mys;otk;Gdi;CanA1;htl;fra;tsr;Cdk5;drl;Lis-1;NetB;Vang;chb;Sin3A;wit;Plap;unc-13;mbt;Cortactin;Lim1;cindr"
"GOBP_ENZYME_LINKED_RECEPTOR_PROTEIN_SIGNALING_PATHWAY",0.000380300437345503,0.0113359200705894,0.328661670624821,1.47513455939171,1,418,"Acph-1;Dll;cv-2;Dab;dpp;Dr;EcR;emc;for;fy;Got1;Hsc70-3;Hsp68;Hsp83;Jra;Sos;robo2;ninaB;Raf;Pkc53E;pnr;put;Ras85D;rl;run;sev;sl;sog;tkv;vap;Ptp10D;Klp98A;CrebA;Fur1;pros;Fur2;drk;N;inaC;Hnf4;faf;noc;dpn;Wnt5;Gel;Rac1;Dcp-1;dock;CG10939;pelo;eff;Sema1a;lark;BRWD3;Hsp70Aa;Hsp70Bb;MAPk-Ak2;Rac2;croc;sty;Mlp84B;Diap2;Pi3K68D;Rala;dod;Rab14;HDAC1;Lgr1;Pdk;loco;Pdk1;Nrk;Dad;Abi;Spred;Xbp1;Vps25;melt;bon;AMPKalpha;gbb;Sirt1;Mkk4;p38b;Actbeta;moody;SkpA;Smox;Eph;myo;Tak1;HDAC6;wdb;CG7115;CG2082;Ilk;ECSIT;Atf3;sut2;sut1;lqf"
"GOBP_LIVER_REGENERATION",0.000404776361060514,0.0113359200705894,-0.738526186273561,-1.95908931597564,1,17,"aurA;E(z);mnd;ptc;B52;Rap1;hh;CycD"
"GOBP_LYMPHOCYTE_DIFFERENTIATION",0.000411184210526316,0.0113359200705894,-0.402402615019517,-1.69118353900048,1,202,"Abl;Act42A;arm;csw;dx;exd;E(z);fz;grn;Catsup;Prosbeta6;lz;mor;Pepck1;rb;sesB;sr;Egfr;trx;ush;bs;tin;Ser;zfh1;hh;fs(1)h;mys;Su(H);hop;Psc;CanA1;Dif;fng;Snr1;Hem;Irbp;Bgb;Bro;Pi3K92E;RpL22;Shark;Cdk4;Stat92E;Gcn5;Fak;Pi3K21B;Prosalpha7;Lip3;tna;Tsc1;Prosbeta3;drosha;lili;chm;Vha100-3;Vha100-2;Vha100-1;onecut;Prosbeta5"
"GOBP_MITOTIC_CELL_CYCLE_PHASE_TRANSITION",0.000418410041841004,0.0113359200705894,-0.369973692086631,-1.60709627517362,1,273,"Act42A;Mps1;aurA;Cam;csw;CycB;ecd;exd;E(z);hay;Hsc70-1;Prosbeta6;Rcc1;mor;mus101;Blm;rod;sax;shi;spn-D;Su(var)2-10;sw;Egfr;Cdk2;mts;neb;shtd;Mdr49;Plc21C;fs(1)h;mys;Xpc;Eip63E;Cks30A;CycD;CycE;Spn;babo;Moe;RnrL;RnrS;Snr1;Wee1;wts;ctp;Cdc2rk;eIF4E1;Cul1;Rab11;Rbf;Cdk4;mre11;ko;chb;Sin3A;qkr58E-2;Prosbeta2;Prosalpha7;eIF4G1;robl;Bub3;Roc1a;Taf10b;Pten;Prosbeta3;Hus1-like"
"GOBP_NEGATIVE_REGULATION_OF_CELL_POPULATION_PROLIFERATION",0.000380372765310004,0.0113359200705894,0.350749372208251,1.5306339242183,1,311,"Ace;Appl;bru1;awd;bi;brm;cta;Dab;dpp;Dr;for;fy;Hsp68;in;Jra;kar;dlg1;crp;CG5504;robo2;nau;Raf;Ras85D;run;tkv;Tm1;tup;Ptp10D;Ten-m;pros;N;Hnf4;lbl;dpn;Wnt5;Gel;SerT;Dcp-1;dock;CG10939;Dp;E2f1;Aldh;Ance;Hsp70Aa;Hsp70Bb;sty;Nf1;p38a;wun;Nlp;fz2;Ork1;toy;stck;Dad;Abi;Pkn;Pp2C1;arg;gbb;Actbeta;Pli;PlexB;Smox;Mgstl;Eph;Adar;myo;Mad1;SPARC;Six4;CG2082;Kap3;Ilk;Non1"
"GOBP_NEGATIVE_REGULATION_OF_G_PROTEIN_COUPLED_RECEPTOR_SIGNALING_PATHWAY",0.000392927308447937,0.0113359200705894,0.68752097419982,1.99554328447489,1,26,"Appl;Arr1;BicD;dnc;Galphai;robo2;Pp2B-14D;phr6-4;loco"
"GOBP_POSITIVE_REGULATION_OF_CELL_ADHESION",0.000411184210526316,0.0113359200705894,-0.395439712981801,-1.64550642607404,1,187,"Abl;Act42A;arm;csw;ftz-f1;grn;if;lz;mor;Pepck1;Pkc98E;pnt;rb;sgg;Egfr;Tm2;zfh2;hh;fs(1)h;mys;hop;cdi;14-3-3zeta;Arl2;Calr;Psc;Cdc42;Sdc;pll;msn;Dif;Snr1;tsr;Ank;Hem;Ret;Bgb;Bro;cher;Hr38;Pi3K92E;Shark;Cdk4;Stat92E;Fak;Pi3K21B;Flo1;Crk;tna;Tsc1;Ndg"
"GOBP_POSITIVE_REGULATION_OF_CELL_DIFFERENTIATION",0.000377786173026067,0.0113359200705894,0.33712112845428,1.50093504916546,1,381,"Appl;awd;Dll;brm;bsk;cad;Dab;Pkg21D;dpp;Dr;emc;fkh;Actn;for;g;H2.0;Hsp68;Hsp83;Jra;robo2;mr;nau;pbl;peb;Raf;Pkc53E;pnr;put;Ras64B;run;shf;smo;so;tkv;tup;Ten-m;slp2;pros;N;ci;sv;trpl;noc;dpn;Wnt5;Gel;Cds;Sema2a;HLH3B;lark;E2f1;Pp2B-14D;Hsp70Aa;Hsp70Bb;Sap47;shot;Ask1;Ptp69D;Rho1;Su(Tpl);mof;Mlp84B;tap;p38a;HDAC1;ara;csul;CaMKI;spen;Rca1;toy;loco;Rfx;Dad;Xbp1;cyc;CG3156;syd;gbb;Sirt1;p38b;Actbeta;Bap60;Bap55;PlexB;Smox;Tip60;msk;Hmg-2"
"GOBP_POSITIVE_REGULATION_OF_CELL_PROJECTION_ORGANIZATION",0.000411522633744856,0.0113359200705894,-0.408888755536475,-1.70705905625998,1,192,"Abl;acj6;Lar;dsh;FER;fz;neur;ninaC;numb;sgg;stau;betaTub85D;bs;ct;mew;zfh1;Rap1;otk;Gdi;nvy;Lac;Dsor1;Cdc42;msn;babo;Mad;tsr;Hem;Ret;pnut;drl;Lis-1;NetB;nrv1;Past1;nompB;Gcn5;Fak;Pi3K21B;CRMP;wit;inc;promL;RhoGAPp190;Eb1;fz4;htt;Smurf;aru;Grip;CG2258"
"GOBP_POSITIVE_REGULATION_OF_LEUKOCYTE_CELL_CELL_ADHESION",0.000410088168956326,0.0113359200705894,-0.469202022900126,-1.77181440787081,1,93,"Abl;Act42A;csw;ftz-f1;grn;lz;mor;Pepck1;pnt;rb;hh;fs(1)h;mys;hop;14-3-3zeta;Psc;pll;Dif;Snr1;Hem;Bgb;Bro;Hr38;Pi3K92E;Shark;Stat92E"
"GOBP_PROTEIN_LOCALIZATION_TO_MEMBRANE",0.0004149377593361,0.0113359200705894,-0.373629867942653,-1.60356704405064,1,247,"Act42A;arm;arr;cin;Chc;cni;comt;dsh;LanA;mnd;numb;ort;Pkc98E;ref(2)P;Egfr;ptc;boca;mew;Rap1;mys;14-3-3zeta;Lac;Dsor1;cora;Spn;Moe;Ank;Cdk5;cher;Vps26;CG5861;ktub;nrv1;Rab11;Rab7;Rab6;Past1;Khc-73;Nmt;Rack1;Pi3K21B;Nup154;Rbcn-3B;IKKbeta;Fim;Flo1;Crk;rush;Amnionless;CalpB;siz;Eaat1;Wdr24;Ptpmeg2;TM9SF4;nmdyn-D7;Smurf;ssh;CHOp24;Grip;Gga;Klp10A;CG10353;MSBP;Lrp4;CG9784"
"GOBP_REGULATION_OF_CELL_CYCLE_G1_S_PHASE_TRANSITION",0.000409584271963957,0.0113359200705894,-0.447196119401748,-1.71869947718547,1,104,"Act42A;csw;ecd;E(z);Prosbeta6;mor;sax;Egfr;Cdk2;mts;neb;Plc21C;CycD;Taf1;CycE;atms;Moe;RnrL;RnrS;Snr1;Wee1;Cdc2rk;Rbf;ko;Prosbeta2;Prosalpha7;eIF4G1;Pten;Prosbeta3;Kank;SoxN;REG;Prosbeta5;raptor;Bap111"
"GOBP_REGULATION_OF_HEMOPOIESIS",0.000414336026517506,0.0113359200705894,-0.397856023774352,-1.67463159638352,1,208,"Abl;acj6;Act42A;arm;cact;csw;dx;FER;grn;Gs2;Hsc70-2;Hsc70-5;Hsf;hth;Prosbeta6;lz;mor;Pepck1;pnt;rb;Su(var)2-10;Egfr;ush;Ser;Ets97D;zfh1;hh;fs(1)h;hop;atms;babo;Mef2;Snr1;Hem;Irbp;Bgb;Bro;Shark;Rbf;Cdk4;Stat92E;Gcn5;Fak;Pi3K21B;Tsf1;Pur-alpha;Prosalpha7;tna;Prosbeta3;drosha;nito;chm;Tob;trbl;Tollo;Prosbeta5;raptor;Btnd"
"GOBP_REGULATION_OF_LEUKOCYTE_DIFFERENTIATION",0.000412371134020619,0.0113359200705894,-0.400192991409579,-1.62624423077219,1,157,"Abl;acj6;Act42A;arm;csw;dx;FER;grn;Hsf;Prosbeta6;lz;mor;Pepck1;rb;Su(var)2-10;Egfr;ush;zfh1;hh;fs(1)h;hop;Snr1;Hem;Irbp;Bgb;Bro;Shark;Rbf;Cdk4;Stat92E;Gcn5;Pi3K21B;Tsf1;Prosalpha7;tna;Prosbeta3;drosha;Tob;trbl;Tollo;Prosbeta5;raptor;Btnd"
"GOBP_REGULATION_OF_MITOTIC_CELL_CYCLE",0.000419991600167997,0.0113359200705894,-0.358635104452878,-1.57253922710285,1,304,"Abl;Act42A;Mps1;arm;arr;aurA;csw;CycB;ecd;exd;E(z);hay;Hsc70-1;Hsf;hth;Prosbeta6;Rcc1;mor;mus101;Blm;ovo;rod;sax;spn-D;sw;Egfr;ptc;Cdk2;mts;neb;shtd;Plc21C;fs(1)h;Xpc;Cks30A;CycD;Cdc42;CycE;Spn;Moe;RnrL;RnrS;Snr1;Wee1;ctp;Cdc2rk;eIF4E1;Cul1;Lis-1;Rab11;Rbf;Cdk4;Stat92E;mre11;ko;asun;Nle;Sin3A;Prosbeta2;Prosalpha7;eIF4G1;robl;Bub3;Sik2;Roc1a;Pten;Prosbeta3;Hus1-like"
"GOBP_REGULATION_OF_MYELOID_CELL_DIFFERENTIATION",0.000409584271963957,0.0113359200705894,-0.441761936639038,-1.70113327185707,1,106,"acj6;arm;cact;FER;grn;Gs2;Hsc70-2;Hsc70-5;Hsf;hth;lz;pnt;Su(var)2-10;ush;Ser;Ets97D;atms;babo;Mef2;Hem;Rbf;Cdk4;Stat92E;Fak;Pi3K21B;Tsf1;Pur-alpha;nito;chm;Tob;trbl;Tollo;raptor"
"GOBP_REGULATION_OF_NEUROGENESIS",0.000411437975725159,0.0113359200705894,-0.405589934671062,-1.66555344271792,1,168,"acj6;arm;asp;Lar;E(z);hook;E(spl)m3-HLH;mnd;neur;numb;per;Pkc98E;stau;tll;zen;bs;Pp1-87B;ct;Wnt2;Ptp99A;zfh1;hh;Bx42;C15;Gdi;14-3-3zeta;alpha-Cat;Lac;Dsor1;fra;Nos;alpha-Man-IIa;Cdk5;Nap1;drl;otp;Lis-1;NetB;CRMP;wit;DAAM;Pten;Eb1;fz4;Amph;Hey;Sur;Smurf"
"GOBP_SIGNAL_RELEASE",0.000382848392036753,0.0113359200705894,0.365917721025941,1.56594054738185,1,254,"nAChRalpha1;nAChRalpha2;Ald1;bi;Pka-C1;Dab;EcR;fkh;tj;Gdh;Galphai;Galphao;kar;Raf;Pkc53E;put;Sh;Syb;tup;nAChRbeta2;5-HT1A;Syt1;Rop;Fur2;inaC;TkR86C;Hnf4;por;sv;Rab3;Rac1;AP-1-2beta;SerT;l(2)03659;lark;Pp2B-14D;nSyb;Syx1A;nuf;Rac2;Nf1;phr6-4;sktl;Ork1;Rfx;Osbp;cyc;Dap160;Ac78C;gbb;Actbeta;AkhR;moody;Smox;Mgstl;Rip11;Pfrx;Syt4;sut2;sut1;Fmr1"
"GOBP_STRIATED_MUSCLE_CELL_DIFFERENTIATION",0.000389635690629262,0.0113359200705894,0.409449675193865,1.69910641976563,1,194,"Act5C;RpLP0;bi;dpp;Dr;eag;Actn;Ca-alpha1D;pho;RpLP1;RpL32;nau;Pgm1;pnr;Ras85D;RpLP2;RpL4;smo;sqh;tkv;Tm1;tup;RpL40;usp;Zw;Cdk1;up;pros;N;RpL7;RpL23;RpL18A;Dcp-1;Pp2B-14D;CalpA;Calx;RpL7A;Mlp84B;mbc;HDAC1;ara;Drice;Ptx1;Xbp1;syd;sns;RpL10;p38b;Scgdelta;HDAC3;Mhcl;Six4;goe"
"GOBP_STRIATED_MUSCLE_CONTRACTION",0.000390015600624025,0.0113359200705894,0.4369014452474,1.72413757296994,1,130,"nAChRalpha1;nAChRalpha2;Ald1;RpLP0;Pka-C1;dnc;eEF2;Actn;Hsp83;dlg1;Ca-alpha1D;RpLP1;RpL32;pnr;RpLP2;RpL4;sei;Sh;Tm1;RpL40;nAChRbeta2;up;Mlc-c;Shal;RpL7;RpL23;Gel;RpL18A;Ance;Calx;RpL7A;Mlp84B;Dad;arg;RpL10;Scgdelta"
"GOBP_WNT_SIGNALING_PATHWAY",0.0004149377593361,0.0113359200705894,-0.380540082228796,-1.61237413048263,1,222,"Abl;arm;arr;asp;BicC;CkIIbeta;salr;dsh;fz;grn;gro;pk;rk;sgg;sina;sr;Su(var)2-10;Egfr;Pp1-87B;boca;mts;Wnt2;Ptp4E;mew;zfh1;hh;Su(H);otk;elB;gig;Eip63E;CycD;Cdc42;CycE;htl;Ror;Sdc;atms;msn;wts;nmo;Rel;Hr38;drl;Vang;Rack1;Nle;Optix;Roc1a;DAAM;Axn;fz4;Madm;Tnks;lili;Kank;Smurf;Dd;SoxN"
"GOBP_G_PROTEIN_COUPLED_RECEPTOR_SIGNALING_PATHWAY",0.000578034682080925,0.0151837324525186,0.368657515626893,1.56329648056624,2,234,"Acph-1;Appl;Arr1;baz;BicD;Pka-C1;cta;Sap-r;Hr3;dnc;Pka-C3;Actn;Galphai;Gbeta13F;Galphao;Ca-alpha1D;robo2;Pkc53E;rl;smo;so;5-HT1A;Galphaq;Ten-m;5-HT7;inaC;TkR86C;Ggamma1;sv;Wnt5;Rac1;CG10939;Dop1R1;Pp2B-14D;Ance;Rac2;csul;phr6-4;wun;Lgr1;fz2;Ork1;loco;Pka-R2;Ac3;Ac78C;Dlc90F;stan;GluClalpha;AkhR;moody;Rok"
"GOBP_MUSCLE_TISSUE_DEVELOPMENT",0.000577367205542725,0.0151837324525186,0.369065036474065,1.56374639924965,2,232,"nAChRalpha1;nAChRalpha2;bi;eya;dpp;Dr;eEF2;emc;Actn;H2.0;dlg1;Ca-alpha1D;pho;nau;Pgm1;pnr;Ras85D;smo;so;tkv;Tm1;tup;usp;Zw;Cdk1;nAChRbeta2;up;Ten-m;pros;N;Mlc-c;sv;Pp2B-14D;Aldh;MED20;alien;Calx;Rho1;croc;mof;Mlp84B;Nf1;p38a;ara;Pdp1;Ork1;Dad;Ptx1;cyc;AMPKalpha;sns;gbb;p38b;Scgdelta;mtm;Smox;HDAC3;Eph;Mhcl;myo;Hmg-2;Six4;goe;drpr;CG2082;ball;MBD-like;Atf3"
"GOBP_SENSORY_SYSTEM_DEVELOPMENT",0.000576479631053036,0.0151837324525186,0.369032078460737,1.56072731415306,2,228,"Ace;Dll;brm;Hr3;dpp;fj;tj;Galphai;Gbeta13F;Hsp23;Jra;dlg1;Sos;Ca-alpha1D;pho;nau;ninaB;put;Sce;sn;tkv;tup;Ten-m;pros;N;sv;ple;Wnt5;Wnt4;Sema2a;Aldh;nuf;croc;sty;Diap2;Nf1;jumu;Rab18;HDAC1;fz2;toy;Abi;Spred;Ptx1;sdk;Gpo1;gbb;Actbeta;Scgdelta;Bap60;CG4025;moody;scf;Bap55;Smox;Eph;Nipped-B;Six4;drpr"
"GOBP_AXON_EXTENSION",0.000618429189857761,0.0154698263018597,-0.534872696708502,-1.84232973424848,2,55,"Abl;acj6;dsh;sgg;shi;bs;Vinc;mys;Gdi;CanA1;Cdk5;drl;Lis-1;NetB;chb;Sin3A;wit;Cortactin"
"GOBP_MEIOTIC_CELL_CYCLE",0.00062047569803516,0.0154698263018597,-0.405684590985971,-1.66729058134198,2,171,"Mps1;asp;aurA;capu;CycB;Hsc70-1;Hsf;Grip91;Prosbeta6;mei-9;okr;ovo;sesB;spn-A;spn-D;Prosalpha4;Cdk2;mts;Klp67A;shtd;Plc21C;fs(1)h;piwi;Calr;Cks30A;Taf1;CycE;bol;fng;Pms2;Wee1;glu;tos;SMC3;mael;mre11;Prosbeta2;Prosalpha7;aurB;Bub3;Nsun2;Pten;Prosbeta3;Hus1-like;Grip84;Grip75;Grip163;Grip128"
"GOBP_NEGATIVE_REGULATION_OF_CELL_DEVELOPMENT",0.000616396137250873,0.0154698263018597,-0.437598074400732,-1.72550535761379,2,125,"arm;dx;grn;hook;Hsc70-5;Prosbeta6;lz;sgg;Su(var)2-10;tll;Egfr;ush;Wnt2;hh;C15;hop;Gdi;14-3-3zeta;alpha-Cat;Lac;fra;tsr;Wee1;Bgb;Bro;Cdk5;drl;NetB;Cdk4;Stat92E;Pi3K21B;Tsf1;CRMP;Prosalpha7;DAAM;Pten;Prosbeta3;Tob;Sur;trbl;Tollo;Prosbeta5"
"GOBP_PROTEIN_LOCALIZATION_TO_CELL_PERIPHERY",0.000614376407945935,0.0154698263018597,-0.38061637649583,-1.59918044977573,2,200,"Act42A;arm;arr;cin;Chc;cni;comt;LanA;numb;Pkc98E;ref(2)P;Su(var)2-10;Egfr;ptc;boca;mew;Rap1;mys;14-3-3zeta;Lac;Dsor1;cora;Spn;Moe;Ank;Cdk5;cher;Vps26;ktub;nrv1;Rab11;Rab7;Past1;Khc-73;Rack1;Pi3K21B;eIF4G1;Rbcn-3B;IKKbeta;Fim;Flo1;rush;Amnionless;siz;Eaat1;Wdr24;Ptpmeg2;Smurf;CHOp24;Grip;Gga;Klp10A"
"GOBP_REGULATION_OF_D_GLUCOSE_IMPORT",0.000610749185667752,0.0154698263018597,-0.673505010015539,-1.97717318091182,2,26,"acj6;Chc;csw;sgg;Rap1;Mef2;Pi3K21B;chico;Eaat2"
"GOBP_REGULATION_OF_MITOTIC_CELL_CYCLE_PHASE_TRANSITION",0.000619578686493185,0.0154698263018597,-0.381923312473597,-1.61056899061556,2,210,"Act42A;Mps1;aurA;csw;CycB;ecd;exd;E(z);hay;Hsc70-1;Prosbeta6;mor;mus101;Blm;rod;sax;spn-D;sw;Egfr;Cdk2;mts;neb;Plc21C;fs(1)h;Xpc;CycD;CycE;Spn;Moe;RnrL;RnrS;Snr1;Wee1;ctp;Cdc2rk;Rab11;Rbf;Cdk4;mre11;ko;Sin3A;Prosbeta2;Prosalpha7;eIF4G1;robl;Bub3;Pten;Prosbeta3;Hus1-like;Kank;REG;Prosbeta5;raptor;APC7;CG1785;Bap111"
"GOBP_DENDRITE_DEVELOPMENT",0.000626435581541032,0.0154871721083505,-0.405602298263974,-1.62605265733523,2,144,"Abl;arm;Lar;dsh;neur;numb;pk;sgg;stau;tll;ct;Wnt2;mys;C15;14-3-3zeta;alpha-Cat;Lcch3;Rbp9;Cdc42;Sdc;Gug;Spn;msn;fra;Mad;Mef2;Mvl;tsr;Cdk5;ktub;Lis-1;CRMP;Crk;mbt;siz;Pten;Eb1;fz4;Cdk5alpha"
"GOBP_AXON_DEVELOPMENT",0.000838926174496644,0.0181479470983024,-0.355031725178281,-1.53044436611625,3,257,"Abl;acj6;Act42A;Act57B;Act88F;csw;Lar;dsh;ena;Fas2;grn;numb;pip;pk;rut;sgg;shi;sina;tll;Egfr;betaTub85D;ptc;bs;Wnt2;Ptp4E;Ptp99A;Vinc;zfh1;hh;mys;otk;hop;Gdi;fd96Cb;CanA1;alpha-Cat;Dsor1;Uch;htl;fra;Ank;Ret;Cdk5;Nrx-IV;Hr38;drl;Lis-1;NetB;Vang;Khc-73;Fak;chb;Sin3A;CRMP;dimm;wit;trio;Flo1;Cortactin;par-6;RhoGAPp190;Pten;Lim1;Cdk5alpha;beta4GalNAcTA;cindr"
"GOBP_CANONICAL_WNT_SIGNALING_PATHWAY",0.000835073068893528,0.0181479470983024,-0.400003445229827,-1.60832824025094,3,147,"arm;arr;asp;BicC;dsh;fz;grn;gro;pk;rk;sgg;sina;sr;Egfr;Pp1-87B;mts;Wnt2;Ptp4E;zfh1;hh;Su(H);otk;elB;Eip63E;htl;Sdc;wts;Rel;Hr38;drl;Nle;Roc1a;DAAM;Axn;fz4;Madm;Tnks;lili;Kank;Smurf;Dd;SoxN"
"GOBP_CELL_ACTIVATION",0.000759157335357753,0.0181479470983024,0.315365871135539,1.42823965891876,3,469,"nAChRalpha1;nAChRalpha2;Act5C;AnxB10;Appl;brm;cta;cv-2;Hr3;dpp;EcR;emc;Actn;for;tj;g;Galphai;H2.0;Jra;dlg1;Sos;CG5504;pho;Myb;Raf;Pkc53E;run;sl;smo;Sod1;ss;sqh;Syb;nAChRbeta2;Ptp10D;RasGAP1;LysP;LysS;LysX;Galphaq;Rop;drk;N;inaC;TkR86C;ci;sv;dpn;Wnt5;Gel;Rac1;SerT;Dcp-1;dock;Prosbeta1;Xe7;Sema1a;Sema2a;Mlh1;Pp2B-14D;CalpA;nSyb;Ptp69D;Rac2;Rho1;Mlp84B;Ost48;mbc;spel1;csul;vri;Prosalpha5;fz2;Gcn2;Pdk1;Dad;Pkn;Xbp1;AMPKalpha;arg;foi;WASp;p38b;Kap-alpha1;Actbeta;Rab27;Bap60;Pli;Bap55;PlexB;PlexA;Smox;Eph;Mhcl;Tip60;Mad1;CG6171;mino;drpr;CG2082;Syt4;Ilk"
"GOBP_CELL_CYCLE_G1_S_PHASE_TRANSITION",0.000831427977551445,0.0181479470983024,-0.405279426974589,-1.62061701110268,3,140,"Act42A;csw;CycB;ecd;E(z);Prosbeta6;Rcc1;mor;sax;Su(var)2-10;Egfr;Cdk2;mts;neb;Plc21C;mys;CycD;Taf1;CycE;atms;babo;Moe;RnrL;RnrS;Snr1;Wee1;wts;Cdc2rk;eIF4E1;Cul1;Rbf;Cdk4;ko;qkr58E-2;Prosbeta2;Prosalpha7;eIF4G1;Roc1a;Taf10b;Pten;Prosbeta3;Kank;SoxN;REG;Prosbeta5;raptor;Bap111"
"GOBP_CELL_FATE_COMMITMENT",0.000772946859903382,0.0181479470983024,0.424884547043069,1.68905516089669,3,136,"Dll;bi;eya;dpp;emc;fkh;Lim3;nau;Raf;pnr;run;sd;smo;so;tkv;tup;Ten-m;slp2;pros;N;sv;Ets65A;Ets21C;lbl;dpn;Wnt5;Wnt4;Dcp-1;simj;HLH3B;byn;B-H1;Rho1;croc;gcm;sty;jumu;tap;unpg;Apc;Rab10;HDAC1;Atu;toy;Ptx1;fus"
"GOBP_EPITHELIAL_CELL_PROLIFERATION",0.00078003120124805,0.0181479470983024,0.389771730850872,1.60054973544214,3,178,"awd;Dll;eya;cv-2;Dab;Pka-C3;dpp;emc;in;Jra;dlg1;robo2;peb;Pkc53E;put;Ras85D;rl;run;sl;smo;so;tkv;tup;yrt;pros;N;TkR86C;sv;noc;dpn;Wnt5;Aldh;Nf1;Lgr1;toy;stck;Pdk1;Xbp1;fus;gbb;Sirt1;PlexB;Smox;Eph;SPARC;Six4"
"GOBP_HINDBRAIN_DEVELOPMENT",0.000820008200082001,0.0181479470983024,-0.458959759236164,-1.72433914824207,3,90,"Abl;acj6;Gart;arm;csw;E(z);grn;zen;Wnt2;neb;hh;mys;alpha-Cat;Lcch3;Dsor1;Gug;Mad;Cdk5;cher;nrv1;Gcn5;Crk;PHDP;Lim1;fz4;Cdk5alpha;beta4GalNAcTA"
"GOBP_MICROTUBULE_POLYMERIZATION_OR_DEPOLYMERIZATION",0.000815827044666531,0.0181479470983024,-0.472602033439166,-1.73487841973971,3,78,"Abl;Act42A;aurA;FER;Hsc70-2;Grip91;RpS3;betaTub85D;betaTub97EF;mts;neb;Klp67A;Arl2;128up;dia;l(2)efl;CLIP-190;chb;Grip84;Grip75;Grip163;Grip128;Eb1;Cdk5alpha;nmdyn-D7;pigs;Klp10A;CG9784;Tao"
"GOBP_MYELOID_LEUKOCYTE_DIFFERENTIATION",0.00082152392688437,0.0181479470983024,-0.432191328780144,-1.6833549714092,3,115,"acj6;arm;FER;grn;Hsf;lz;rb;Su(var)2-10;ush;tin;mys;retn;Su(H);nvy;slbo;Cdc42;Srp54k;dia;scat;Dif;Pi3K92E;Lis-1;Rbf;Cdk4;dos;Stat92E;Pi3K21B;Tsf1;Irp-1B;CG14818;Tob;Vha100-3;Vha100-2;Vha100-1;trbl;Tollo;raptor"
"GOBP_NEURONAL_ACTION_POTENTIAL",0.000787711697518708,0.0181479470983024,0.64923198976945,1.86826743937912,3,25,"nAChRalpha1;nAChRalpha2;na;Sh;Sod1;nAChRbeta2;GluRIA;Shal;Dop1R1;Ork1;moody;Fmr1"
"GOBP_POSITIVE_REGULATION_OF_D_GLUCOSE_TRANSMEMBRANE_TRANSPORT",0.000804990943851882,0.0181479470983024,-0.680296672601737,-1.94737623454283,3,23,"acj6;Chc;csw;Rap1;Mef2;Hr38;Pi3K21B;chico;Eaat2"
"GOBP_POSITIVE_REGULATION_OF_GENE_EXPRESSION",0.000760167236792094,0.0181479470983024,0.313968391573877,1.42567726191294,3,494,"Act5C;Act79B;Appl;bru1;Dll;brm;bsk;dnc;dpp;EcR;eEF2;emc;tj;Hrb98DE;Hsp68;Hsp83;hyd;l(3)mbt;pho;robo2;Fib;Raf;pnr;Ras85D;run;sl;smo;Sod1;Syb;tkv;tra2;tup;wbl;yrt;Cdk1;Ptp10D;GluRIA;N;wapl;Hrb27C;Ets65A;Ets21C;dpn;Wnt5;Gel;SerT;dock;Prosbeta1;pelo;RpS4;lark;Mlh1;B-H1;E2f1;Pp2B-14D;Aldh;Hsp70Aa;Hsp70Bb;not;MAPk-Ak2;Ptp69D;mof;sty;Psi;Ddx1;Diap2;spel1;p38a;rin;HDAC1;ara;csul;vri;Nlp;Prosalpha5;angel;fz2;toy;Gcn2;Nrk;Xbp1;AMPKalpha;eIF2Bepsilon;gbb;Sirt1;p38b;Kap-alpha1;Actbeta;Irp-1A;eIF2Bbeta;Rab27;Bap60;Pli;PlexB;Smox;Adar;Rok;Tak1;Agpat2;CG7857;l(1)G0020;CG18659"
"GOBP_POSTSYNAPSE_ORGANIZATION",0.000831600831600832,0.0181479470983024,-0.397679445759058,-1.59427130601765,3,143,"Abl;Act42A;Act57B;Act88F;cin;Lar;dsh;LanA;mnd;numb;ort;pk;stau;boca;ct;Wnt2;mew;mys;Lcch3;Cdc42;Spn;Moe;tsr;wts;Cdk5;Nrx-IV;Lis-1;Fak;CRMP;Crk;homer;Cortactin;Pten;Eb1;Cdk5alpha"
"GOBP_PROTEIN_DNA_COMPLEX_ORGANIZATION",0.000820681165367255,0.0181479470983024,-0.427514599387489,-1.65912337196078,3,111,"dup;dre4;mor;spn-A;spn-D;Su(var)2-10;Tbp;His3.3B;TfIIB;yem;Ssrp;Taf1;Taf5;Taf6;TfIIA-L;Taf12;Smyd3;Iswi;Snr1;Rnp4F;Mcm2;Set;Nap1;TfIIEalpha;TfIIEbeta;MED6;Taf10b;MED18;CG5815;MED15;Acf;Hey;Rpt4;NC2beta;Spt6;Caf1-180;Bap111;Set2"
"GOBP_REGULATION_OF_ALCOHOL_BIOSYNTHETIC_PROCESS",0.000790201501382853,0.0181479470983024,0.64999269727314,1.9326948922602,3,29,"Pka-C1;Dab;dpp;Galphai;rl;Wnt5;Lgr1;AMPKalpha;gbb;nes;Eato;CG1801;CG31689;CG9663"
"GOBP_REGULATION_OF_POLYSACCHARIDE_METABOLIC_PROCESS",0.000812347684809098,0.0181479470983024,-0.666046324996941,-1.93933322210926,3,25,"Chc;Hex-C;sgg;Pp1-87B;PhKgamma;Rel;chico;Dyrk3;Rubicon;CG7766;CG9784"
"GOBP_TRANSCRIPTION_ELONGATION_BY_RNA_POLYMERASE_II",0.000823384108686702,0.0181479470983024,-0.45056718372493,-1.71714778302179,3,99,"arm;e(y)2;E(z);hay;Pp1-87B;mts;hh;fs(1)h;Dsor1;TfIIFalpha;TH1;TfIIFbeta;TfIIS;atms;Rnp4F;Nelf-E;asun;Cbp80;EloB;MED6;CycT;Axn;MED18;RecQ5;NELF-B;MED15;spt4;Spt6;Set2;CG9915;IntS2"
"GOBP_MICROTUBULE_CYTOSKELETON_ORGANIZATION",0.000849798172933928,0.0182489505457782,-0.327465607345052,-1.45287396664054,3,342,"Abl;Act42A;Mps1;arm;asp;aurA;capu;Chc;CycB;dsh;FER;fu;Gapdh1;gro;hook;Hsc70-2;Grip91;RpS3;Rcc1;pk;sgg;shi;betaTub85D;betaTub97EF;Cdk2;mts;neb;Klp67A;Klp68D;mys;Arl2;TfIIB;Mbs;128up;LamC;dia;l(2)efl;Moe;tsr;Wee1;Cdk5;Dhc93AB;cher;Cul1;SMC3;Lis-1;Rab11;Rab6;Pitslre;Gcn5;asun;CLIP-190;chb;nudC;DCTN2-p50;aurB;E2f2;Roc1a;par-6;Pten;Grip84;Grip75;Grip163;Grip128;Axn;Eb1;Cdk5alpha;Tnks;Kank;htt"
"GOBP_POSITIVE_REGULATION_OF_TRANSPORT",0.00094535829079221,0.0201539426921064,0.325628682090829,1.45657687333896,4,401,"Ace;nAChRalpha1;Ald1;Appl;BicD;Pka-C1;Dab;dpp;EcR;Actn;Gdh;Hsp83;Khc;dlg1;Ca-alpha1D;hyd;pbl;Raf;Pkc53E;sei;Shaw;sl;smo;Sod1;sub;Syb;tup;usp;Zw;Cdk1;Syt1;Ptp10D;LysP;LysS;LysX;Ten-m;Rop;TkR86C;Rab3;trpl;CanB;Wnt5;Gel;Rac1;AP-1-2beta;Acbp2;SerT;Dop1R1;Pp2B-14D;Ance;CalpA;Odc1;Odc2;nSyb;Syx1A;Ptp69D;Rac2;Oda;mbc;CanB2;nrv2;CaMKI;14-3-3epsilon;Ran;Pdk1;Osbp;Xbp1;Cbp20;bon;Dap160;Ac78C;gbb;Sirt1;Dlc90F;p38b;Actbeta;Rab27;mtm;Smox;Mgstl;HDAC3;Mhcl;Cdlc2;Drp1;nes;Stam;Pfrx;Syt4;sut2;sut1;robl22E;Fmr1;CG4701;SK;PGAP1;Pink1;CG14435;Atg5;GIIIspla2;AP-1gamma"
"GOBP_SENSORY_ORGAN_MORPHOGENESIS",0.000959140610013428,0.0201556548189965,0.422317007228451,1.69524688330708,4,144,"Dll;bi;eya;Hr3;dpp;Dr;fj;tj;Galphai;Hsp23;in;pho;ninaB;osp;rl;Sce;sn;so;Sod1;tsh;Ten-m;slp2;pros;N;bap;sv;ple;Wnt5;Rac1;CG10939;Aldh;Rac2;sty;Nf1;jumu;tap;unpg;HDAC1;fz2;toy;Abi;Ptx1;sdk;gbb;Eph;Nipped-B;SPARC;Six4;drpr"
"GOBP_VASCULATURE_DEVELOPMENT",0.000952743902439024,0.0201556548189965,0.335284568869583,1.46733856961815,4,322,"Act5C;AnxB10;Dll;bi;cad;eya;cta;cv-2;Pka-C3;dpp;emc;Jra;Sos;l(2)gl;robo2;Pkc53E;pnr;put;Ras64B;rl;sd;sl;smo;so;ss;tkv;tup;vap;Ptp10D;CrebA;pros;N;inaC;Su(fu);CanB;dpn;Wnt5;ATPsynbeta;AP-1-2beta;fbl;Sema1a;Sema2a;HLH3B;E2f1;Aldh;Rho1;croc;sty;Nf1;Pi3K68D;unpg;wun;fz2;toy;Pdk1;Dad;Spred;Ptx1;Xbp1;gbb;Sirt1;p38b;Scgdelta;PlexB;Eph;Mhcl;Rok;SPARC"
"GOBP_MESENCHYME_MORPHOGENESIS",0.000982318271119843,0.0202096528226194,0.658539967097305,1.91142533568351,4,26,"Act79B;bi;dpp;Dr;robo2;pnr;tkv;tup;N;Wnt5;croc;gbb;Smox;Taf10"
"GOBP_REGULATION_OF_MUSCLE_SYSTEM_PROCESS",0.000973709834469328,0.0202096528226194,0.43373501922137,1.7037845044264,4,125,"nAChRalpha1;nAChRalpha2;AnxB10;Pka-C1;dnc;Actn;for;Galphai;Hsp83;Jra;dlg1;Ca-alpha1D;pho;nau;Pkc53E;pnr;Sh;Sod1;sqh;Tm1;Zw;nAChRbeta2;up;N;Mlc-c;TkR86C;Pp2B-14D;Ance;Gycalpha99B;Calx;Rho1;mbc;tap;Dad;Smox;Rok;myo"
"GOBP_RELAXATION_OF_MUSCLE",0.000982125319190729,0.0202096528226194,0.717031966810097,1.91371312230548,4,18,"dnc;Actn;for;Galphai;Sod1;Gel;Gycalpha99B;Calx;tap"
"GOBP_CHROMOSOME_SEGREGATION",0.00104036620890553,0.0203503694470538,-0.361326404011266,-1.54131556291374,4,237,"Act42A;Mps1;asp;aurA;capu;CycB;dup;Hsc70-2;Grip91;RpS3;Rcc1;mor;pk;rod;sesB;sw;betaTub85D;Pp1-87B;neb;Klp67A;Klp68D;shtd;His3.3B;TfIIB;Top1;128up;Cdc42;CycE;lwr;dia;Iswi;Snr1;wts;ctp;cher;glu;SMC3;Rab11;Rbf;mael;Gcn5;chb;nudC;DCTN2-p50;robl;aurB;Bub3;Pten;Grip84;Grip75;Grip163;Grip128;Eb1;RecQ5;Tnks"
"GOBP_FEMALE_GAMETE_GENERATION",0.00101708706265256,0.0203503694470538,-0.472261101556983,-1.75124200645607,4,82,"Mps1;aop;arm;asp;aurA;capu;CycB;disco;Fbp2;Hsf;rec;rk;hh;dia;bol;Nos;Wee1;Gem3;yps;tna;Pten;tapas;Ythdc1;Tob;Ercc1"
"GOBP_LEARNING_OR_MEMORY",0.00103498240529911,0.0203503694470538,-0.383057148712419,-1.57560544053927,4,172,"Abl;hth;if;mnd;Atpalpha;Pgi;rut;sr;Su(var)2-10;Egfr;trx;bs;ct;Ptp99A;mew;Cbp53E;Plc21C;TkR99D;mys;fd96Cb;nmd;CanA1;Itpr;Lcch3;Rbp9;CycD;Tbh;Nmdar1;Spn;Snap25;Mef2;Mvl;AcCoAS;Cdk5;Deaf1;Dhc93AB;Nrx-IV;Lis-1;Gcn5;mbt;Fen1;Tsc1;Pten;Eaat1;beta4GalNAcTA;LManII;htt;sut3;Sur;nAChRalpha5;GMF"
"GOBP_NEGATIVE_REGULATION_OF_MYELOID_CELL_DIFFERENTIATION",0.00101419878296146,0.0203503694470538,-0.568301500639513,-1.8639518071968,4,43,"arm;cact;grn;Hsc70-5;hth;lz;Su(var)2-10;ush;Ets97D;atms;Cdk4;Stat92E;Fak;Pi3K21B;Tsf1;nito;Tob;trbl;Tollo"
"GOBP_POSITIVE_REGULATION_OF_CELL_CELL_ADHESION",0.00102774922918808,0.0203503694470538,-0.436559418764924,-1.69535771078545,4,112,"Abl;Act42A;arm;csw;ftz-f1;grn;lz;mor;Pepck1;pnt;rb;hh;fs(1)h;mys;hop;14-3-3zeta;Psc;pll;Dif;Snr1;Ank;Hem;Bgb;Bro;Hr38;Pi3K92E;Shark;Stat92E;Fak;Flo1;tna"
"GOBP_REGULATION_OF_ANATOMICAL_STRUCTURE_SIZE",0.00104449550866931,0.0203503694470538,-0.343511683814928,-1.49310471982608,4,275,"Abl;acj6;adp;csw;Cyp6a2;ena;fliI;FER;Atpalpha;ninaC;per;Pkc98E;qua;sgg;shi;bs;kst;Wnt2;TkR99D;mys;Gdi;Dsor1;Tbh;emp;cpb;fra;Moe;Nos;tsr;wts;Hem;Ret;Cdk5;Cyp6a9;Cyp9c1;drl;Lis-1;NetB;Drip;crq;Acer;dos;Gcn5;Fak;Pi3K21B;chb;Sin3A;vimar;fray;wit;Fim;CG12773;E2f2;Oamb;DAAM;Cortactin;Tsc1;RhoGAPp190;Pten;STUB1;Amph;Kank;Sec71;Sur;Cyp28a5;Smurf;aru;ssh;sotv;Grip;raptor"
"GOBP_RENAL_SYSTEM_DEVELOPMENT",0.00102585145670907,0.0203503694470538,-0.374946250785612,-1.55243168780927,4,179,"arm;BicC;by;salr;exd;Fbp2;grn;if;LanA;ovo;pk;rk;sr;Egfr;ptc;Ser;Wnt2;Ptp4E;mew;Cbp53E;hh;mys;sim;otk;Psc;htl;Sdc;Sply;Hmgs;babo;Mad;Mef2;RnrS;Ret;mirr;Vang;Drip;caup;vkg;Acer;nompB;Orct;Nle;btv;promL;Tsc1;Ndg;Lim1;Kank;cindr;Hey;kirre"
"GOBP_VESICLE_MEDIATED_TRANSPORT_IN_SYNAPSE",0.00104166666666667,0.0203503694470538,-0.393142883812604,-1.57814400152939,4,145,"Act42A;arm;Cam;cm;dor;dsh;numb;or;rb;shi;Csp;Wnt2;Syn;Rap1;mys;nmd;Vha55;CanA1;Snap25;Nca;CASK;Cdk5;Pi3K59F;Nak;Rab7;CtBP;Fim;Plap;Torsin;unc-13;CalpB;siz;Pten;Amph;sut3;Vha100-2;Vha100-1;CG3168;BTBD9;Rph;CG1924;Tomosyn"
"GOBP_REGULATION_OF_MOLECULAR_FUNCTION",0.00105887335874629,0.0204947725094184,-0.307201382737573,-1.38967491294891,4,426,"Abl;acj6;aurA;ben;Cam;cni;Lar;eEF1alpha2;exd;E(z);FER;fu;Gapdh1;Galphas;grn;Hsc70-2;Ide;mle;Rpn8;Blm;Pkc98E;Pu;rut;sgg;Egfr;trc;bs;Tm2;neb;mew;Rap1;mys;hop;RpS2;14-3-3zeta;Arl2;TfIIB;Mbs;Psc;Dsor1;TfIIFalpha;CycE;htl;Ror;mtSSB;pll;Phb2;msn;wts;Ank;Nca;Fkbp12;cher;Set;Rpt2;ksr;Rbf;smid;mGluR;ko;Fak;Rack1;Tsf1;Clk;IKKbeta;RSG7;CycT;unc-119;Sik2;RhoGAP1A;Timp;Rlip;promL;Tsc1;CG11403;CSN5;Cdk5alpha;GABA-B-R2;Hey;Ankle2;Sec71;Rpt5;Rpt4;Rpt3;Rpn6;Rpn5;Rpn2;Rpn12;Rpn11;Rpn1;RfC38;CG3473;trbl;Spn55B;Tollo;CHOp24;CG5966;CG3224;CG4615;regucalcin;Usp7;Nprl2;CG13001;CG5445;CG6769;CG6179;Tao;Ubqn;cactin;bves;galectin;CG11374;shv"
"GOBP_POSITIVE_REGULATION_OF_PROTEIN_METABOLIC_PROCESS",0.00114176974310181,0.0219548142758531,0.311424502694513,1.40341143276186,5,439,"abo;Appl;bsk;Dab;dpp;eEF2;fzy;Hsc70-3;Hsp68;Hsp83;CG5504;dco;l(3)mbt;pbl;Raf;polo;put;rl;tup;Cdk1;Ten-m;Fur1;wapl;gol;dpn;Wnt5;Gel;Rac1;Dcp-1;dock;pelo;eff;Sema2a;RpS4;lark;B-H1;CalpA;Hsp70Aa;Hsp70Bb;Sap47;l(2)dtl;Chi;Ptp69D;Rac2;Rho1;Oda;sty;CkIalpha;Diap2;dod;HDAC1;phr6-4;Nlp;Gcn2;Tmtc3;Rpt6;Nrk;Dad;Abi;Xbp1;Pka-R2;cyc;eIF2Bepsilon;CG32809;CG3156;Ac78C;Sirt1;Mekk1;DIP2;Actbeta;Rilpl;eIF2Bbeta;Pli;scf;PlexB;JTBR;HDAC3;Tip60;Rok;Traf4;Tak1;CG7857;Rad23;l(1)G0020;Rab3-GAP;Ulp1;MTA1-like;CenG1A;Eato;Rpt1;Fmr1;Uba2;Aos1;CG11700;Pink1;slpr;CG1582;CDK2AP1;Sk1;Brms1;CG1662;CG1998"
"GOBP_CIRCADIAN_RHYTHM",0.00117279124315872,0.0222603344346642,0.435384822220612,1.68328386979525,5,114,"nAChRalpha1;bsk;Hr3;EcR;emc;Jra;Mybbp1A;dco;ninaB;Pkc53E;Sh;ss;Cdk1;nonA;Galphaq;5-HT7;pros;Hnf4;Shal;faf;SerT;lark;HDAC1;csul;phr6-4;vri;cyc;AMPKalpha;Sirt1;moody;SkpA;HDAC3;Tip60;Rok;Ass;MTA1-like;Fmr1"
"GOBP_DEVELOPMENTAL_MATURATION",0.00116890707188778,0.0222603344346642,0.380978913998296,1.58096039095244,5,194,"Appl;Pka-C1;dpp;Dr;emc;fkh;Actn;fzy;g;dlg1;l(3)mbt;Rab32;mr;run;stg;tud;usp;Zw;Fur1;Rop;sv;Rab3;Ets65A;Ets21C;dpn;Wnt5;Rac1;tutl;l(2)03659;heph;Sema2a;HLH3B;Aldh;Rac2;Rho1;Nf1;oxt;fz2;Rca1;Rfx;Xbp1;Vha36-1;Bap55;PlexB;Rok;HDAC6"
"GOBP_DENDRITE_MORPHOGENESIS",0.00122824974411464,0.0228937538908487,-0.450402593364072,-1.70428204389844,5,94,"Lar;dsh;numb;sgg;stau;tll;ct;Wnt2;mys;C15;14-3-3zeta;alpha-Cat;Lcch3;Rbp9;Cdc42;Sdc;Gug;msn;Mef2;Mvl;tsr;Cdk5;Lis-1;CRMP;Pten;Eb1;fz4;Cdk5alpha;nAChRalpha5"
"GOBP_POLYSACCHARIDE_BIOSYNTHETIC_PROCESS",0.00121457489878543,0.0228937538908487,-0.62845388169637,-1.89461359446213,5,29,"Chc;Hex-C;per;sgg;Pp1-87B;Rel;sfl;chico;Dyrk3;sotv;CG9784"
"GOBP_SEX_DIFFERENTIATION",0.00123279227450175,0.0228937538908487,-0.413185695485525,-1.62924421508483,5,125,"arm;asp;salr;csw;exd;FER;ftz-f1;grn;kz;rk;svp;ush;Wnt2;Klp67A;TkR99D;hh;dac;alpha-Cat;CycD;Sply;Gug;babo;fng;Mad;Nos;cher;Set;Acer;Stat92E;Cbl;wit;Crk;Optix;Dronc;Lim1;fz4;cindr;Ercc1"
"GOBP_T_CELL_ACTIVATION",0.00124507159161652,0.0228937538908487,-0.357085552500582,-1.52693366554418,5,241,"Abl;Act42A;arm;csw;dx;ftz-f1;fz;grn;Prosbeta6;lz;mor;Pepck1;rb;sr;Su(dx);Egfr;trx;ush;bs;tin;Ser;zfh1;hh;fs(1)h;hop;14-3-3zeta;Psc;CanA1;CycD;Sdc;Dif;fng;Moe;Mvl;Snr1;Hem;Bgb;Bro;Fkbp12;Pi3K92E;RpL22;Shark;Cdk4;Stat92E;Khc-73;Cbl;Gcn5;Pi3K21B;Prosalpha7;Lip3;Fim;Roc1a;tna;Tsc1;Prosbeta3;drosha;lili;chm;Vha100-3;Vha100-2;Vha100-1"
"GOBP_TRANSCRIPTION_INITIATION_AT_RNA_POLYMERASE_II_PROMOTER",0.00123941334435034,0.0228937538908487,-0.406569398808641,-1.62011130774569,5,135,"ash2;cact;hay;skd;sr;Su(var)2-10;Tbp;trx;bs;mts;Rrp1;TfIIB;TfIIFalpha;Taf1;Taf5;Taf6;TfIIFbeta;TfIIA-L;Taf12;Snr1;Rel;Ssb-c31a;TfIIEalpha;TfIIEbeta;Cdk4;Gcn5;asun;EloB;MED6;Roc1a;Taf10b;MED18;MED15;Hey;Ogg1;chm;Ercc1;Rpt4;NC2beta"
"GOBP_ANTERIOR_POSTERIOR_PATTERN_SPECIFICATION",0.00136505460218409,0.0241927146965397,0.426862950037828,1.64596932975429,6,111,"bi;cad;dpp;Dr;en;fkh;fy;kto;pho;E(spl)mbeta-HLH;nau;pnr;put;Sce;smo;so;tkv;tsh;tud;yrt;Fur1;Fur2;N;dpn;Wnt5;Ssdp;byn;Aldh;Chi;croc;tap;unpg;fz2;toy;Abi;stan;PlexA;Smox;ear"
"GOBP_MUSCLE_CELL_MIGRATION",0.00136372491720242,0.0241927146965397,0.550664855125431,1.83840839121375,6,49,"cta;dpp;for;smo;so;tkv;Tm1;TkR86C;Sema1a;Ance;mbc;Xbp1;PlexB;PlexA;Rok;myo;Tak1;Six4;drpr;CG2082"
"GOBP_OSTEOBLAST_DIFFERENTIATION",0.00136107330351935,0.0241927146965397,0.424546331658583,1.67102752457786,6,127,"Ace;Dll;Cat;Pka-C1;Hr3;dpp;Dr;emc;Jra;Mybbp1A;Fib;put;Ras64B;run;smo;sog;tkv;Tm1;twi;Ptp10D;CrebA;N;ci;Su(fu);Wnt5;ATPsynbeta;Ref1;Sema2a;Pp2B-14D;Nf1;Rme-8;p38a;Rca1;Dad;Hira;gbb;p38b;Smox;Eph;msk;Ilk;Non1;Rpt1;asf1"
"GOBP_REGULATION_OF_CELLULAR_RESPONSE_TO_GROWTH_FACTOR_STIMULUS",0.0013550135501355,0.0241927146965397,0.406530061246675,1.63987672430989,6,152,"Dll;cv-2;dpp;Dr;fy;Got1;Hsc70-3;Hsp68;Hsp83;robo2;Pkc53E;pnr;run;sog;CrebA;Fur1;pros;Fur2;N;inaC;noc;dpn;Wnt5;pelo;eff;Sema1a;Hsp70Aa;Hsp70Bb;sty;Diap2;dod;HDAC1;Pdk1;Dad;Spred;Xbp1;melt;bon;Sirt1;SkpA;Smox;wdb;Ilk;lqf"
"GOBP_REGULATION_OF_PROTEIN_LOCALIZATION",0.001329534662868,0.0241927146965397,0.300765644900298,1.3653081806475,6,492,"Ace;Ald1;Appl;BicD;bsk;Pka-C1;cv-2;Dab;Pkg21D;dpp;EcR;fkh;Actn;for;Gdh;Galphai;Galphao;Hsp68;Hsp83;Khc;dlg1;dco;hyd;pbl;Pkc53E;polo;Ras85D;RanGAP;Sh;smo;so;sub;Syb;CCT1;tup;usp;wbl;yrt;Cdk1;Ten-m;Hnf4;Su(fu);Wnt5;Gel;bys;Rac1;AP-1-2beta;CCT5;Sas-4;eff;Hsp70Aa;Hsp70Bb;nSyb;Syx1A;nuf;Rac2;Oda;Mlp84B;Nf1;dod;Rab14;CaMKI;Nlp;fz2;Ork1;Cdk9;14-3-3epsilon;Ran;Rfx;Pdk1;emb;Abi;Osbp;Xbp1;cyc;bon;AMPKalpha;Ac78C;gbb;stan;p38b;Actbeta;moody;CG13920;Smox;HDAC3;Eph;Mhcl;Rok;msk;HDAC6;Drp1;Rip11;Six4;wdb;Pfrx;ball;Syt4;Eato;sut2;sut1"
"GOBP_RESPONSE_TO_NUTRIENT_LEVELS",0.0013389441469013,0.0241927146965397,0.344983501518217,1.48296729972821,6,267,"Ace;nAChRalpha1;nAChRalpha2;bsk;Cat;EcR;eEF2;fkh;tj;Galphai;Hsc70-3;Mybbp1A;lt;nau;Pkc53E;pnr;r;rl;Sod1;usp;Zw;nAChRbeta2;GluRIA;Sam-S;Wnt5;SerT;Wnt4;Aldh;Ask1;CkIalpha;Pi3K68D;Pdk;Gcn2;Xbp1;Pp2C1;aay;AMPKalpha;gbb;Sirt1;p38b;Actbeta;CG4025;HDAC3;Tip60;Ass;TyrRS"
"GOBP_ADENYLATE_CYCLASE_MODULATING_G_PROTEIN_COUPLED_RECEPTOR_SIGNALING_PATHWAY",0.00137497544686702,0.0242226213454058,0.488271623288832,1.75486307416327,6,73,"Appl;Pka-C1;cta;Sap-r;dnc;Pka-C3;Galphai;Gbeta13F;Galphao;Ca-alpha1D;Pkc53E;5-HT1A;Galphaq;5-HT7;TkR86C;CG10939;Dop1R1;csul;Lgr1;Pka-R2;Ac3;Ac78C"
"GOBP_DEVELOPMENTAL_CELL_GROWTH",0.00142944659995916,0.0249981792139059,-0.425450583840463,-1.64181973000413,6,107,"Abl;acj6;arm;aurA;dsh;pk;sgg;shi;bs;Vinc;zfh1;mys;Gdi;CanA1;fra;Cdk5;drl;Lis-1;NetB;chb;Sin3A;wit;Plap;Oamb;ari-2;unc-13;mbt;Cortactin"
"GOBP_LEUKOCYTE_CELL_CELL_ADHESION",0.00144419228388694,0.0249981792139059,-0.38604190710455,-1.57182889149826,6,159,"Abl;Act42A;csw;dx;ftz-f1;grn;if;Prosbeta6;lz;mor;Pepck1;pnt;rb;Su(dx);Egfr;hh;fs(1)h;mys;hop;14-3-3zeta;Psc;Sdc;pll;Dif;Moe;Snr1;Hem;Bgb;Bro;Hr38;Pi3K92E;Shark;Stat92E;Cbl;Prosalpha7;tna;Prosbeta3"
"GOBP_RESPONSE_TO_KETONE",0.00144449030127941,0.0249981792139059,-0.384360246912764,-1.56581198558005,6,160,"Cam;Gal;Galphas;Pepck1;Pgi;Pkc98E;rut;v;Mdr65;TkR99D;Rap1;Ac76E;hop;Calr;Psc;Lcch3;CycD;Hmgs;Spn;blw;scat;Smyd3;Nca;Hydr2;eIF4E1;Cpr;Ugt36A1;Drip;Cdk4;CG2187;Cbl;Sin3A;fray;Lip3;Ugt35B1;Ugt35A1;Axn;Ugt37C1;Ugt37A1;Ugt49B1"
"GOBP_SECRETION",0.00151400454201363,0.0260479611848192,0.307403959621472,1.39351263566092,7,477,"Ace;nAChRalpha1;nAChRalpha2;Ald1;AnxB10;awd;bi;BicD;Pka-C1;Dab;dpp;EcR;fkh;tj;Gdh;Galphai;Galphao;kar;l(2)gl;Raf;Pkc53E;put;r;ry;Sh;Syb;tup;wbl;nAChRbeta2;5-HT1A;Syt1;CrebA;Galphaq;Fur1;Rop;Fur2;N;inaC;TkR86C;Hnf4;por;sv;Rab3;Gel;Rac1;AP-1-2beta;SerT;l(2)03659;CG10939;lark;Pp2B-14D;Ance;nSyb;Syx1A;nuf;Rac2;Nf1;Pi3K68D;Rala;tap;Rab10;phr6-4;sktl;Ork1;Rfx;Pdk1;Osbp;Xbp1;cyc;Dap160;CG32809;Ac78C;gbb;stan;Actbeta;Rab27;AkhR;moody;scf;alphaCOP;Smox;Mgstl;Mhcl;Drp1;Ugt37B1;Rip11;Stam;Pfrx;Syt4;Hrd3;Rich;sut2;sut1;Fmr1"
"GOBP_ADENYLATE_CYCLASE_ACTIVATING_G_PROTEIN_COUPLED_RECEPTOR_SIGNALING_PATHWAY",0.0015530964861192,0.0262261762555938,0.516651709682584,1.76630392823444,7,55,"Appl;Pka-C1;cta;dnc;Pka-C3;Galphai;Gbeta13F;Pkc53E;Galphaq;5-HT7;TkR86C;CG10939;Dop1R1;Lgr1;Pka-R2;Ac3;Ac78C"
"GOBP_OSSIFICATION",0.00155702608018684,0.0262261762555938,0.372313365988411,1.55079052297133,7,202,"Ace;Dll;Cat;Pka-C1;Hr3;dpp;Dr;emc;Actn;in;Jra;Mybbp1A;nau;Fib;put;Ras64B;rl;run;smo;so;sog;tkv;Tm1;twi;usp;Ptp10D;CrebA;N;TkR86C;ci;Su(fu);Wnt5;ATPsynbeta;Ref1;Sema2a;Pp2B-14D;Calx;Rho1;croc;Nf1;oxt;Rme-8;p38a;Rca1;Dad;Hira;gbb;p38b;PlexB;Smox;Eph;msk;Nipped-B;Ilk;Non1;Rpt1;asf1"
"GOBP_REACTIVE_OXYGEN_SPECIES_METABOLIC_PROCESS",0.0015600624024961,0.0262261762555938,0.423195269648565,1.63182687623019,7,111,"Appl;Cat;Galphai;ninaB;sl;Sod1;Zw;Dhfr;porin;drk;sv;Rac1;Dop1R1;Ance;Rac2;Rho1;Diap2;CG5989;Pdk;arg;gbb;p38b;Rab27;HDAC6;Trap1;CG14777;fab1;Coq7;CG14778;Pink1;Atg5;ATP7;Pvf1;ND-18;Cbs;CG15403;ND-B14.5B;ND-13A"
"GOBP_REGULATION_OF_REACTIVE_OXYGEN_SPECIES_METABOLIC_PROCESS",0.00156893508531085,0.0262261762555938,0.483685549550137,1.76791052212427,7,80,"Appl;Galphai;ninaB;sl;Sod1;Zw;Dhfr;porin;drk;sv;Rac1;Ance;Rac2;Rho1;Diap2;Pdk;arg;gbb;p38b;Rab27;HDAC6;Trap1;CG14777;fab1;Coq7;CG14778;Pink1;Atg5"
"GOBP_RHYTHMIC_PROCESS",0.00154858691444057,0.0262261762555938,0.401031435868654,1.61769615605016,7,152,"nAChRalpha1;bsk;Hr3;EcR;emc;Jra;Mybbp1A;dco;ninaB;Pkc53E;Sh;ss;tkv;Cdk1;nonA;Galphaq;5-HT7;pros;N;Hnf4;Shal;faf;PCNA;SerT;Dcp-1;lark;l(2)dtl;HDAC1;csul;phr6-4;vri;Lgr1;Pdp1;cyc;AMPKalpha;Sirt1;Actbeta;moody;SkpA;HDAC3;Tip60;Rok;myo;Drp1;Ass"
"GOBP_DNA_TEMPLATED_TRANSCRIPTION_INITIATION",0.00165255112580045,0.026906280723415,-0.386006714919888,-1.56423414557368,7,153,"ash2;cact;hay;RpS3;skd;sr;Su(var)2-10;Tbp;trx;bs;mts;Rrp1;TfIIB;slbo;TfIIFalpha;Taf1;Taf5;Taf6;TfIIFbeta;TfIIA-L;Taf12;Iswi;Snr1;Rel;Ssb-c31a;TfIIEalpha;TfIIEbeta;Cdk4;Gcn5;asun;EloB;MED6;Roc1a;Taf10b;MED18;MED15;Hey;Ogg1;chm;Ercc1;Rpt4;NC2beta"
"GOBP_MEIOTIC_CELL_CYCLE_PROCESS",0.00164846486709252,0.026906280723415,-0.414193790433967,-1.60982602530785,7,113,"Mps1;asp;aurA;capu;CycB;Hsc70-1;Hsf;mei-9;okr;ovo;sesB;spn-A;spn-D;Prosalpha4;Klp67A;Plc21C;fs(1)h;Calr;Cks30A;Taf1;CycE;bol;Pms2;Wee1;glu;mael;mre11;Nsun2;Pten;Hus1-like"
"GOBP_ORGANELLE_FISSION",0.00167364016736402,0.026906280723415,-0.332636816058027,-1.4492040771553,7,281,"Mps1;arr;asp;aurA;capu;CycB;dup;Hsc70-1;Hsc70-2;Hsf;Rcc1;mei-9;okr;pk;rb;rod;sesB;spn-A;spn-D;sw;Prosalpha4;Pp1-87B;neb;Klp67A;Klp68D;Plc21C;fs(1)h;His3.3B;Calr;Cks30A;128up;Cdc42;Taf1;CycE;lwr;Spn;bol;Iswi;Wee1;ctp;cher;glu;SMC3;Rab11;Rbf;mael;mre11;Gcn5;chb;nudC;DCTN2-p50;Pgam5;robl;aurB;Bub3;Rlip;Pten;Eb1;Mtch;Ankle2"
"GOBP_POSTSYNAPTIC_SPECIALIZATION_ORGANIZATION",0.00162866449511401,0.026906280723415,-0.633295210227239,-1.85913138973134,7,26,"Abl;Lar;pk;mys;tsr;wts;Nrx-IV;Fak;Crk;Pten"
"GOBP_REGULATION_OF_DNA_TEMPLATED_TRANSCRIPTION_ELONGATION",0.0016273393002441,0.026906280723415,-0.462393816911809,-1.71465207071223,7,82,"arm;E(z);dre4;su(sable);Pp1-87B;mts;hh;fs(1)h;Dsor1;TfIIFalpha;TH1;TfIIS;Nelf-E;asun;Cbp80;MED6;CycT;Axn;MED18;RecQ5;NELF-B;MED15;chm;spt4"
"GOBP_REGULATION_OF_GROWTH",0.00167364016736402,0.026906280723415,-0.33911267529031,-1.47304181075558,7,273,"Abl;acj6;CycB;Eno;Galphas;Hsc70-2;Hsf;Hsp26;Hsp67Bc;lz;sax;sgg;shi;Su(dx);tld;Egfr;ptc;ush;bs;mts;neb;Plc21C;hh;His3.3B;Su(H);Gdi;14-3-3zeta;Cdc42;htl;Sply;Spn;scat;l(2)efl;babo;fra;Mef2;Moe;tsr;wts;Cdk5;Set;drl;Lis-1;NetB;Rbf;mael;Pitslre;sba;Stat92E;Rack1;chb;Sin3A;Cbp80;RhoGEF2;eIF4G1;wit;Fim;Plap;Crk;unc-13;mbt;Cortactin;CalpB;Pten"
"GOBP_REGULATION_OF_TRANS_SYNAPTIC_SIGNALING",0.00166910077195911,0.026906280723415,-0.354725709608872,-1.51428938805942,7,239,"Abl;mAChR-A;nAChRbeta1;Cam;cn;Lar;dor;dsh;mnd;Atpalpha;neur;Pkc98E;ref(2)P;rut;sgg;stau;tll;trx;betaTub85D;bs;ct;Wnt2;Syn;Cbp53E;Plc21C;TkR99D;Rap1;mys;hop;14-3-3zeta;nmd;CanA1;Itpr;Lcch3;Nmdar1;kermit;lwr;Snap25;fra;Mef2;tsr;CASK;Cdk5;Nrx-IV;eIF4E1;Lis-1;Rab11;Acer;mGluR;Gcn5;Fak;Dgkepsilon;trio;Flo1;Oamb;unc-13;homer;RhoGAP1A;siz;X11L;Pten;Eaat1"
"GOBP_REGULATION_OF_CELLULAR_LOCALIZATION",0.00169240533107679,0.0270600895871083,-0.321869479347932,-1.41335907860588,7,309,"mAChR-A;Act42A;arm;arr;cact;Chc;csw;Galphas;Hsp26;Hsp67Bc;janA;mle;mnd;numb;Pkc98E;ref(2)P;sgg;sw;Egfr;Pp1-87B;boca;mew;Rap1;hh;mys;hop;Gdi;14-3-3zeta;Mbs;CanA1;Myo61F;Dsor1;Nmdar1;cora;Spn;l(2)efl;Moe;Nos;Ank;ctp;Nca;Cdk5;Fkbp12;cher;Vps26;Rab11;Past1;Rack1;Pi3K21B;qkr58E-2;Edem1;robl;Fim;Sec13;Crk;TBPH;Nsun2;siz;par-6;Eaat1;Cdk5alpha;Ptpmeg2;TM9SF4;sut3;Sur;ssh;CHOp24;Zpr1;Klp10A;BORCS5;Usp7;Set2;MSBP;Lrp4;CG9915;CG9784"
"GOBP_ERK1_AND_ERK2_CASCADE",0.00176297747306562,0.0275887219455269,0.431970870861214,1.65588976324076,8,107,"Appl;cv-2;Dab;dpp;Galphai;Jra;dlg1;Raf;Pkc53E;Ras85D;Ras64B;rl;sev;Cdk1;N;CG10939;Sema1a;Ance;Ptp69D;sty;Nf1;dod;csul;Lgr1;loco;Spred;Xbp1;Actbeta;Eph;CG2082;ball;Atf3"
"GOBP_HORMONE_TRANSPORT",0.00175472801715734,0.0275887219455269,0.380005262266256,1.56538867666808,8,183,"Ald1;bi;Pka-C1;Dab;EcR;fkh;tj;Gdh;Galphai;Galphao;kar;Raf;Pkc53E;put;Sh;Syb;tup;5-HT1A;Rop;TkR86C;Hnf4;sv;Rab3;Rac1;lark;nSyb;Syx1A;nuf;Rac2;phr6-4;Ork1;Rfx;Osbp;cyc;Dap160;Ac78C;gbb;Actbeta;AkhR;moody;Smox;Rip11;Pfrx;sut2;sut1"
"GOBP_MESENCHYMAL_CELL_DIFFERENTIATION",0.00175609756097561,0.0275887219455269,0.423277874279352,1.62950943269655,8,110,"bi;Dab;dpp;Dr;fkh;fy;pnr;rl;smo;so;tkv;tup;yrt;N;sv;noc;CanB;dpn;Wnt5;Sema1a;Sema2a;Aldh;Su(Tpl);croc;mof;sty;unpg;HDAC1;Dad;Spred;Ptx1;bon;gbb;foi;SkpA;Smox;Rok;CG6171"
"GOBP_MUSCLE_CELL_DEVELOPMENT",0.0017428350116189,0.0275887219455269,0.439616912199674,1.67005043605277,8,100,"Act5C;bi;dpp;Actn;Ca-alpha1D;pho;nau;Pgm1;pnr;smo;sqh;tkv;Tm1;tup;Zw;Cdk1;up;pros;N;dpn;Pp2B-14D;CalpA;Calx;Mlp84B;Ptx1;Scgdelta;Mhcl;Six4;goe;drpr"
"GOBP_ENDOTHELIAL_CELL_MIGRATION",0.00184729064039409,0.0285008783411408,-0.417038477456886,-1.61415955606976,8,109,"Abl;arm;CkIIbeta;grn;Gs2;net;Pgi;pnt;sax;svp;tll;bs;Wnt2;zfh1;mys;Calr;emp;kermit;blw;babo;Mef2;Nos;Hr38;Pi3K92E;crq;Past1;dos;Stat92E;Fak;Pi3K21B;PRL-1"
"GOBP_REGULATION_OF_CELL_CELL_ADHESION",0.00185032894736842,0.0285008783411408,-0.367666733181298,-1.52993731343144,8,187,"Abl;Act42A;arm;csw;dx;ftz-f1;grn;Prosbeta6;lz;mor;Pepck1;pnt;rb;Su(dx);Egfr;Ser;Ptp99A;hh;fs(1)h;mys;elB;hop;14-3-3zeta;Psc;Dsor1;Sdc;pll;msn;Dif;Snr1;Ank;Hem;Bgb;Bro;Hr38;Pi3K92E;Shark;Stat92E;Cbl;Fak;Prosalpha7;Flo1;tna;Prosbeta3"
"GOBP_REGULATION_OF_PROTEIN_POLYMERIZATION",0.00184804928131417,0.0285008783411408,-0.429567597444664,-1.63265320458667,8,97,"Abl;ena;fliI;FER;Hsc70-2;RpS3;Pkc98E;qua;betaTub97EF;kst;mts;Arl2;128up;cpb;Moe;tsr;wts;Hem;Fak;CLIP-190;Pi3K21B;chb;DAAM;Cortactin;Eb1;Amph;Cdk5alpha;Kank;Sec71;nmdyn-D7;aru;ssh"
"GOBP_MESENCHYME_DEVELOPMENT",0.00193236714975845,0.029609500805153,0.401527222191229,1.59781248922451,9,137,"Act79B;bi;Dab;dpp;Dr;fkh;fy;robo2;pnr;rl;sd;smo;so;tkv;tup;yrt;N;sv;noc;CanB;dpn;Wnt5;Sema1a;Sema2a;Aldh;Su(Tpl);croc;mof;sty;unpg;HDAC1;Dad;Spred;Ptx1;bon;gbb;foi;SkpA;Smox;Rok;CG6171;Six4;Taf10"
"GOBP_NEURAL_TUBE_DEVELOPMENT",0.00194969779684149,0.0297202638254283,0.437582611044482,1.67372774043997,9,105,"Pka-C1;dpp;en;fkh;fy;in;kto;sd;smo;sog;sub;pros;N;ci;Su(fu);sv;dpn;Wnt5;Dcp-1;Sema2a;Ssdp;Aldh;Nf1;Rala;unpg;toy;pug;gbb;stan;PlexB;PlexA;Eph;Tip60"
"GOBP_POSITIVE_REGULATION_OF_ALCOHOL_BIOSYNTHETIC_PROCESS",0.00197706603400554,0.0299821044950736,0.660596220556485,1.80897490284382,9,20,"Pka-C1;Dab;Galphai;rl;Wnt5;Lgr1;AMPKalpha;gbb"
"GOBP_CELL_JUNCTION_DISASSEMBLY",0.00201816347124117,0.0304483945250847,-0.675670445287978,-1.91235177344976,9,22,"FER;pk;mys;msn;babo;Vang;Pi3K21B;mbt;siz;Sur"
"GOBP_GLAND_DEVELOPMENT",0.00207856994387861,0.0307677827221435,-0.354812096616927,-1.51002358741329,9,229,"Abl;arm;arr;aurA;salr;CycB;bsh;exd;E(z);ftz-f1;grn;LanA;mnd;mor;Pepck1;Egfr;betaTub85D;ptc;vls;zen;bs;tin;Wnt2;B52;Rap1;hh;Su(H);elB;hop;fd96Cb;slbo;Dsor1;CycD;htl;Phb2;Hmgs;Srp54k;Dif;babo;Moe;wts;alpha-Man-IIa;Deaf1;Rel;Hr96;otp;NetB;Stat92E;Lip3;chico;Crk;Optix;Taf10b;RhoGAPp190;Ugt37C1;Ugt37A1;cindr;Spn55B;onecut;nerfin-1;SoxN"
"GOBP_NEGATIVE_REGULATION_OF_CELL_CYCLE",0.00206611570247934,0.0307677827221435,-0.363814246957896,-1.53055061598746,9,206,"Abl;Mps1;arm;aurA;csw;CycB;E(z);Fbp2;dup;grn;mus101;Blm;ovo;pnt;rod;sax;spn-A;sw;trc;Cdk2;fs(1)h;Xpc;slbo;CycD;Taf6;Iswi;Wee1;wts;ctp;Cdk5;Hr38;Set;Cul1;Rbf;Cdk4;mre11;Gcn5;Nle;Clk;robl;Bub3;Roc1a;Nsun2;Pten;Hus1-like;Tnks;Kank"
"GOBP_POSITIVE_REGULATION_OF_CELLULAR_COMPONENT_BIOGENESIS",0.00208116545265349,0.0307677827221435,-0.349792829798323,-1.49657314313469,9,243,"Abl;Lar;ena;FER;Hsc70-2;RpS3;neur;ninaC;Pkc98E;sax;sgg;stau;bs;Cdk2;Tm2;mts;ct;Wnt2;TkR99D;Rap1;Ac76E;cdi;Arl2;128up;Cdc42;Sdc;msn;babo;Moe;twin;tsr;wts;Hem;pnut;Nrx-IV;cher;mirr;Shark;Rab7;caup;Acer;nompB;Rga;lig;Fak;CLIP-190;Rack1;Pi3K21B;chb;CRMP;eIF4G1;inc;Cortactin;siz;Tsc1;RhoGAPp190;STUB1;Eb1;Amph;Cdk5alpha;htt;Ercc1;Rpt4"
"GOBP_REGULATION_OF_ACTIN_FILAMENT_BASED_PROCESS",0.0020614306328592,0.0307677827221435,-0.360918566537586,-1.49624268923736,9,182,"Abl;arm;dsh;ena;fliI;FER;Mp20;Atpalpha;ninaC;Pkc98E;qua;stau;Tm2;kst;zfh1;TkR99D;mys;cdi;alpha-Cat;Cdc42;Sdc;RyR;babo;cpb;Moe;tsr;wts;Ank;Hem;Cdc2rk;cher;Vang;Fak;Pi3K21B;chb;Crk;DAAM;Cortactin;Tsc1;RhoGAPp190;Amph;Cdk5alpha;Kank;cindr;Sec71;GMF;aru;ssh"
"GOBP_GLIAL_CELL_DIFFERENTIATION",0.00214132762312634,0.0310636631355851,0.411393685953849,1.61814159010208,10,126,"Appl;Dll;baz;dpp;emc;kto;Sos;Raf;Ras85D;rl;smo;Sod1;alphaTub85E;Cdk1;Ptp10D;Ten-m;drk;N;sv;CanB;dpn;HLH3B;Dop1R1;Calx;Rho1;gcm;Nf1;HDAC1;csul;wun;toy;eIF2Bepsilon;eIF2Bbeta;CG2082;Ilk;Eato"
"GOBP_HEART_MORPHOGENESIS",0.00214341387373344,0.0310636631355851,0.412067809818888,1.62317694320412,10,128,"bi;eya;dpp;Dr;emc;Jra;Sos;robo2;pnr;sd;smo;so;tkv;Tm1;tup;up;pros;N;Mlc-c;Su(fu);ple;lbl;dpn;Wnt5;Rac1;byn;Aldh;Rac2;croc;sty;jumu;Dad;Ptx1;gbb;Bap60;PlexB;Smox;Eph;Nipped-B;CG2082;Ilk"
"GOBP_MORPHOGENESIS_OF_A_BRANCHING_STRUCTURE",0.00214049425958358,0.0310636631355851,0.438625468079636,1.65856565065049,10,98,"Dll;bi;eya;cta;dpp;Dr;fkh;dlg1;l(2)gl;Ras85D;smo;so;pros;drk;N;ci;sv;CanB;Wnt5;Wnt4;croc;gcm;sty;unpg;fz2;Ptx1;fus;gbb;stan;PlexB;PlexA;Eph;Six4;Ilk"
"GOBP_MUSCLE_ORGAN_DEVELOPMENT",0.00214216163583252,0.0310636631355851,0.375748775784399,1.55487474546181,10,190,"nAChRalpha1;nAChRalpha2;dpp;Dr;eEF2;emc;Actn;H2.0;Ca-alpha1D;nau;sd;smo;so;tkv;Tm1;tup;nAChRbeta2;up;pros;N;Mlc-c;sv;lbl;Pp2B-14D;CalpA;MED20;alien;Rho1;croc;mof;Mlp84B;Nf1;tap;p38a;Pdp1;Dad;Ptx1;Xbp1;cyc;AMPKalpha;sns;Sirt1;p38b;Scgdelta;mtm;Smox;Eph;Adar;myo;Ass;Hmg-2;Six4;goe;drpr;ball;Atf3;Fmr1"
"GOBP_ANIMAL_ORGAN_FORMATION",0.00215770890545312,0.0311175470580543,0.604162036150981,1.82389681720148,10,31,"eya;dpp;robo2;pnr;rl;so;tkv;tup;N;bap;sv;dpn;Wnt5;sty;gbb;Bap60"
"GOBP_ADHERENS_JUNCTION_ORGANIZATION",0.00223395613322502,0.0320599948485269,-0.624988174341747,-1.81978382649575,10,25,"Act42A;arm;FER;numb;Vinc;elB;Cdc42;Moe;Flo1"
"GOBP_POSITIVE_REGULATION_OF_CELL_CYCLE",0.00226011916991987,0.0322780126111857,-0.365682658376393,-1.53076380529172,10,196,"Abl;arr;aurA;csw;CycB;exd;E(z);Hsc70-1;Hsf;hth;Rcc1;ovo;Pkc98E;spn-D;sw;tll;Egfr;neb;Plc21C;fs(1)h;Calr;CycD;Cdc42;CycE;htl;kermit;atms;bol;fng;Moe;RnrL;RnrS;ctp;Cdc2rk;Hr38;eIF4E1;glu;nonA-l;Lis-1;Rab11;Rbf;Cdk4;Stat92E;ko;Gcn5;Sin3A;eIF4G1;robl;aurB;Srpk79D;Fen1;CG11403;Dyrk3"
"GOBP_POLYSACCHARIDE_METABOLIC_PROCESS",0.00227178851714168,0.032287931485173,-0.504705400954745,-1.74987224411068,10,57,"Chc;flw;Hex-C;per;Pfk;sgg;Pp1-87B;PhKgamma;Rel;sfl;chico;Dyrk3;sotv;Rubicon;CG7766;CG9784;G6P;CG9550;Atg18b;Pgm2a;Mcad;UGP;CG12289;CG7551;Atg12;Gbs-70E;FucTA;Gbs-76A;CG7328"
"GOBP_PROTEASOME_MEDIATED_UBIQUITIN_DEPENDENT_PROTEIN_CATABOLIC_PROCESS",0.0022964509394572,0.0324815320378995,-0.328493126167232,-1.43217007015134,10,283,"arm;aurA;ben;CkIIbeta;dsh;dx;Hsc70-2;Prosbeta6;mor;Rpn8;pk;sgg;sina;Su(dx);Su(var)2-10;Prosalpha4;Cdk2;mts;neb;shtd;hh;nvy;slbo;Uch;Taf1;kermit;poe;Uch-L5;RpL11;Rpt2;Ubc4;Cul1;Gcn5;Rack1;Clk;Prosbeta2;Prosalpha7;EloB;Plap;CG2701;ari-2;inc;Faf2;Roc1a;Ate1;gus;Prosbeta3;Axn;STUB1;Nulp1;Rpt5;Rpt4;Rpt3;Rpn6;Rpn5;Rpn2;Rpn12;Rpn11;Rpn1;CG3473;trbl;Smurf;Prosbeta5;Pat1;APC7;UbcE2H;CG1785;CG17754;Usp7;hiw;HUWE1;Ubr1;wcy;CG8173;Ubqn;CG11710;CG1812;CG15445;Pex12;Prosbeta4R2"
"GOBP_ALCOHOL_METABOLIC_PROCESS",0.00233599377068328,0.0327261603492867,0.364936840174157,1.51605567584867,11,197,"Acph-1;Cat;Pka-C1;Dab;Pkg21D;dpp;EcR;for;Galphai;Gbeta13F;Got1;Idh;ifc;ninaB;pr;rl;sl;Zw;Dhfr;mdy;Wnt5;Cyp18a1;l(2)03659;Fdh;Aldh;Cyp9b1;dare;wun;Lgr1;Gpo1;AMPKalpha;gbb;Npc1a;Fpps;Gk1;nes;Ugt37B1;l(1)G0196;Dp1;Eato;CG33090"
"GOBP_POSITIVE_REGULATION_OF_ESTABLISHMENT_OF_PROTEIN_LOCALIZATION",0.00232874053949156,0.0327261603492867,0.370330612807959,1.53301770456422,11,189,"Ace;Ald1;Appl;bsk;Pka-C1;EcR;Gdh;Hsp68;Hsp83;hyd;pbl;Pkc53E;Ras85D;smo;sub;Syb;CCT1;tup;usp;Cdk1;Ten-m;Rac1;Sas-4;eff;Hsp70Aa;Hsp70Bb;nSyb;Rac2;Oda;CaMKI;fz2;14-3-3epsilon;Ran;Osbp;Xbp1;bon;AMPKalpha;Ac78C;gbb;p38b;Smox;HDAC3;Mhcl;Drp1;Pfrx;sut2;sut1;Aos1;SK;Pink1"
"GOBP_ALDEHYDE_METABOLIC_PROCESS",0.00237201027871121,0.0328536132553497,0.562085505486565,1.80039540716058,11,41,"Ald1;Dab;dpp;Idh;ninaB;Wnt5;Fdh;Gip;Aldh;Taldo;gbb"
"GOBP_CALCIUM_ION_IMPORT_ACROSS_PLASMA_MEMBRANE",0.00237576717481687,0.0328536132553497,0.703118885953431,1.81514034119161,11,16,"Ca-alpha1D;CanB;Pp2B-14D;Calx;CanB2;Nckx30C;SK"
"GOBP_CARDIAC_CONDUCTION_SYSTEM_DEVELOPMENT",0.00237859266600595,0.0328536132553497,0.656138593428288,1.81463560653249,11,21,"bi;dpp;Dr;emc;pnr;tkv;tup;N;ara"
"GOBP_ANTIVIRAL_INNATE_IMMUNE_RESPONSE",0.00243704305442729,0.0334173879461142,-0.623976005902576,-1.81683668632428,11,25,"ben;sta;Phb2;Dif;Iswi;CG3473;Usp7;CG17075;loqs;CCHa2-R;Sting;CG7220;Usp20-33"
"GOBP_NUCLEAR_CHROMOSOME_SEGREGATION",0.00248241621845263,0.0334173879461142,-0.361624782042544,-1.49700797102972,11,181,"Act42A;Mps1;asp;aurA;capu;CycB;dup;Hsc70-2;Rcc1;mor;pk;rod;sw;Pp1-87B;neb;Klp67A;Klp68D;shtd;His3.3B;128up;Cdc42;CycE;Iswi;Snr1;wts;ctp;cher;glu;SMC3;Rab11;Rbf;mael;Gcn5;chb;nudC;DCTN2-p50;robl;aurB;Bub3;Pten;Eb1"
"GOBP_REGULATION_OF_ESTABLISHMENT_OF_PROTEIN_LOCALIZATION",0.00246772968868641,0.0334173879461142,0.330595416127052,1.44265654602106,12,310,"Ace;Ald1;Appl;bsk;Pka-C1;dpp;EcR;fkh;Gdh;Galphai;Galphao;Hsp68;Hsp83;hyd;pbl;Pkc53E;Ras85D;RanGAP;Sh;smo;sub;Syb;CCT1;tup;usp;wbl;yrt;Cdk1;Ten-m;Hnf4;Su(fu);Rac1;Sas-4;eff;Hsp70Aa;Hsp70Bb;nSyb;Syx1A;nuf;Rac2;Oda;Nf1;CaMKI;fz2;Ork1;14-3-3epsilon;Ran;Rfx;emb;Osbp;Xbp1;cyc;bon;AMPKalpha;Ac78C;gbb;p38b;Actbeta;moody;Smox;HDAC3;Mhcl;HDAC6;Drp1;Rip11;Pfrx;sut2;sut1;cathD;Aos1;SK;Pink1"
"GOBP_REGULATION_OF_NERVOUS_SYSTEM_DEVELOPMENT",0.00246558454900349,0.0334173879461142,-0.362930148882879,-1.51924167863386,11,196,"acj6;arm;asp;Lar;E(z);hook;E(spl)m3-HLH;mnd;neur;numb;per;Pkc98E;stau;tll;zen;bs;Pp1-87B;ct;Wnt2;Ptp99A;neb;zfh1;hh;Bx42;C15;Gdi;14-3-3zeta;alpha-Cat;Lac;Dsor1;fra;Nos;alpha-Man-IIa;Cdk5;Nap1;drl;otp;Lis-1;NetB;CRMP;wit;DAAM;siz;Pten;Eb1;fz4;Amph;Hey;Sur;Smurf"
"GOBP_REGULATION_OF_PROTEIN_LOCALIZATION_TO_CELL_PERIPHERY",0.0024559967253377,0.0334173879461142,-0.431485127649398,-1.60900418325752,11,86,"Act42A;Chc;numb;Pkc98E;ref(2)P;Su(var)2-10;Egfr;mew;Rap1;mys;14-3-3zeta;Dsor1;cora;Spn;Moe;Cdk5;Vps26;Rab11;Rack1;Pi3K21B;eIF4G1;Fim;siz;Ptpmeg2;CHOp24;Klp10A;MSBP;galectin;CG11374"
"GOBP_REGULATION_OF_TRANSMEMBRANE_TRANSPORT",0.00248756218905473,0.0334173879461142,-0.352984969362043,-1.48860953339086,11,212,"Abl;acj6;Cam;Chc;cni;csw;mnd;Rpn8;Atpalpha;per;Pkc98E;sgg;Su(dx);Rap1;mys;14-3-3zeta;CanA1;Nmdar1;Phb2;msn;dia;RyR;Mef2;Nos;Ank;Nca;Fkbp12;cher;Hr38;Rpt2;nrv1;Acer;Fak;Pi3K21B;fray;chico;Torsin;CalpB;Eaat2;Amph;Madm;CAH1;Vha100-3;Vha100-2;Vha100-1;Sur;Rpt5;Rpt4;Rpt3;Rpn6;Rpn5;Rpn2;Rpn12;Rpn11;Rpn1;trbl"
"GOBP_RESPONSE_TO_CARBOHYDRATE",0.00251207729468599,0.0335933245498463,0.397852044510236,1.58318771542521,12,137,"Ald1;brm;Cat;Pka-C1;EcR;fkh;tj;Got1;Raf;Pkc53E;pnr;put;Syb;tra2;GluRIA;inaC;Hnf4;sv;Rac1;Dcp-1;lark;nSyb;Rac2;p38a;Ork1;Osbp;Xbp1;AMPKalpha;eIF2Bepsilon;Ac78C;p38b;eIF2Bbeta;Smox;Tip60;Rip11;mino;Pfrx;sut2;sut1"
"GOBP_CELL_SUBSTRATE_ADHESION",0.00268207138436146,0.0347365017547174,-0.375761220511809,-1.52996949770314,12,159,"Abl;arm;FER;fz;if;LanA;Pkc98E;sax;sgg;bs;Ser;Ptp4E;neb;Vinc;mew;mys;hop;cdi;Arl2;Calr;Cdc42;Itgbn;Sdc;msn;tsr;CASK;Cdk5;cher;Pi3K92E;tty;NetB;nrv1;Cdk4;Fak;Pi3K21B;chb;Crk;RhoGAP1A;Cortactin;Tsc1;Pten;Ndg;fz4;Kank"
"GOBP_HORMONE_MEDIATED_SIGNALING_PATHWAY",0.00266885649763909,0.0347365017547174,-0.405226594796608,-1.58034837080811,12,116,"acj6;CkIIbeta;csw;dor;E(z);ftz-f1;per;Rm62;sad;Su(var)2-10;tll;Bx42;hop;14-3-3zeta;Calr;PpD3;Taf1;Phb2;Dif;wts;Hr38;Hydr2;Hr78;Hr96;Rga;CtBP;Clk;Crk;tna;Kank;Hey"
"GOBP_PROTEIN_TARGETING_TO_LYSOSOME",0.00262255396409118,0.0347365017547174,-0.661414164039258,-1.85010228927895,12,21,"cm;rb;scat;Pi3K59F;Rab7;Sara;Gga;Hrs;Lamp1;Snx16"
"GOBP_RECOMBINATIONAL_REPAIR",0.00266721378744358,0.0347365017547174,-0.405720752196378,-1.57454454987723,12,111,"Abl;Act42A;ben;mei-9;mus101;mus301;Blm;okr;rec;spn-A;spn-D;Su(var)2-10;Irbp;Mcm2;nonA-l;ast;dpa;mre11;Mcm7;Pp4-19C;Chd3;CG14803;Mcm6;Fen1;Hus1-like;RecQ5;Rpn11;CG3473"
"GOBP_REGENERATION",0.00265143789516622,0.0347365017547174,-0.448552976868735,-1.65511540481873,12,80,"aurA;CycB;Lar;E(z);fz;grn;lz;mnd;prd;Egfr;ptc;Wnt2;B52;Rap1;hh;hop;Top1;alpha-Cat;Dsor1;CycD;scat;fra"
"GOBP_REGULATION_OF_CELLULAR_COMPONENT_SIZE",0.00267324696689286,0.0347365017547174,-0.361559973713259,-1.50861871113055,12,191,"Abl;acj6;adp;ena;fliI;FER;ninaC;Pkc98E;qua;sgg;shi;bs;kst;Wnt2;Gdi;cpb;fra;Moe;tsr;wts;Hem;Ret;Cdk5;drl;Lis-1;NetB;Drip;Fak;Pi3K21B;chb;Sin3A;fray;wit;Fim;CG12773;E2f2;DAAM;Cortactin;Tsc1;RhoGAPp190;Pten;Amph;Kank;Sec71;Smurf;aru;ssh"
"GOBP_REGULATION_OF_PROTEIN_TRANSPORT",0.00270165959089155,0.0347365017547174,0.344104571187606,1.46755677298046,13,247,"Ace;Ald1;Appl;Pka-C1;dpp;EcR;fkh;Gdh;Galphai;Galphao;Hsp83;hyd;pbl;Pkc53E;RanGAP;Sh;smo;sub;Syb;tup;usp;wbl;Cdk1;Ten-m;Hnf4;Su(fu);Rac1;nSyb;Syx1A;nuf;Rac2;Oda;Nf1;CaMKI;Ork1;14-3-3epsilon;Ran;Rfx;emb;Osbp;Xbp1;cyc;bon;Ac78C;gbb;p38b;Actbeta;moody;Smox;HDAC3;Mhcl;Drp1;Rip11;Pfrx;sut2;sut1"
"GOBP_RESPONSE_TO_MOLECULE_OF_BACTERIAL_ORIGIN",0.00266557309821612,0.0347365017547174,-0.394974991215504,-1.5683010839317,12,131,"Abl;cact;cn;csw;Fbp2;FER;grn;Hsf;mnd;Pkc98E;Pu;sgg;Hrb87F;hop;Rb97D;hep;htl;emp;pll;Hmgs;atms;Dif;Mef2;Mvl;Nos;Pxn;Rel;Hr38;Hr96;crq;Cdk4;mspo;Tsf1;Plap;RhoGAP1A;CalpB;Sur;CG4935;trbl;Las"
"GOBP_RESPONSE_TO_OXIDATIVE_STRESS",0.00270382695507488,0.0347365017547174,-0.338697304275634,-1.45624799883096,12,251,"Abl;nAChRbeta1;E(z);FER;hay;Hsc70-2;Hsp26;Hsp67Bc;CIAPIN1;Prosbeta6;RpS3;mnd;Rpn8;Pu;stau;Tm2;mts;TkR99D;hop;PpD3;Dsor1;Ccs;Aldh-III;poe;Dif;l(2)efl;Mvl;Nos;RnrS;tsr;Pxn;mtd;Hr38;Rpt2;Cul1;P5cr;Drip;ko;Gcn5;Rack1;Sin3A;fray;Prosbeta2;Prosalpha7;Crk;Torsin;Roc1a;Ate1;CalpB;Prosbeta3;Eaat1;Kap-alpha3;cindr;glob1;Ogg1;Ercc1;Sur;Rpt5;Rpt4;Rpt3;Rpn6;Rpn5;Rpn2;Rpn12;Rpn11;Rpn1;REG;Prosbeta5;Las"
"GOBP_REGULATION_OF_FAT_CELL_DIFFERENTIATION",0.00274240940254652,0.0350789933143125,0.482581328903417,1.71060344463385,13,68,"Hr3;dpp;Dr;emc;Gbeta13F;peb;shf;so;dpn;Wnt5;Cds;E2f1;Sap47;dod;Xbp1;Taf8;cyc;gbb;Sirt1;p38b;Smox;HDAC6;CG17841"
"GOBP_DNA_REPAIR",0.00276301806588735,0.0351896067092667,-0.313458504275513,-1.39138970514227,12,345,"Abl;nAChRbeta1;Act42A;ben;capu;e(y)2;hay;Hsf;dre4;Prosbeta6;RpS3;mei-9;mle;mor;mus101;mus301;Blm;okr;rec;spn-A;spn-D;Su(var)2-10;Egfr;Cdk2;Rrp1;Xpc;PpD3;Ssrp;Taf5;LamC;Taf6;Taf12;Uch-L5;Iswi;Pms2;RnrL;RnrS;Snr1;Irbp;Mcm2;nonA-l;tos;SMC3;ast;dpa;mre11;Gcn5;Mcm7;Clk;Prosbeta2;Prosalpha7;Pp4-19C;Parg;Chd3;CG14803;CG2701;Roc1a;Hmt4-20;Mcm6;Fen1;Taf10b;Prosbeta3;Hus1-like;Dek;Axn;CG11403;STUB1;RecQ5;Ogg1;chm;Ercc1;Rpn11;RfC38;CG3473;Prosbeta5;Usp16-45;Caf1-180;CG1785;Bap111;Usp7;Set2;CG11164;HUWE1;Spt7;Arp8;Ing3;Tao;Ubqn;Tfb4;CG15356;Prosbeta4R2;CG3165;Pif1;Art2;Marcal1;CG11322;Gas41;Mnn1;CG5181"
"GOBP_FC_RECEPTOR_MEDIATED_STIMULATORY_SIGNALING_PATHWAY",0.00283745439805432,0.0359818570649819,-0.685315743733942,-1.86652168433591,13,19,"Abl;Pkc98E;Rap1;Nos;Hr38;Shark;Fak"
"GOBP_PROTEIN_LOCALIZATION_TO_PLASMA_MEMBRANE",0.00288898060255881,0.0364780297541975,-0.372913315588848,-1.51917932153879,13,160,"Act42A;arm;arr;Chc;comt;LanA;numb;Pkc98E;ref(2)P;Egfr;ptc;boca;mew;Rap1;mys;14-3-3zeta;cora;Spn;Moe;Ank;Cdk5;cher;nrv1;Rab11;Rab7;Past1;Khc-73;Rack1;Pi3K21B;Rbcn-3B;IKKbeta;Fim;Flo1;rush;Amnionless;Wdr24;Ptpmeg2;Smurf;CHOp24;Grip"
"GOBP_REGULATION_OF_DNA_METABOLIC_PROCESS",0.00296108291032149,0.0372286577870334,-0.322390293900037,-1.40954012792807,13,297,"Abl;Act42A;arm;aurA;ben;capu;e(y)2;dup;Hsf;RpS3;mei-9;mle;mor;mus301;Blm;sax;spn-A;Su(var)2-10;Egfr;Cdk2;Orc3;dac;hep;Taf5;htl;LamC;Taf6;mtSSB;Taf12;Uch-L5;Iswi;Pms2;Snr1;Wee1;ctp;Mcm2;Set;CCT3;Ssb-c31a;SMC3;dpa;Stat92E;smid;Smg5;mre11;ko;Gcn5;Mcm7;Clk;Pp4-19C;EloB;Parg;Roc1a;Hmt4-20;Mcm6;Taf10b;Dek;Axn;CG11403;CCT6;RecQ5;Tnks;Acf;Ogg1;chm;Drep4;Drep3;Ercc1;RfC38;Lnk;CG3473;Spt6"
"GOBP_ACTIN_FILAMENT_POLYMERIZATION",0.00305935141749949,0.0377752169153878,-0.453615050820081,-1.66517896000163,14,78,"Abl;ena;fliI;FER;Pkc98E;qua;kst;hop;dia;cpb;Moe;tsr;wts;Hem;Fak;Pi3K21B;DAAM;Cortactin;Amph;Kank;cindr;Sec71;aru;ssh;CG11436;pod1"
"GOBP_GLIAL_CELL_DEVELOPMENT",0.00313295476796554,0.0377752169153878,0.470071623574348,1.68201288123462,15,71,"Appl;baz;emc;kto;Sos;Raf;Ras85D;rl;smo;Sod1;Ten-m;drk;CanB;Dop1R1;Nf1;eIF2Bepsilon;eIF2Bbeta;CG2082;Ilk;Eato"
"GOBP_POSITIVE_REGULATION_OF_PROTEIN_TRANSPORT",0.00309178743961353,0.0377752169153878,0.392616586620194,1.56235405947066,15,137,"Ace;Ald1;Appl;Pka-C1;EcR;Gdh;Hsp83;hyd;pbl;Pkc53E;smo;sub;Syb;tup;usp;Cdk1;Ten-m;Rac1;nSyb;Rac2;Oda;CaMKI;14-3-3epsilon;Ran;Osbp;Xbp1;bon;Ac78C;gbb;p38b;Smox;HDAC3;Mhcl;Drp1;Pfrx;sut2;sut1"
"GOBP_REGULATION_OF_CELL_GROWTH",0.00310302027306578,0.0377752169153878,-0.360098541246128,-1.49068983479736,14,181,"Abl;acj6;Eno;Hsc70-2;Hsp26;Hsp67Bc;sax;sgg;shi;Su(dx);Egfr;ptc;bs;neb;His3.3B;Gdi;14-3-3zeta;Cdc42;Spn;l(2)efl;babo;fra;tsr;wts;Cdk5;Set;drl;Lis-1;NetB;Rbf;Pitslre;Rack1;chb;Sin3A;Cbp80;RhoGEF2;eIF4G1;wit;Plap;Crk;unc-13;mbt;Cortactin;chm;Smurf;raptor;Ppt1;nmdyn-D6;Rrp45;rictor;Tao;CG1812;Rim2;HemK2;Ccdc85;tank;CG14535;Megf8"
"GOBP_REGULATION_OF_EPITHELIAL_CELL_PROLIFERATION",0.00306924995204297,0.0377752169153878,0.388933251673662,1.56123923836578,15,144,"awd;Dll;eya;Dab;dpp;in;Jra;dlg1;robo2;peb;Pkc53E;Ras85D;run;sl;smo;so;tkv;tup;yrt;pros;N;TkR86C;sv;noc;dpn;Wnt5;Aldh;Nf1;toy;stck;Pdk1;Xbp1;fus;gbb;Sirt1;PlexB;Smox;SPARC;Six4"
"GOBP_REGULATION_OF_REPRODUCTIVE_PROCESS",0.00306999590667212,0.0377752169153878,-0.429782012469085,-1.61197710061445,14,89,"Mps1;arm;asp;aurA;disco;ftz-f1;kz;ovo;ush;vls;Prosalpha4;shtd;Plc21C;TkR99D;hh;Calr;GstS1;bol;babo;fng;Wee1;asun;Timp;beta4GalNAcTA;Smurf;CG16721;APC7"
"GOBP_REGULATION_OF_WNT_SIGNALING_PATHWAY",0.00309214594928881,0.0377752169153878,-0.36986751365161,-1.50959948012708,14,162,"Abl;arm;asp;BicC;salr;fz;gro;pk;rk;sgg;sina;sr;Egfr;Pp1-87B;boca;mts;Ptp4E;mew;zfh1;hh;Su(H);otk;elB;gig;Eip63E;htl;wts;nmo;Rel;Vang;Rack1;Nle;Optix;Roc1a;DAAM;Axn;Madm;Tnks;lili;Kank;Smurf;Dd;SoxN"
"GOBP_RESPONSE_TO_ALKALOID",0.0031219512195122,0.0377752169153878,0.482445006683196,1.69726484004154,15,65,"Ace;nAChRalpha1;CycA;en;Hsp83;Ca-alpha1D;Pkc53E;r;5-HT1A;GluRIA;tws;dpn;SerT;Dcp-1;Dop1R1;Calx;HDAC1;Drice;Ptx1;sdk;AMPKalpha;Ac78C;Smox;Decay;Fkbp59"
"GOBP_RESPONSE_TO_RADIATION",0.00308701524213776,0.0377752169153878,0.347179229785895,1.47121163192545,15,233,"nAChRalpha1;Appl;Arr1;bsk;Cat;eya;emc;Galphai;Hsp23;Jra;Ca-alpha1D;pho;twe;ninaB;pbl;Raf;Ras85D;Shaw;stg;alphaTub85E;mei-41;Galphaq;Ubc6;drk;Xpac;PCNA;Cds;Dcp-1;Dop1R1;lark;l(2)dtl;Ptp69D;Rho1;Nf1;spel1;p38a;phr6-4;Nlp;lok;Drice;Gcn2;loco;Pp2C1;AMPKalpha;Sirt1;Mekk1;p38b;Smox;Rad9;Tip60;Nipped-B;Rad1;CSN3;CG2082;MTA1-like;ric8a;Usp1;robl22E;Nckx30C"
"GOBP_SYNCYTIUM_FORMATION",0.00312256049960968,0.0377752169153878,0.475942932749757,1.68412807164954,15,67,"RpLP0;eag;Ca-alpha1D;RpLP1;RpL32;nau;RpLP2;RpL4;RpL40;RpL7;RpL23;RpL18A;CalpA;RpL7A;gcm;mbc;CaMKI;sns;RpL10;p38b"
"GOBP_EMBRYONIC_SKELETAL_SYSTEM_MORPHOGENESIS",0.00315022642252412,0.0378284332043508,0.54331225839808,1.73220498629776,15,40,"Dll;eya;dpp;fy;kto;dlg1;nau;run;so;sv;Wnt4;croc;pug;gbb;Smox;Nipped-B;Six4"
"GOBP_D_GLUCOSE_IMPORT",0.00323690066761076,0.0386119641966559,-0.526494830140678,-1.70913753695986,15,41,"acj6;Chc;csw;sgg;Rap1;Mef2;Pi3K21B;chico;Tsc1;Eaat2;cindr;sut3"
"GOBP_MALE_SEX_DIFFERENTIATION",0.00324346239610785,0.0386119641966559,-0.446925873811637,-1.63103357664939,15,75,"arm;asp;FER;ftz-f1;grn;kz;rk;ush;Klp67A;hh;alpha-Cat;CycD;Sply;Gug;babo;Mad;cher;Acer;Stat92E;Cbl;wit;Crk;cindr;Ercc1"
"GOBP_POSITIVE_REGULATION_OF_ORGANELLE_ORGANIZATION",0.00326797385620915,0.0386119641966559,0.334494181238441,1.44522380881532,16,285,"bsk;Dr;Actn;fy;fzy;DCTN1-p150;Hrb98DE;Hsp68;Hsp83;dlg1;pho;Raf;polo;rl;rst;sn;spir;CCT1;Tm1;Cdk1;nonA;Syt1;mei-41;Ubc6;Ten-m;Rop;pros;drk;TkR86C;Wnt5;Gel;Rac1;dock;CCT5;Pfdn2;Sas-4;HLH3B;BRWD3;Hsp70Aa;Hsp70Bb;nuf;Rac2;Rho1;barr;Rala;Nlp;Surf4;Abi;Osbp;sns;Mekk1;Bap55;PlexA;Cdc16;Smox;Tip60;Rok;Mad1;SAK;Drp1;CG11970;Rab3-GAP;SMC2;msps;Syt4"
"GOBP_REGULATION_OF_POLYSACCHARIDE_BIOSYNTHETIC_PROCESS",0.00325799226226838,0.0386119641966559,-0.683028066755668,-1.83422815537923,15,18,"Chc;Hex-C;sgg;Pp1-87B;Rel;chico;Dyrk3;CG9784"
"GOBP_CARDIAC_CELL_DEVELOPMENT",0.00334645669291339,0.038760927521855,0.552771567648289,1.78107182838934,16,42,"bi;dpp;Actn;pho;pnr;tkv;tup;Zw;Cdk1;pros;N;Calx;sty;Mlp84B;Ptx1;Actbeta;Scgdelta;Mhcl"
"GOBP_HOMEOSTASIS_OF_NUMBER_OF_CELLS",0.00330920372285419,0.038760927521855,-0.351528867763303,-1.47718550511353,15,205,"Abl;csw;CycB;E(z);grn;Gs2;Hsc70-2;Hsc70-5;Prosbeta6;mnd;pnt;rb;rk;sesB;trx;ush;bs;tin;mts;RpS14b;hop;CanA1;TfIIS;dia;scat;babo;Mad;Mef2;Mvl;Nos;Hem;Rnp4F;Pi3K92E;Rbf;Cdk4;Stat92E;lig;Alas;Nle;Prosalpha7;Lip3;Irp-1B;RhoGAP1A;Prosbeta3;Eaat1;Dyrk3;Mtch;chm;Vha100-3;Vha100-2;Vha100-1;Lnk;Prosbeta5;Hml"
"GOBP_OOGENESIS",0.00329828901257473,0.038760927521855,-0.495472158928983,-1.70661747459626,15,55,"arm;asp;aurA;capu;CycB;disco;rk;hh;dia;bol;Wee1;Gem3;yps;tapas;Ythdc1;Ercc1"
"GOBP_REGULATION_OF_CELL_JUNCTION_ASSEMBLY",0.00332432993974652,0.038760927521855,-0.387293918920239,-1.54711481377964,15,139,"Abl;Ama;arm;Lar;fz;numb;pk;Pkc98E;sax;stau;ct;Wnt2;Vinc;Rap1;Lac;Myo61F;Sdc;Spn;msn;Mef2;tsr;wts;Nrx-IV;mirr;NetB;caup;Acer;Fak;chb;CRMP;eIF4G1;Chd3;IKKbeta;siz;Tsc1;Pten"
"GOBP_RESPONSE_TO_CALCIUM_ION",0.00333922608524848,0.038760927521855,0.466273524976755,1.67580123933933,16,73,"AnxB9;Appl;eag;Jra;pbl;Raf;sl;slo;alphaTub85E;up;Syt1;trpl;Wnt5;Pp2B-14D;CalpA;AMPKalpha;D2hgdh;Ac78C;Actbeta;Mat1"
"GOBP_HUMORAL_IMMUNE_RESPONSE",0.00343920695933644,0.0395240112279992,-0.52348811009975,-1.69937695092769,16,41,"csw;Gapdh1;grn;Pgi;Su(H);Psc;Phb2;Mef2;Mvl;tos;mspo;Tsf1;RpL39;Torsin"
"GOBP_REGULATION_OF_AXON_EXTENSION",0.00343920695933644,0.0395240112279992,-0.522990827494302,-1.69776264378014,16,41,"Abl;acj6;sgg;shi;bs;Gdi;Cdk5;drl;Lis-1;NetB;chb;Sin3A;wit;Cortactin;Smurf"
"GOBP_NEGATIVE_REGULATION_OF_HEMOPOIESIS",0.0034965034965035,0.0397170397170397,-0.479869002149012,-1.69165159950503,16,62,"arm;dx;grn;Hsc70-5;Prosbeta6;lz;Su(var)2-10;Egfr;ush;hh;hop;Bgb;Bro;Cdk4;Stat92E;Pi3K21B;Tsf1;Prosalpha7;Prosbeta3;Tob;trbl;Tollo;Prosbeta5"
"GOBP_NEPHRON_DEVELOPMENT",0.00348574943612877,0.0397170397170397,-0.419219551660649,-1.58306913747383,16,93,"arm;salr;exd;grn;LanA;rk;sr;Egfr;ptc;Ser;Wnt2;Ptp4E;mew;Cbp53E;hh;mys;Mef2;Ret;mirr;Vang;Drip;caup;vkg;Orct;promL;Ndg;Lim1;cindr;Hey;kirre"
"GOBP_SEGMENTATION",0.00348837209302326,0.0397170397170397,0.497107096264574,1.71314261599361,17,57,"bi;cad;tj;kto;nau;Pcl;tkv;tud;yrt;Fur1;Fur2;N;Wnt5;byn;croc;tap;ara;fz2;Abi;PlexA;Smox;ear;Taf10"
"GOBP_REGULATION_OF_NOTCH_SIGNALING_PATHWAY",0.00351167114232597,0.0397359096181654,-0.491096028376094,-1.70809003972333,16,58,"amx;cact;dx;grn;Pgant35A;neur;sax;Su(dx);Cdk2;Ser;CycC;nvy;fng;Nos;Nak;Nle;tna;Hey"
"GOBP_NEURON_FATE_COMMITMENT",0.00352871985885121,0.0397721639914561,0.541062613408342,1.71957961118829,17,39,"Dll;eya;dpp;emc;fkh;Lim3;so;tup;slp2;N;Ets65A;Ets21C;lbl;jumu;unpg;toy;fus"
"GOBP_NUCLEOSIDE_METABOLIC_PROCESS",0.00354191263282172,0.0397721639914561,0.600214088478196,1.77036651624323,17,28,"Acph-1;Aprt;awd;ry;Dhfr;l(2)k01209;dnk"
"GOBP_CELL_DIVISION",0.00361164223496919,0.0401619339856601,-0.311423655706069,-1.38231672848487,16,343,"asp;aurA;Cam;capu;Chc;CycB;flw;dup;ftz-f1;fz;gro;RpS3;Rcc1;Blm;numb;Pkc98E;rod;betaTub85D;ptc;Pp1-87B;Cdk2;Wnt2;neb;Klp67A;shtd;hh;14-3-3zeta;Top1;Psc;Eip63E;Cks30A;CycD;Cdc42;CycE;htl;cora;kermit;lwr;tsr;Wee1;wts;Ank;pnut;Cdk5;Nap1;Pi3K59F;Pi3K92E;glu;SMC3;Lis-1;Rab11;Rbf;Vang;Cdk4;Khc-73;ko;Gcn5;asun;Rack1;chb;nudC;aurB;CycT;Bub3;unc-119;Roc1a;Nsun2;par-6;Eb1;Dyrk3;RecQ5;Tnks;cindr;Ankle2"
"GOBP_MALE_GAMETE_GENERATION",0.00361087510620221,0.0401619339856601,-0.308102379825815,-1.37093778561829,16,352,"asp;chic;CycB;disco;ftz-f1;gro;hook;Hsc70-1;Hsf;Pgant35A;Prosbeta6;RpL36;Atpalpha;ovo;rb;rec;rk;sesB;sina;spn-D;Su(var)2-10;ptc;Prosalpha4;Pp1-87B;Ser;Klp67A;hh;fs(1)h;piwi;cdi;Calr;Klc;Taf1;Sply;Gug;bol;scat;Pglym87;RpL13;ctp;RpL11;pnut;Set;Hydr2;Hr78;Lis-1;RpL9;Rbf;mael;Acer;RpL29;RpL14;Orct;drongo;RpL3;yps;qkr58E-2;Clk;RpL39;Prosbeta2;Prosalpha7;Chd3;Ocrl;Dbp80;Crk;Roc1a;Sbf;Paf-AHalpha;Nsun2;RpL23A;Prosbeta3;Nhe1;tapas;Ythdc1;Ercc1;RpL15;Prosbeta5;Mkrn1;ssh;RhoGAP5A;RpL35;CG16721"
"GOBP_REGULATION_OF_GLYCOGEN_METABOLIC_PROCESS",0.00363122856566472,0.0401619339856601,-0.653083394678315,-1.82679952936826,17,21,"Hex-C;sgg;Pp1-87B;PhKgamma;chico;Dyrk3;Rubicon;CG7766;CG9784;CG12289;CG7551;Gbs-70E;Gbs-76A;CG7328"
"GOBP_REGULATION_OF_HORMONE_LEVELS",0.00362595419847328,0.0401619339856601,0.326146449777352,1.42017552122772,18,304,"Ace;Ald1;bi;Pka-C1;Dab;dpp;EcR;fkh;tj;Gdh;Galphai;Gbeta13F;Galphao;kar;ninaB;Raf;Pkc53E;put;Sh;Syb;tup;5-HT1A;Fur1;Rop;Fur2;mdy;TkR86C;Hnf4;sv;Rab3;Wnt5;Rac1;Cyp18a1;lark;Fdh;Aldh;Ance;nSyb;Syx1A;nuf;Rac2;Cyp9b1;phr6-4;Lgr1;Ork1;Rfx;Papss;Osbp;scu;cyc;Dap160;Ac78C;gbb;Actbeta;AkhR;moody;Smox;Ugt37B1;Rip11;Pfrx;sut2;sut1"
"GOBP_ENDOTHELIAL_CELL_DIFFERENTIATION",0.00365111561866126,0.0401946734998725,-0.514016980021348,-1.68590594563356,17,43,"arm;net;sax;svp;Ser;Vinc;zfh1;Plc21C;Rap1;Su(H);Mbs;Moe;Set;Lip3;wit;IKKbeta;fz4;Hey"
"GOBP_REGULATION_OF_ENDOTHELIAL_CELL_MIGRATION",0.00366151342554923,0.0401946734998725,-0.436413618487905,-1.61831211244337,17,82,"Abl;arm;CkIIbeta;grn;Gs2;net;Pgi;pnt;sax;svp;tll;Wnt2;mys;Calr;emp;blw;Mef2;Nos;Pi3K92E;crq;dos;Stat92E;Fak"
"GOBP_POSITIVE_REGULATION_OF_MITOTIC_CELL_CYCLE",0.00368474923234391,0.0402993763626609,-0.413140557351301,-1.56328592213692,17,94,"Abl;aurA;csw;CycB;exd;Hsc70-1;Hsf;hth;spn-D;Egfr;Plc21C;fs(1)h;CycD;CycE;Moe;RnrL;RnrS;Cdc2rk;eIF4E1;Lis-1;Rab11;Rbf;Cdk4;Stat92E;ko;Sin3A;eIF4G1"
"GOBP_IMMUNE_EFFECTOR_PROCESS",0.00373521477484955,0.0407000069170644,-0.342607031547298,-1.46114940958611,17,233,"Abl;csw;FER;grn;Hex-C;Prosbeta6;mnd;Pepck1;Pgi;Pkc98E;trx;betaTub85D;ush;tin;Ser;fs(1)h;mys;hop;14-3-3zeta;CanA1;Tbh;pll;Phb2;Dif;Snap25;fng;Pms2;Mvl;Nos;Hem;Pxn;Hr38;Pi3K59F;Pi3K92E;Shark;tos;Acer;dos;Stat92E;Cbl;sfl;mspo;Fak;Pi3K21B;Prosalpha7;Lip3;Fim;Crk;Hmt4-20;RhoGAP1A;Tsc1;Prosbeta3;LysRS;Ercc1;Vha100-3;Vha100-2;Vha100-1;Spt6;Tollo;Prosbeta5"
"GOBP_REGULATION_OF_IMMUNE_RESPONSE",0.00375704445835942,0.0407868073671344,-0.312352954246662,-1.38159579819223,17,327,"Abl;aurA;ben;cact;csw;Lar;dx;FER;Galphas;grn;Hsc70-2;janA;mle;Pepck1;Pkc98E;rb;ref(2)P;rk;Su(dx);mts;Rap1;fs(1)h;mys;Ac76E;hop;Gdi;14-3-3zeta;CanA1;hep;pll;Phb2;Dif;Mef2;Pms2;Moe;Mvl;Nos;wts;Hem;Irbp;Fkbp12;Rel;Hr38;Pi3K59F;Pi3K92E;Shark;Ubc4;abs;nonA-l;Stat92E;Cbl;stumps;Fak;Pi3K21B;Tsf1;Sin3A;qkr58E-2;Lip3;IKKbeta;Crk;Hmt4-20;RhoGAP1A;LysRS;cindr;CG2930;Lnk;CG3473;AlaRS-m;Spt6;Tollo;Mkrn1"
"GOBP_ENDOCYTOSIS",0.00382571732199787,0.0413796336813152,-0.30904220132969,-1.37178647737912,17,345,"Abl;Act42A;arr;Cam;ck;Chc;cm;grn;hook;if;Mp20;neur;numb;or;Pkc98E;rb;shi;Su(dx);boca;fwd;LysB;LysD;LysE;Rap1;hh;mys;gig;nmd;Calr;CanA1;Myo61F;Cdc42;Sdc;emp;jar;Moe;Mvl;Nos;Ank;Hem;Nca;Cdk5;Rab5;Pi3K59F;Pi3K92E;Shark;ktub;Nak;Rab7;crq;Acer;Past1;Cbl;mspo;Fak;CtBP;Rack1;Vps28;CRMP;Lip3;Flo1;CREG;unc-119;Torsin;Amnionless;RhoGAP1A;Cortactin;CalpB;Rlip;siz;promL;Sara;Amph;lili;cindr;Ack;TM9SF4;sut3"
"GOBP_CANONICAL_NF_KAPPAB_SIGNAL_TRANSDUCTION",0.00390143737166324,0.0416041465709216,-0.389758882408429,-1.54308902941081,18,128,"Abl;ben;cact;Gapdh1;gro;per;Pkc98E;ref(2)P;Su(dx);Su(var)2-10;mts;fs(1)h;PpD3;Ror;pll;lwr;Dif;Fkbp12;Rel;cher;Hr78;Cul1;Tsf1;IKKbeta;Flo1;Roc1a;CalpB;fan;nAChRalpha5;CG4935;CG3473;Tollo;Vap33;NFAT;HUWE1;cactin;galectin;CG11374"
"GOBP_EMBRYONIC_SKELETAL_SYSTEM_DEVELOPMENT",0.00389105058365759,0.0416041465709216,0.485518347164173,1.69616690207419,19,62,"Dll;eya;dpp;fy;kto;dlg1;nau;put;run;so;Fur2;bap;sv;Wnt5;Wnt4;croc;oxt;pug;CG32809;gbb;Smox;Nipped-B;Six4"
"GOBP_POSITIVE_REGULATION_OF_NEUROGENESIS",0.00389105058365759,0.0416041465709216,-0.405584192435662,-1.56182030878623,18,106,"acj6;arm;asp;Lar;mnd;neur;numb;Pkc98E;stau;bs;Pp1-87B;ct;Ptp99A;zfh1;hh;Bx42;Gdi;Dsor1;alpha-Man-IIa;Nap1;otp;Lis-1;NetB;wit;Eb1;fz4;Amph"
"GOBP_STEM_CELL_DIFFERENTIATION",0.00390304026294166,0.0416041465709216,-0.390458359159477,-1.55192921110536,18,132,"Abl;arm;arr;ftz-f1;fz;Hsc70-5;LanA;pk;sax;sgg;Su(dx);Egfr;bs;Ser;Wnt2;zfh1;hh;Su(H);Cdc42;htl;Mad;Mef2;tsr;Ret;Shc;Cul1;tty;Acer;Cdk4;Sp1;Chd3;wit;Roc1a;Nsun2;lili;NELF-B;Mtch;Rpn6"
"GOBP_PROTEIN_AUTOPHOSPHORYLATION",0.00392480892377608,0.0416851547066759,-0.486472085331414,-1.69200741921226,18,58,"aurA;FER;ninaC;sgg;Egfr;hop;Dsor1;Taf1;htl;pll;msn;babo;Fak;fray;Sik2;Ack"
"GOBP_EPIDERMIS_DEVELOPMENT",0.00394928289336936,0.0417942096125635,-0.377453683793023,-1.52077718393035,18,148,"acj6;arm;ck;disco;E(z);Galphas;hay;Catsup;LanA;ovo;Pkc98E;rb;rk;Su(var)2-10;Egfr;ptc;bs;Ser;B52;hh;Su(H);14-3-3zeta;Lcch3;Dsor1;htl;jar;Dif;babo;wts;cher;Hr96;Lis-1;Vang;Lip3;Fim;RhoGAP1A;Nsun2;Dronc;botv;Hey"
"GOBP_MAPK_CASCADE",0.00400084228258581,0.04218809317336,-0.317551700302557,-1.39027134545123,18,300,"Abl;acj6;arm;csw;dsh;E(z);flw;fz;Hsf;if;per;Pkc98E;Su(dx);Egfr;trc;Pp1-87B;Wnt2;Plc21C;Rap1;mys;hop;14-3-3zeta;PpD3;Dsor1;Uch;hep;Cdc42;htl;pll;Phb2;msn;l(2)efl;Mad;Mef2;Moe;nmo;Ret;Cdc2rk;Rel;Hr78;Pi3K92E;Shark;Shc;drl;ksr;Lis-1;Acer;PTP-ER;Nelf-E;sfl;Fak;Pi3K21B;vimar;fray;IKKbeta;Crk;Oamb;Roc1a;mbt;Axn;STUB1;CSN5;CSN1b;LysRS;cindr;Sur;Lnk;nAChRalpha5;trbl;Tollo;SoxN"
"GOBP_POSITIVE_REGULATION_OF_PROTEIN_MODIFICATION_PROCESS",0.00409356725146199,0.0427066484177346,0.356906143400885,1.47523924737865,20,188,"bsk;dpp;fzy;Hsc70-3;CG5504;pbl;Raf;put;rl;Ten-m;dpn;Wnt5;Rac1;eff;Sema2a;Sap47;Ptp69D;Rac2;Rho1;sty;Diap2;dod;phr6-4;Nlp;Nrk;Abi;Xbp1;Pka-R2;cyc;CG32809;Ac78C;Sirt1;Mekk1;DIP2;Pli;JTBR;HDAC3;Tip60;Traf4;Tak1;Rab3-GAP;Ulp1;MTA1-like;CenG1A;Uba2;Aos1;CG11700;Pink1;slpr;CDK2AP1;Sk1;Brms1;CG1998"
"GOBP_PROTEIN_LOCALIZATION_TO_CYTOSKELETON",0.0040908161178155,0.0427066484177346,-0.559588447390779,-1.72780626148549,19,33,"Abl;Mps1;aurA;dsh;hook;sgg;Spn;dia;Rab11;DCTN2-p50;par-6;Eb1"
"GOBP_TISSUE_REMODELING",0.00406834825061025,0.0427066484177346,-0.43315697211547,-1.60623579299047,19,82,"arm;arr;bsh;lz;rk;sax;Ser;hh;mys;Su(H);Tbh;Mef2;Nos;Rel;Hr96;Shark;Rab7;Acer;Fak;Lip3;wit;RhoGAP1A;Timp;CG14818;Vha100-3;Vha100-2;Vha100-1"
"GOBP_BLOOD_VESSEL_ENDOTHELIAL_CELL_MIGRATION",0.00412541254125413,0.0428867975136736,-0.47782617792722,-1.67740724874642,19,61,"Abl;arm;CkIIbeta;grn;pnt;sax;tll;bs;mys;emp;blw;Mef2;Nos;Hr38;crq;Past1;dos;Stat92E;Pi3K21B"
"GOBP_CHROMATIN_REMODELING",0.00417536534446764,0.04310149067868,-0.310228206975154,-1.37146033995188,19,326,"nAChRbeta1;Act42A;ash2;aurA;CkIIbeta;E(bx);esc;E(z);ftz-f1;grn;gro;dre4;l(3)73Ah;mor;Pc;per;prd;Scm;sgg;sr;Su(var)205;trx;Cdk2;Rrp1;fs(1)h;His3.3B;hop;piwi;Top1;yem;msl-1;Psc;Myo61F;Ssrp;Taf1;LamC;Gug;Uch-L5;Smyd3;Iswi;Snr1;Arp6;Rnp4F;Mcm2;Set;Nap1;nonA-l;Rbf;mael;Max;mre11;Gcn5;Su(z)12;Sin3A;Clk;Chd3;san;CG13367;Roc1a;Hmt4-20;Srpk79D;Taf10b;Dek;Axn;nito;CG5815;Ythdc1;Acf;Ogg1;chm;spt4;Spt6;Usp16-45;Sirt4;CG10555;Caf1-180;Bap111;Usp7;Set2;NFAT;HUWE1;CG9915;Ubr1;wcy;Arp8;Ing3"
"GOBP_PHOSPHORYLATION",0.00417219798975915,0.04310149067868,0.311615484025281,1.37461244509034,21,350,"Acph-1;baz;bsk;Pka-C1;Pka-C3;dpp;crp;dco;twe;pbl;Raf;Pkc53E;polo;put;rl;run;sev;smo;stg;Cdk1;Ptp10D;Ten-m;inaC;Ets21C;dpn;Wnt5;Rac1;CG10939;fbl;Sema2a;Cdc37;BRWD3;Sap47;alien;Chi;Ask1;Ptp69D;Rac2;Rho1;sty;CkIalpha;dod;Nlp;Pdk;Lk6;lok;Cdk9;Gcn2;loco;Pdk1;Nrk;JIL-1;Abi;Pkn;Xbp1;Vps25;Pka-R2;CG32809;Ac78C;Sirt1;Mekk1;Taf7;Actbeta;Pli;CycK;PlexB;Rad17;JTBR;HDAC3;Eph;Adar;Rok;Traf4;Tak1;SAK"
"GOBP_REGULATION_OF_TRANSMEMBRANE_RECEPTOR_PROTEIN_SERINE_THREONINE_KINASE_SIGNALING_PATHWAY",0.00426273977911258,0.0438495819235986,0.381449589626584,1.51356809716016,21,135,"Dll;cv-2;Dab;dpp;Dr;Got1;Hsc70-3;Hsp68;Hsp83;pnr;put;sog;tkv;Fur1;Fur2;N;noc;dpn;Wnt5;pelo;eff;Hsp70Aa;Hsp70Bb;sty;Diap2;dod;HDAC1;Pdk1;Dad;Spred;Xbp1;melt;bon;gbb;Sirt1;Actbeta;SkpA;Smox"
"GOBP_ENERGY_RESERVE_METABOLIC_PROCESS",0.00430592577404142,0.0439150671143802,-0.501467572287069,-1.66820991439198,20,47,"flw;Hex-C;per;Pfk;sgg;Pp1-87B;PhKgamma;chico;Dyrk3;Rubicon;CG7766;CG9784;G6P;Atg18b;Pgm2a;Mcad;UGP;CG12289;CG7551;Atg12;Gbs-70E;CG9701;Gbs-76A;CG7328"
"GOBP_PROTEIN_DESTABILIZATION",0.00430865648256953,0.0439150671143802,0.568795609882399,1.75730746222881,21,34,"dpp;emc;Gel;CalpA;dod;Xbp1;D2hgdh;Sirt1;mtm;HDAC6;Rad23;Ulp1"
"GOBP_PROTEIN_POLYUBIQUITINATION",0.0043138866064092,0.0439150671143802,-0.388425507049544,-1.54384936725709,20,132,"arm;ben;dx;Su(dx);vls;shtd;Taf1;poe;Bgb;Bro;Ubc4;Cul1;Ubc84D;Cbl;Pi3K21B;CG2924;Plap;ari-2;Roc1a;gus;Ubc10;Axn;STUB1;Tnks;CG10254;Wdr24;Nulp1;CG3473;Smurf;Mkrn1;APC7;UbcE2H;Pits;hiw;HUWE1;Ubr1;Pex12;CG4238;LUBEL;CG4502"
"GOBP_ACTIN_POLYMERIZATION_OR_DEPOLYMERIZATION",0.004523956405511,0.0448776618463604,-0.413590309735537,-1.57271298540076,21,98,"Abl;ena;fliI;FER;Pkc98E;qua;kst;hop;Spn;dia;cpb;Moe;tsr;wts;Hem;Fak;Pi3K21B;DAAM;Cortactin;RhoGAPp190;Amph;Kank;cindr;Sec71;aru;ssh;CG11436;pod1"
"GOBP_EMBRYONIC_CRANIAL_SKELETON_MORPHOGENESIS",0.00451866404715128,0.0448776618463604,0.604681374425025,1.75509970060957,22,26,"Dll;dpp;kto;run;so;sv;Wnt4;croc;pug;Smox;Nipped-B;Six4"
"GOBP_IMMUNE_RESPONSE_REGULATING_CELL_SURFACE_RECEPTOR_SIGNALING_PATHWAY",0.00450266066311912,0.0448776618463604,-0.396713608084209,-1.54453296549013,21,114,"Abl;ben;cact;csw;FER;grn;janA;Pkc98E;ref(2)P;Rap1;hep;pll;Dif;Mef2;Moe;Nos;Hem;Rel;Hr38;Pi3K92E;Shark;Cbl;stumps;Fak;Pi3K21B;Tsf1;qkr58E-2;Lip3;IKKbeta;Crk;cindr;Lnk;CG3473"
"GOBP_MICROTUBULE_POLYMERIZATION",0.00453047775947282,0.0448776618463604,-0.477825040493761,-1.66882108672978,21,59,"Abl;Act42A;FER;Hsc70-2;Grip91;RpS3;betaTub85D;betaTub97EF;mts;Arl2;128up;dia;CLIP-190;chb;Grip84;Grip75;Grip163;Grip128;Eb1;Cdk5alpha;nmdyn-D7"
"GOBP_REGULATION_OF_NERVOUS_SYSTEM_PROCESS",0.00451777646827735,0.0448776618463604,0.456750258965886,1.6415743314651,22,73,"Acph-1;nAChRalpha1;nAChRalpha2;Appl;baz;dlg1;na;nAChRbeta2;Ten-m;GluRIA;Syx1A;Calx;GluClalpha;moody;mtm;Rok"
"GOBP_REGULATION_OF_NEURONAL_SYNAPTIC_PLASTICITY",0.0045045045045045,0.0448776618463604,0.567889872792674,1.75450916611165,22,34,"Acph-1;Appl;dlg1;Ras85D;Rab3;Rac1;Sap47;Calx;Rac2;Nf1;BCL7-like;Fmr1"
"GOBP_REGULATION_OF_PROTEIN_MODIFICATION_PROCESS",0.004526593738212,0.0448776618463604,0.307083124052709,1.35954943134936,23,360,"Acph-1;baz;bsk;dpp;fzy;Hsc70-3;Hsp68;Hsp83;crp;CG5504;twe;pbl;Raf;Pkc53E;put;rl;smo;stg;Cdk1;Ptp10D;Ubc6;Ten-m;Pabp2;dpn;Wnt5;Rac1;CG10939;eff;Sema2a;Cdc37;BRWD3;CalpA;Hsp70Aa;Hsp70Bb;Sap47;alien;Ptp69D;Rac2;Rho1;sty;Diap2;dod;phr6-4;fry;Nlp;Rca1;loco;Nrk;Abi;Xbp1;Vps25;Pka-R2;cyc;CG32809;Ac78C;rasp;Sirt1;Mekk1;DIP2;Taf7;Pli;CycK;PlexB;JTBR;HDAC3;Tip60;Adar;Traf4;Tak1;Hmg-2;CSN3;D12;Rab3-GAP;Ulp1;MTA1-like;Non1;CenG1A;Eato;Uba2;Aos1;CG11700;Pink1;Atg5;slpr;CDK2AP1;Sk1;Brms1;CG1998;Pdcd4;CG4789;CG8188;Ada3;Pvf1;ND-18"
"GOBP_REGULATION_OF_SYNAPSE_STRUCTURE_OR_ACTIVITY",0.00450542699160352,0.0448776618463604,-0.362357275389194,-1.48466307847981,21,165,"Abl;Ama;arm;Lar;dsh;fz;mnd;neur;numb;pk;stau;betaTub85D;ct;Wnt2;Ptp4E;mys;14-3-3zeta;alpha-Cat;Lac;Cdc42;Spn;Mef2;tsr;wts;Cdk5;Nrx-IV;Lis-1;NetB;Vang;Fak;CRMP;eIF4G1;Chd3;homer;siz;Eb1;Cdk5alpha"
"GOBP_CELLULAR_RESPONSE_TO_MOLECULE_OF_BACTERIAL_ORIGIN",0.00470732705689726,0.046412570202562,-0.419487765254288,-1.56426612615009,22,86,"Abl;cact;cn;csw;grn;mnd;Pkc98E;sgg;hop;hep;emp;pll;Hmgs;atms;Dif;Mef2;Nos;Rel;Hr96;crq;Cdk4;mspo;Tsf1;Plap;RhoGAP1A;CalpB"
"GOBP_REGULATION_OF_EXTENT_OF_CELL_GROWTH",0.00471698113207547,0.046412570202562,-0.49862286342501,-1.65335300037024,22,46,"Abl;acj6;sgg;shi;bs;Gdi;fra;Cdk5;drl;Lis-1;NetB;chb;Sin3A;wit;Cortactin"
"GOBP_CELLULAR_PROCESS_INVOLVED_IN_REPRODUCTION_IN_MULTICELLULAR_ORGANISM",0.00476782752902156,0.0464186514265644,-0.342215330875075,-1.44861992315176,22,220,"arm;asp;aurA;capu;chic;CycB;disco;esc;FER;hook;Hsc70-1;Pgant35A;rk;sax;sgg;stau;ptc;LysB;LysD;LysE;hh;fs(1)h;Klc;dia;bol;scat;Mad;Wee1;ctp;Gem3;Deaf1;Hydr2;Lis-1;drongo;Ag5r2;yps;Chd3;Dbp80;Sbf;Nsun2;Nhe1;fz4;tapas;Ythdc1;Ercc1;CG16756;RhoGAP5A;CG16721"
"GOBP_FOREBRAIN_DEVELOPMENT",0.00478071087092081,0.0464186514265644,-0.339998007272727,-1.44090877080351,22,223,"acj6;Gart;arm;asp;salr;E(z);grn;hook;mnd;Atpalpha;numb;sgg;svp;tll;Egfr;betaTub85D;bs;Wnt2;neb;zfh1;Plc21C;hh;Su(H);fd96Cb;ey;Rbp9;htl;Spn;Uch-L5;tsr;Awh;Cdk5;Nrx-IV;cher;Hr38;drl;otp;Lis-1;nrv1;Drip;Cdk4;sfl;Gcn5;Sin3A;btv;Chd3;Crk;Optix;OdsH;tna;Tsc1;RhoGAPp190;Pten;Lim1;Eaat2;Cdk5alpha"
"GOBP_IMPORT_INTO_CELL",0.00476553564620663,0.0464186514265644,0.296963756717151,1.33834319355603,24,442,"Ace;Act5C;AnxB9;AnxB10;Appl;Arr1;awd;BicD;Pka-C1;Dab;EcR;g;kar;dlg1;Ca-alpha1D;dco;Pkc53E;Ras85D;rl;sei;sl;Sod1;Syb;Syt1;Ptp10D;LysP;LysS;LysX;GluRIA;drk;Rab3;GluProRS;CanB;Wnt5;Gel;Rac1;AP-1-2beta;SerT;CG10939;Dop1R1;Pp2B-14D;Ance;CalpA;nSyb;Syx1A;MAPk-Ak2;Calx;Ptp69D;Rac2;Pi3K68D;Rala;Rme-8;mbc;CanB2;nrv2;Rab14;CaMKI;Rab4;stnB;sktl;CG5989;Ork1;ArfGAP1;Dap160;foi;Npc1a;Clc;Rab27;PlexB;mtm;Mhcl;Rok;Drp1;Rip11;CG18659;drpr;VhaSFD;Syt4;Eato;sut2;sut1;lqf;Nhe3;Nckx30C;Fmr1;fab1;CG4701"
"GOBP_REGULATION_OF_PHOSPHORUS_METABOLIC_PROCESS",0.00474563401670463,0.0464186514265644,0.319344164313854,1.39306818459938,24,308,"Acph-1;Ald1;Appl;baz;Pka-C1;dpp;EcR;Actn;Gbeta13F;Idh;crp;twe;pbl;Raf;put;rl;smo;stg;Ptp10D;Ten-m;dpn;Wnt5;Rac1;CG10939;Sema2a;Cdc37;BRWD3;CalpA;Sap47;Chi;Ptp69D;Rac2;Rho1;sty;dod;Lgr1;Nlp;Pdk;loco;Nrk;Abi;Xbp1;Vps25;Pka-R2;AMPKalpha;CG32809;Ac78C;Sirt1;Mekk1;Taf7;Actbeta;Pli;CycK;PlexB;mtm;Rad17;JTBR;HDAC3;Adar;Traf4;Tak1;Drp1"
"GOBP_EPITHELIAL_TUBE_MORPHOGENESIS",0.00483465480564688,0.0466616758869208,0.364315683986547,1.4916278633375,24,172,"bi;Pka-C1;eya;cta;Pka-C3;dpp;Dr;fkh;fy;kel;kto;dlg1;pnr;Ras85D;sd;smo;so;sub;pros;N;ci;Su(fu);sv;lbl;CanB;dpn;Wnt5;Wnt4;Dcp-1;Sema2a;Rho1;croc;sty;Rala;jumu;unpg;ara;pug;Ptx1;fus;Hs2st;gbb;stan;PlexB;Smox;Eph;Six4;CG2082;Ilk"
"GOBP_RESPONSE_TO_LIGHT_STIMULUS",0.0048374613003096,0.0466616758869208,0.35919403420042,1.479678900619,24,181,"nAChRalpha1;Appl;Arr1;bsk;Cat;emc;Galphai;Hsp23;Jra;Ca-alpha1D;pho;ninaB;Raf;Ras85D;Shaw;alphaTub85E;mei-41;Galphaq;Ubc6;Xpac;PCNA;Cds;Dcp-1;Dop1R1;lark;l(2)dtl;Nf1;spel1;p38a;phr6-4;Nlp;Drice;Gcn2;loco;AMPKalpha;Sirt1;Mekk1;p38b;CSN3;CG2082;MTA1-like;ric8a;Usp1;robl22E;Nckx30C"
"GOBP_ENDOCARDIAL_CUSHION_MORPHOGENESIS",0.00493973523019166,0.0471840943091684,0.666419956267308,1.74606563936675,24,17,"bi;dpp;Dr;robo2;pnr;tkv;tup;N;gbb;Smox"
"GOBP_PEPTIDYL_AMINO_ACID_MODIFICATION",0.00492813141683778,0.0471840943091684,-0.347153100517855,-1.4567998862723,23,199,"Abl;arm;aurA;csw;FER;Gapdh1;Pepck1;sgg;sr;Su(var)2-10;Egfr;Cdk2;mys;hop;Dsor1;htl;lwr;Dif;babo;ND-ACP;Smyd3;Nos;nmo;Cdc2rk;Shark;Ubc4;Rab6;ko;Gcn5;Nmt;Fak;fray;IKKbeta;unc-119;Srpk79D;CalpB;tna;Pten;Cdk5alpha;Tnks;chm;Ack;Las;Sirt4;CG3184;CG1578;Set2;Tat;CG7889;Naa20A;Rcd-1;HINT1;CG9643;Art2;Tsp;TTLL3A;Snx6;REPTOR-BP;Nse4"
"GOBP_RESPONSE_TO_TYPE_I_INTERFERON",0.00493624023035788,0.0471840943091684,-0.468394389598925,-1.6512008794395,23,62,"csw;Prosbeta6;Rpn8;hop;pll;Rpt2;Ubc4;Sin3A;Prosbeta2;Prosalpha7;Prosbeta3;Rpt5;Rpt4;Rpt3;Rpn6;Rpn5;Rpn2;Rpn12;Rpn11;Rpn1;REG;Prosbeta5;CG12121;Set2;cactin;Prosbeta4R2;CG3165"
"GOBP_RESPONSE_TO_PEPTIDE_HORMONE",0.00499168053244592,0.0475259680467829,-0.329718463457766,-1.41808188010915,23,252,"acj6;adp;arr;by;csw;FER;ftz-f1;Galphas;Hex-C;Ide;mor;or;Pepck1;rut;sgg;sr;B52;Plc21C;mys;Ac76E;hop;14-3-3zeta;Top1;gig;Myo61F;Dsor1;Hmgs;Dif;babo;tsr;Rel;Hr38;Shc;Cpr;Rbf;Acer;sba;dos;Stat92E;Orct;Gcn5;Fak;Pi3K21B;Alas;nudC;Ac13E;vimar;chico;Neos;Crk;Sik2;Roc1a;Timp;Tsc1;Kank;cindr;CAH1;sut3;Sur;Lnk;trbl"
"GOBP_POSITIVE_REGULATION_OF_CYTOSOLIC_CALCIUM_ION_CONCENTRATION",0.00507305194805195,0.0475327015690539,-0.531247536461918,-1.68329104465527,24,37,"Abl;arr;grn;if;TkR99D;hop;Itpr;Nmdar1;RyR;Nos;Cdk5;Fkbp12;Oamb"
"GOBP_POSITIVE_REGULATION_OF_IMMUNE_RESPONSE",0.0050251256281407,0.0475327015690539,-0.32646731402923,-1.409317546572,23,260,"Abl;aurA;ben;cact;csw;grn;Hsc70-2;janA;mle;Pepck1;Pkc98E;rb;ref(2)P;rk;Su(dx);mts;Rap1;fs(1)h;mys;Ac76E;Gdi;14-3-3zeta;pll;Phb2;Dif;Mef2;Pms2;Moe;Mvl;Nos;wts;Hem;Irbp;Rel;Hr38;Pi3K59F;Pi3K92E;Shark;Ubc4;abs;nonA-l;Stat92E;Cbl;stumps;Fak;Pi3K21B;Tsf1;Sin3A;qkr58E-2;Lip3;IKKbeta;Crk;Hmt4-20;LysRS;cindr;CG2930;Lnk;CG3473;AlaRS-m;Tollo"
"GOBP_REGULATION_OF_AMPA_RECEPTOR_ACTIVITY",0.00505663430420712,0.0475327015690539,-0.646914703552424,-1.78549125668483,24,20,"cni;Rpn8;msn;Rpt2;Rpt5;Rpt4;Rpt3;Rpn6;Rpn5;Rpn2;Rpn12;Rpn11;Rpn1"
"GOBP_REGULATION_OF_NEUROTRANSMITTER_RECEPTOR_ACTIVITY",0.00504337300786766,0.0475327015690539,-0.638077895991491,-1.78482627118654,24,21,"cni;Rpn8;msn;Rpt2;Rpt5;Rpt4;Rpt3;Rpn6;Rpn5;Rpn2;Rpn12;Rpn11;Rpn1"
"GOBP_SKELETAL_MUSCLE_ORGAN_DEVELOPMENT",0.00507317073170732,0.0475327015690539,0.393929501570676,1.53423659684052,25,119,"nAChRalpha1;nAChRalpha2;eEF2;Actn;H2.0;Ca-alpha1D;nau;smo;so;nAChRbeta2;N;Mlc-c;sv;Pp2B-14D;MED20;alien;Rho1;mof;Mlp84B;Nf1;Pdp1;Ptx1;cyc;AMPKalpha;sns;p38b;mtm;Eph;myo;Ass;Hmg-2;Six4;goe;drpr;ball;Atf3;Fmr1"
"GOBP_CHROMOSOME_LOCALIZATION",0.00509164969450102,0.0475379597681148,-0.442102789374383,-1.60226873863697,24,72,"Mps1;aurA;capu;CycB;dup;rod;neb;Klp67A;His3.3B;Cdc42;LamC;Rab11;Rbf;Gcn5;nudC;DCTN2-p50;aurB;Bub3;Eb1"
"GOBP_NEGATIVE_REGULATION_OF_TRANSMEMBRANE_RECEPTOR_PROTEIN_SERINE_THREONINE_KINASE_SIGNALING_PATHWAY",0.00510604870384918,0.0475379597681148,0.461737009894425,1.64708911785843,25,70,"Dll;cv-2;dpp;Hsc70-3;Hsp68;sog;N;Wnt5;eff;Hsp70Aa;Hsp70Bb;sty;dod;HDAC1;Pdk1;Dad;Spred;Xbp1;melt;bon;Sirt1;Actbeta"
"GOBP_TELENCEPHALON_DEVELOPMENT",0.00515463917525773,0.0478389541123289,-0.367833407279406,-1.4947462082393,24,157,"Gart;arm;asp;salr;E(z);mnd;Atpalpha;numb;sgg;tll;Egfr;betaTub85D;bs;neb;zfh1;Plc21C;hh;fd96Cb;Spn;Uch-L5;tsr;Awh;Cdk5;Nrx-IV;cher;Hr38;drl;Lis-1;nrv1;Drip;Cdk4;Gcn5;Crk;Optix;OdsH;tna;Tsc1;Pten;Lim1;Eaat2;Cdk5alpha;kirre"
"GOBP_CELLULAR_RESPONSE_TO_PEPTIDE_HORMONE_STIMULUS",0.00534539473684211,0.0481317879211185,-0.348195907488479,-1.46336819173824,25,202,"acj6;adp;by;csw;FER;Galphas;Hex-C;Ide;mor;or;Pepck1;rut;sgg;B52;Plc21C;mys;Ac76E;hop;14-3-3zeta;Top1;gig;Myo61F;Dsor1;Hmgs;Dif;tsr;Rel;Hr38;Shc;Cpr;Rbf;Acer;sba;dos;Stat92E;Orct;Gcn5;Fak;Pi3K21B;Alas;Ac13E;vimar;chico;Neos;Crk;Sik2;Roc1a;Kank;CAH1;sut3;Lnk;trbl"
"GOBP_CELLULAR_RESPONSE_TO_STEROID_HORMONE_STIMULUS",0.00532459553553144,0.0481317879211185,-0.383895781560315,-1.52199722347332,25,129,"acj6;dor;Hsc70-2;Atpalpha;Pepck1;per;Rm62;sgg;Su(var)2-10;tll;hop;14-3-3zeta;Calr;Psc;PpD3;Taf1;Phb2;Hmgs;blw;scat;Smyd3;wts;Hr38;Hydr2;eIF4E1;Hr78;Drip;Rga;Clk;tna;Ubc10;Axn;Ugt37C1;Ugt37A1;Kank;Hey"
"GOBP_ENDOTHELIUM_DEVELOPMENT",0.0053388090349076,0.0481317879211185,-0.481138411069276,-1.65231112663644,25,54,"arm;CkIIbeta;net;sax;svp;Ser;Vinc;zfh1;Plc21C;Rap1;Su(H);Mbs;Moe;Set;Lip3;wit;IKKbeta;fz4;cindr;Hey;AdamTS-B"
"GOBP_IMMUNE_RESPONSE_REGULATING_SIGNALING_PATHWAY",0.00534979423868313,0.0481317879211185,-0.346590197863999,-1.45680354250867,25,203,"Abl;aurA;ben;cact;csw;FER;grn;Hsc70-2;janA;Pkc98E;rb;ref(2)P;rk;Su(dx);mts;Rap1;Ac76E;Gdi;hep;pll;Phb2;Dif;Mef2;Moe;Nos;wts;Hem;Rel;Hr38;Pi3K92E;Shark;abs;Cbl;stumps;Fak;Pi3K21B;Tsf1;qkr58E-2;Lip3;IKKbeta;Crk;cindr;CG2930;Lnk;CG3473;AlaRS-m;Tollo;Ppt1;CG1785;CG12121;Tat;Ubr1;Ubqn;cactin;galectin;CG11374"
"GOBP_INTEGRIN_MEDIATED_SIGNALING_PATHWAY",0.00533223954060705,0.0481317879211185,-0.496868730144417,-1.64753657730733,25,46,"Abl;csw;if;LanA;mew;mys;alpha-Cat;Cdc42;Itgbn;dia;cher;Shark;Fak;Timp;Ndg"
"GOBP_NEGATIVE_REGULATION_OF_MYELOID_LEUKOCYTE_DIFFERENTIATION",0.00523244113503723,0.0481317879211185,-0.614904106388133,-1.76018741753286,25,23,"arm;grn;lz;Su(var)2-10;ush;Cdk4;Pi3K21B;Tsf1;Tob;trbl;Tollo"
"GOBP_NEGATIVE_REGULATION_OF_TRANSFORMING_GROWTH_FACTOR_BETA_RECEPTOR_SIGNALING_PATHWAY",0.0052951559129241,0.0481317879211185,0.513715969187678,1.68284748567323,26,45,"dpp;Hsc70-3;Hsp68;Hsp70Aa;Hsp70Bb;sty;dod;HDAC1;Pdk1;Dad;Spred;Xbp1;melt;Sirt1;Brms1;CG3632;Sap30;CG14220"
"GOBP_REGULATION_OF_CIRCADIAN_RHYTHM",0.00528893241919687,0.0481317879211185,0.464983124417708,1.64822318371279,26,68,"nAChRalpha1;bsk;Hr3;EcR;emc;dco;Pkc53E;Sh;Cdk1;nonA;Galphaq;pros;Hnf4;faf;lark;phr6-4;cyc;AMPKalpha;moody;SkpA;HDAC3;Tip60;Rok;MTA1-like;Fmr1"
"GOBP_SCHWANN_CELL_DIFFERENTIATION",0.0052961945861122,0.0481317879211185,0.572288662341897,1.72767470861912,26,31,"baz;kto;Sos;Raf;Ras85D;rl;Sod1;Cdk1;drk;CanB;Nf1;CG2082;Ilk"
"GOBP_SYNAPSE_ASSEMBLY",0.00533442757488716,0.0481317879211185,-0.385425742879062,-1.52858898715039,25,130,"Abl;acj6;Ama;arm;cin;Lar;dsh;fz;numb;pk;shi;stau;Egfr;ct;Wnt2;Lac;Lcch3;Spn;Mef2;wts;Cdk5;drl;NetB;Fak;CRMP;eIF4G1;Chd3;Crk;siz;Pten"
"GOBP_ASTROCYTE_DEVELOPMENT",0.00553250345781466,0.0488787542729451,0.663150179972732,1.73749860294672,27,17,"Appl;Ras85D;smo;Dop1R1;Nf1;eIF2Bepsilon"
"GOBP_NEGATIVE_REGULATION_OF_SYNAPTIC_TRANSMISSION",0.00550747442958301,0.0488787542729451,0.575501166380822,1.72239533013177,27,30,"Ace;Appl;Galphai;Grd;Rop;GluRIA;SerT;Dop1R1;Ac78C;Nckx30C;Fmr1;CG4701"
"GOBP_POSITIVE_REGULATION_OF_FAT_CELL_DIFFERENTIATION",0.00553141050967997,0.0488787542729451,0.581185235200756,1.72810208521086,27,29,"dpp;emc;peb;shf;so;Wnt5;Cds;Sap47;Xbp1;gbb;p38b"
"GOBP_REGULATION_OF_MUSCLE_ADAPTATION",0.00551289623941721,0.0488787542729451,0.522068879333686,1.66447618656544,27,40,"Actn;Jra;pho;nau;Pkc53E;pnr;Zw;up;N;Pp2B-14D;Smox;Rok"
"GOBP_RESPONSE_TO_MONOSACCHARIDE",0.00546128340159938,0.0488787542729451,0.396038763000598,1.53894862783217,27,117,"Ald1;brm;Cat;Pka-C1;EcR;fkh;tj;Raf;pnr;put;Syb;tra2;Hnf4;sv;Rac1;Dcp-1;lark;nSyb;Rac2;Ork1;Osbp;Xbp1;AMPKalpha;eIF2Bepsilon;Ac78C;eIF2Bbeta;Smox;Tip60;Rip11;mino;Pfrx;sut2;sut1"
"GOBP_TUBE_FORMATION",0.00551808706315144,0.0488787542729451,-0.410746552160971,-1.54831303284,26,91,"Abl;arm;dsh;ena;grn;net;pk;ptc;zfh1;hh;otk;14-3-3zeta;gig;htl;Sdc;tsr;Hem;Ret;Deaf1;mirr;Pi3K92E;ktub;Vang;caup;Gcn5;Tsc1;RhoGAPp190;CG4935;Las;CHOp24"
"GOBP_REGULATION_OF_ENDOPLASMIC_RETICULUM_STRESS_INDUCED_INTRINSIC_APOPTOTIC_SIGNALING_PATHWAY",0.00556328233657858,0.0490035228569287,0.617649036943582,1.74437207491714,27,23,"Appl;Hsp68;wbl;CrebA;dock;Hsp70Aa;Hsp70Bb;Xbp1;Sirt1"
"GOBP_MYOBLAST_FUSION",0.0056266977105161,0.0494141631771295,0.469163177749273,1.63696507589091,28,61,"RpLP0;eag;Ca-alpha1D;RpLP1;RpL32;nau;RpLP2;RpL4;RpL40;RpL7;RpL23;RpL18A;CalpA;RpL7A;mbc;sns;RpL10;p38b"
"GOBP_REGULATION_OF_MUSCLE_CONTRACTION",0.00565853658536585,0.0495395541851737,0.414683349402819,1.55402073591618,28,93,"nAChRalpha1;nAChRalpha2;AnxB10;Pka-C1;dnc;Actn;for;Hsp83;dlg1;Ca-alpha1D;pnr;Sh;Sod1;sqh;Tm1;nAChRbeta2;up;Mlc-c;TkR86C;Ance;Gycalpha99B;Calx;Rho1;mbc;Dad"
"GOBP_RESPONSE_TO_WOUNDING",0.00567465321563682,0.0495395541851737,-0.327665462218942,-1.410014978955,26,255,"Act42A;aurA;csw;Lar;fz;Galphas;grn;if;mnd;Mp20;Pkc98E;rb;sax;Egfr;betaTub85D;bs;Tm2;Wnt2;Vinc;B52;hh;mys;otk;hop;Itpr;alpha-Cat;Lcch3;Dsor1;hep;Itgbn;Sdc;emp;babo;fra;Mvl;Nos;CASK;cher;Hydr2;Pi3K92E;Shark;Vang;Drip;crq;Fak;Dgkepsilon;chb;CRMP;Fim;Crk;Torsin;Timp;RhoGAPp190;Pten;Eaat2;Eaat1;botv;beta4GalNAcTA;Kank;cindr;Sec71;Lnk;CG4935;Tollo;SoxN"
"GOBP_REGULATION_OF_HORMONE_SECRETION",0.00575484366008057,0.0500909764732456,0.372627875022967,1.49578689220136,29,144,"Ald1;Pka-C1;Dab;EcR;fkh;Gdh;Galphai;Galphao;Pkc53E;Sh;Syb;tup;5-HT1A;TkR86C;Hnf4;sv;Rac1;nSyb;Syx1A;nuf;Rac2;phr6-4;Ork1;Rfx;Osbp;cyc;Dap160;Ac78C;gbb;Actbeta;moody;Rip11;Pfrx;sut2;sut1"
"GOBP_METAPHASE_CHROMOSOME_ALIGNMENT",0.00577557755775578,0.0501231539083112,-0.46553613270414,-1.63426308482882,27,61,"Mps1;aurA;CycB;dup;rod;neb;Klp67A;His3.3B;Cdc42;Rab11;Rbf;Gcn5;nudC;DCTN2-p50;aurB;Bub3;Eb1"
"GOBP_NEURON_PROJECTION_ORGANIZATION",0.00579350300020691,0.0501308406664963,-0.468949017492589,-1.64060075168953,27,60,"Lar;dsh;Atpalpha;sgg;stau;ct;Wnt2;mew;Lcch3;Cdc42;tsr;Cdk5;Lis-1;Fim;homer;Cortactin;Pten;Eb1;Cdk5alpha;nAChRalpha5"
"GOBP_CELL_SURFACE_RECEPTOR_PROTEIN_SERINE_THREONINE_KINASE_SIGNALING_PATHWAY",0.00583771161704612,0.0502179753723675,0.360039004894036,1.47802756229463,29,177,"Dll;cv-2;Dab;dpp;Dr;emc;Got1;Hsc70-3;Hsp68;Hsp83;Jra;pnr;put;rl;run;sog;tkv;Fur1;Fur2;N;faf;noc;dpn;Wnt5;pelo;eff;Hsp70Aa;Hsp70Bb;sty;Diap2;dod;HDAC1;Pdk1;Dad;Spred;Xbp1;melt;bon;gbb;Sirt1;p38b;Actbeta;SkpA;Smox;myo;Tak1;CG7115;Ilk;ECSIT;Atf3"
"GOBP_ENDODERM_FORMATION",0.00583735909822866,0.0502179753723675,-0.601012229675168,-1.73648194269518,28,24,"arm;Col4a1;if;LanA;mew;mys;atms;Lim1;SoxN;Set2"
"GOBP_LEUKOCYTE_HOMEOSTASIS",0.0059015059015059,0.0504818729616253,-0.446086272672352,-1.60581315152259,28,69,"Abl;CycB;Prosbeta6;mnd;tin;mts;hop;CanA1;Mef2;Hem;Pi3K92E;Stat92E;Prosalpha7;Prosbeta3;Vha100-3;Vha100-2;Vha100-1;Lnk;Prosbeta5;galectin;CG11374;Prosbeta4R2;CG9550;IP3K1;Vha100-5;Prosalpha6T;Zip42C.1;CG8046;BBS4"
"GOBP_REGULATION_OF_STEM_CELL_DIFFERENTIATION",0.00590270710360269,0.0504818729616253,-0.5037758105908,-1.65863558494276,28,44,"Abl;ftz-f1;fz;Hsc70-5;pk;sgg;Su(dx);Ser;Cdk4;Sp1;Chd3;Nsun2;NELF-B;Mtch"
"GOBP_REGULATION_OF_CATALYTIC_ACTIVITY",0.00594781273983116,0.0506727662300978,0.325164193522477,1.40519157325883,30,283,"Acph-1;bsk;dpp;fzy;Galphai;eIF4A;Ca-alpha1D;crp;twe;pbl;rl;RanGAP;Sod1;stg;Ptp10D;Ten-m;N;Pabp2;Wnt5;CG10939;Sema2a;Cdc37;Dop1R1;CalpA;Odc1;Odc2;Sap47;Chi;Ptp69D;Rho1;Nf1;cutlet;peng;Apc;Nlp;sktl;Rca1;loco;Abi;RN-tre;Vps25;Nnp-1;Pka-R2;CG32809;Ac78C;Sirt1;Mekk1;p38b;Taf7;CycK;scf;PlexB;JTBR;Adar;Traf4;Tak1;XRCC1;Rip11;Rab3-GAP;Cand1;OXA1L;ECSIT;Rich;CenG1A"
"GOBP_SKELETAL_MUSCLE_CONTRACTION",0.00595947556615018,0.0506727662300978,0.606452841050584,1.72487386498716,29,24,"nAChRalpha1;nAChRalpha2;eEF2;Actn;Hsp83;nAChRbeta2;up;Calx"
"GOBP_CELL_FATE_SPECIFICATION",0.00603465057426514,0.0508770412863869,0.486242415652696,1.65054413661063,30,53,"bi;eya;fkh;Lim3;sd;smo;so;tkv;tup;Ten-m;N;sv;Ets65A;Ets21C;simj;byn;Apc;HDAC1;toy;fus;MBD-like;MTA1-like"
"GOBP_ESTABLISHMENT_OF_ORGANELLE_LOCALIZATION",0.00603161397670549,0.0508770412863869,-0.325410096784681,-1.39911890723652,28,251,"arm;capu;ck;cm;FER;grn;gro;hook;or;rb;shi;sw;Klp68D;mys;cdi;14-3-3zeta;Myo61F;Dsor1;Uch;Cdc42;LamC;Sdc;Snap25;Moe;tsr;Cdk5;Hr38;Pi3K92E;Shark;Lis-1;NetB;Rab11;Rab7;Rab6;dos;Khc-73;Cbl;chb;nudC;DCTN2-p50;Nmd3;AP-1mu;Torsin;unc-13;mbo;CSN5;Eb1;LTV1;htt;sut3;Vha100-3;Vha100-2;Vha100-1;gammaCOP"
"GOBP_IN_UTERO_EMBRYONIC_DEVELOPMENT",0.00603537981269511,0.0508770412863869,-0.329000265231014,-1.40761307575347,28,243,"adp;arm;bic;CycB;eas;E(bx);ftz-f1;grn;Hsf;pk;sax;svp;Egfr;ptc;ush;bs;Pp1-87B;Ser;Wnt2;unk;Ets97D;hh;mys;Su(H);Psc;slbo;Dsor1;htl;dia;scat;babo;fng;Nos;Snr1;wts;alpha-Man-IIa;Hem;RpS21;Rga;colt;Gcn5;Nmt;Nle;Ac13E;Sin3A;Ocrl;CG3857;fidipidine;CalpB;Nsun2;tna;X11L;Taf10b;Axn;cert;Ythdc1;Hey;Rpt5;Rpt3"
"GOBP_MITOTIC_METAPHASE_CHROMOSOME_ALIGNMENT",0.00608519269776876,0.0511503911909591,-0.504395012362274,-1.65434719735164,29,43,"Mps1;aurA;CycB;dup;neb;Klp67A;His3.3B;Rab11;Gcn5;nudC;DCTN2-p50;Eb1"
"GOBP_NEUROMUSCULAR_PROCESS_CONTROLLING_BALANCE",0.00612745098039216,0.0513588626333724,-0.542147637661057,-1.68598773147623,29,34,"Abl;acj6;Ama;ck;Nrx-IV;Hr38;Lis-1;RhoGAP1A;Eaat1"
"GOBP_PROTEASOMAL_PROTEIN_CATABOLIC_PROCESS",0.00614797540809837,0.0513844990074585,-0.300771323508783,-1.33689939931168,28,348,"arm;aurA;ben;CkIIbeta;dsh;dx;Hsc70-2;Prosbeta6;mor;Rpn8;neur;pk;sgg;sina;Su(dx);Su(var)2-10;Prosalpha4;Cdk2;mts;neb;shtd;hh;Calr;nvy;slbo;Uch;Taf1;kermit;Sec61beta;poe;Uch-L5;Stt3B;RpL11;Rpt2;Ubc4;Cul1;Gcn5;Rack1;Clk;Prosbeta2;Prosalpha7;EloB;Edem1;Plap;CG2701;ari-2;inc;Faf2;Torsin;Sik2;Roc1a;Ate1;gus;Prosbeta3;Axn;STUB1;Nulp1;CG8042;Rpt5;Rpt4;Rpt3;Rpn6;Rpn5;Rpn2;Rpn12;Rpn11;Rpn1;CG3473;trbl;Smurf;REG;Prosbeta5;Pat1;APC7;UbcE2H;CG1785;CG17754;Usp7;CG1924;hiw;HUWE1;rngo;Ubr1;wcy;CG8173;Ubqn;CG11710;CG1812;CG15445;Pex12"
"GOBP_REGULATION_OF_SUPRAMOLECULAR_FIBER_ORGANIZATION",0.00616903146206046,0.051414420853773,-0.344144531328875,-1.43595230955443,29,191,"Abl;aurA;ena;fliI;FER;Hsc70-2;RpS3;Pkc98E;qua;betaTub97EF;Tm2;kst;mts;TkR99D;cdi;Arl2;alpha-Cat;128up;Cdc42;Sdc;dia;l(2)efl;babo;cpb;Moe;tsr;wts;Hem;cher;Fak;CLIP-190;Pi3K21B;chb;DAAM;Cortactin;Tsc1;RhoGAPp190;Eb1;Amph;Cdk5alpha;Kank;Sec71;nAChRalpha5;GMF;nmdyn-D7;aru;ssh"
"GOBP_INSULIN_SECRETION",0.00622931672182208,0.0515536178653788,0.380976451477142,1.49850097858291,31,126,"Ald1;Pka-C1;EcR;fkh;tj;Gdh;Galphai;Galphao;Raf;Pkc53E;put;Sh;tup;Rop;Hnf4;Rab3;Rac1;lark;Syx1A;Rac2;Ork1;Rfx;Osbp;cyc;Ac78C;gbb;Actbeta;moody;Smox;Rip11;Pfrx;sut2;sut1"
"GOBP_MIRNA_METABOLIC_PROCESS",0.00622931672182208,0.0515536178653788,0.483083461203388,1.63982110304489,31,53,"Appl;brm;dpp;EcR;fkh;Jra;pho;Myb;Ras85D;sd;tkv;N;Psi;toy;Dad;Smox"
"GOBP_RESPONSE_TO_XENOBIOTIC_STIMULUS",0.00623830318153462,0.0515536178653788,-0.327470665838341,-1.40016260700574,29,242,"Abl;Pfas;arm;CycB;Eno;fz;grn;Atpalpha;okr;pk;Pkc98E;spn-A;ptc;Mdr49;mys;Xpc;Top1;Mbs;Calr;Lcch3;Uch;CycD;Nmdar1;Hmgs;Spn;Mef2;Nos;Hem;Pxn;Cyp9b2;Cyp9c1;Hr96;Cpr;Ugt36A1;Rab6;Rbf;Cdk4;Orct;mGluR;Ppox;Mcm7;Alas;Clk;fray;Lip3;Crk;Oamb;CNT2;Ugt35B1;Ugt35A1;Eaat2;Eaat1;Ugt37C1;Ugt37A1;Ugt49B1;RecQ5"
"GOBP_HETEROTYPIC_CELL_CELL_ADHESION",0.00625883303048657,0.0515592369852528,-0.685183597619375,-1.76274852508028,30,15,"arm;if;mew;mys;alpha-Cat"
"GOBP_NEGATIVE_REGULATION_OF_PROTEIN_POLYMERIZATION",0.00627403359643797,0.0515592369852528,-0.52686698092077,-1.66135002975698,30,36,"fliI;qua;betaTub97EF;kst;cpb;Moe;tsr;Eb1;Kank;Sec71;aru;ssh;CG9784"
"GOBP_REGULATION_OF_MIRNA_METABOLIC_PROCESS",0.00630914826498423,0.0517033821604,0.511983369331665,1.65845775595262,31,43,"Appl;brm;dpp;EcR;fkh;Jra;pho;Myb;Ras85D;sd;tkv;N;toy;Dad;Smox"
"GOBP_CELL_CYCLE_G2_M_PHASE_TRANSITION",0.00636158423968808,0.0518442682359067,-0.399936435019725,-1.53819514979576,30,105,"aurA;Cam;CycB;exd;Hsc70-1;mus101;Blm;shi;spn-D;Cdk2;neb;Mdr49;Plc21C;fs(1)h;Eip63E;CycD;RnrL;RnrS;Wee1;wts;Cdc2rk;Rab11;Cdk4;mre11;ko;Sin3A;qkr58E-2;Hus1-like;Dyrk3"
"GOBP_POSITIVE_REGULATION_OF_NERVOUS_SYSTEM_DEVELOPMENT",0.00635376101660176,0.0518442682359067,-0.388319265137018,-1.52398416165099,30,120,"acj6;arm;asp;Lar;mnd;neur;numb;Pkc98E;stau;bs;Pp1-87B;ct;Wnt2;Ptp99A;zfh1;hh;Bx42;Gdi;Dsor1;alpha-Man-IIa;Nap1;otp;Lis-1;NetB;wit;siz;Eb1;fz4;Amph"
"GOBP_REGULATION_OF_PROTEIN_LOCALIZATION_TO_PLASMA_MEMBRANE",0.0063838550247117,0.0518820482947564,-0.467493531345617,-1.63273792058523,30,59,"Act42A;Chc;numb;Pkc98E;ref(2)P;Egfr;mew;mys;14-3-3zeta;Spn;Moe;Cdk5;Rab11;Rack1;Pi3K21B;Fim;Ptpmeg2;CHOp24;MSBP;galectin;CG11374"
"GOBP_POSITIVE_REGULATION_OF_TRANSMEMBRANE_TRANSPORT",0.00648692479221569,0.0525744703545415,-0.435630061230693,-1.58981007477887,31,75,"Abl;acj6;Chc;csw;mnd;Rap1;mys;CanA1;Nmdar1;Mef2;Nos;Ank;cher;Hr38;nrv1;Acer;Pi3K21B;fray;chico;Torsin;CalpB;Eaat2;CAH1"
"GOBP_PROTEIN_DEPOLYMERIZATION",0.00657624332100288,0.0531519446439298,-0.453806481788364,-1.60668657137177,31,64,"aurA;Chc;fliI;qua;kst;neb;Klp67A;Spn;dia;cpb;Moe;tsr;chb;aru;pigs;Klp10A"
"GOBP_LYMPHOCYTE_HOMEOSTASIS",0.00660883932259397,0.0532690555810177,-0.470625442654554,-1.63171307046772,31,57,"Abl;CycB;Prosbeta6;mts;hop;CanA1;Mef2;Hem;Stat92E;Prosalpha7;Prosbeta3;Vha100-3;Vha100-2;Vha100-1;Lnk;Prosbeta5;galectin;CG11374;Prosbeta4R2;CG9550;Vha100-5;Prosalpha6T;Zip42C.1;CG8046;BBS4"
"GOBP_SPINAL_CORD_DEVELOPMENT",0.00663414634146341,0.0533269358923097,0.460945722833293,1.62162932084448,33,65,"DCTN1-p150;in;kto;Lim3;smo;sog;tup;pros;GluRIA;N;ci;Su(fu);lbl;heph;HLH3B;Nf1;jumu;tap;unpg;toy;Bap55;Adar;l(1)G0289"
"GOBP_ANIMAL_ORGAN_REGENERATION",0.00670731707317073,0.0533322346736981,-0.576273131992357,-1.72117757698891,32,28,"aurA;E(z);grn;mnd;ptc;B52;Rap1;hh;Top1;CycD"
"GOBP_CAMERA_TYPE_EYE_MORPHOGENESIS",0.00670082774931021,0.0533322346736981,0.445008979333265,1.60204431873426,33,74,"Hr3;dpp;fj;tj;Galphai;Hsp23;pho;ninaB;Sce;Ten-m;pros;N;sv;ple;Wnt5;Aldh;Nf1;jumu;fz2;toy;Abi;Ptx1;sdk;gbb;Eph;drpr;CG5921;Marf"
"GOBP_ENDODERMAL_CELL_DIFFERENTIATION",0.00665725237038531,0.0533322346736981,-0.625925721576702,-1.75083430831835,32,21,"arm;Col4a1;if;LanA;mew;mys;atms"
"GOBP_OOCYTE_MATURATION",0.0066747572815534,0.0533322346736981,-0.63373990770461,-1.74912868420703,32,20,"aurA;CycB;disco;bol;Wee1"
"GOBP_SKIN_DEVELOPMENT",0.00678314491264132,0.0537897906549616,-0.389422095144791,-1.51230215951303,32,112,"arm;Galphas;Catsup;LanA;ovo;Pkc98E;rb;rk;Su(var)2-10;Egfr;ptc;bs;Ser;mew;B52;hh;mys;Su(H);14-3-3zeta;Dsor1;htl;Itgbn;Dif;RyR;babo;wts;cher;Hr96;Vang;Lip3;RhoGAP1A;Nsun2;Dronc;botv"
"GOBP_REGULATION_OF_G_PROTEIN_COUPLED_RECEPTOR_SIGNALING_PATHWAY",0.00683060109289617,0.0540205064927434,0.455891862882045,1.61317719223271,34,67,"Acph-1;Appl;Arr1;BicD;dnc;Galphai;robo2;Pkc53E;Pp2B-14D;csul;phr6-4;loco;Dlc90F;Rok;ric8a;Dhit"
"GOBP_NEGATIVE_REGULATION_OF_SMOOTH_MUSCLE_CELL_MIGRATION",0.0069293209265492,0.0546543221606106,0.675117563240318,1.74285337595902,34,16,"cta;dpp;for;tkv;Tm1;Sema1a;CG2082"
"GOBP_FOREBRAIN_NEURON_DEVELOPMENT",0.00695272149384188,0.0546922637296332,0.601813761953954,1.71167939090814,34,24,"robo2;slp2;Wnt5;Rac1;Dop1R1;Rac2;unpg;PlexB;PlexA;CG11700;ATP7;erm"
"GOBP_REGULATION_OF_MYELOID_LEUKOCYTE_DIFFERENTIATION",0.00698869475847893,0.0548286399451867,-0.476620918926509,-1.62974200961033,33,53,"acj6;arm;FER;grn;Hsf;lz;Su(var)2-10;ush;Rbf;Cdk4;Stat92E;Pi3K21B;Tsf1;Tob;trbl;Tollo;raptor"
"GOBP_REPRODUCTIVE_SYSTEM_DEVELOPMENT",0.00706566916043225,0.0552851028457226,-0.374593792933754,-1.50038137299593,33,142,"arm;asp;salr;csw;FER;ftz-f1;grn;kz;mor;rk;svp;ptc;ush;vls;Wnt2;Klp67A;TkR99D;hh;alpha-Cat;CycD;htl;Sply;Gug;Spn;babo;fng;Nos;cher;Set;Acer;Stat92E;Cbl;CG2924;wit;Crk;Optix;Dronc;Lim1;fz4;cindr;Ercc1"
"GOBP_AMEBOIDAL_TYPE_CELL_MIGRATION",0.00716185799058727,0.055889088085697,-0.386897146664501,-1.51581489424231,34,118,"arr;csw;ena;FER;LanA;Pkc98E;sax;Egfr;Ptp99A;zfh1;TkR99D;hh;mys;cdi;Calr;Cdc42;Itgbn;Sdc;Sply;msn;babo;tsr;Hem;Ret;Lis-1;Rab11;Fak;chb;wit;DAAM;Timp;siz;Pten;Kank;glob1"
"GOBP_HYDROGEN_PEROXIDE_METABOLIC_PROCESS",0.00726772736201139,0.056267510260625,0.648110382544071,1.72976575827547,36,18,"Cat;Sod1;Rac1;Rac2;HDAC6;CG14777;CG14778;Pink1"
"GOBP_PERIPHERAL_NERVOUS_SYSTEM_DEVELOPMENT",0.00725632476956266,0.056267510260625,0.501723066779633,1.64356074577449,36,45,"baz;kto;Sos;Raf;Ras85D;rl;run;Sod1;tup;Cdk1;drk;CanB;Nf1;tap;PlexB;PlexA;CG2082;Ilk"
"GOBP_RESPONSE_TO_BMP",0.00725632476956266,0.056267510260625,0.434161620120831,1.58028461404467,36,78,"Dll;cv-2;dpp;Dr;emc;pnr;put;rl;run;sog;tkv;Fur1;Fur2;N;faf;dpn;Wnt5;pelo;eff;Diap2;Dad;bon;gbb;SkpA;Smox"
"GOBP_CARDIAC_SEPTUM_MORPHOGENESIS",0.00731080814068366,0.0563381010643033,0.53271621591793,1.66492963891939,36,36,"bi;dpp;Dr;emc;robo2;pnr;smo;tkv;tup;pros;N;dpn;Dad;Ptx1;gbb"
"GOBP_HEART_FORMATION",0.00731514432582048,0.0563381010643033,0.624568862549834,1.71031768316597,36,20,"eya;dpp;robo2;pnr;so;tkv;tup;N;dpn;Wnt5;Bap60"
"GOBP_HEMATOPOIETIC_STEM_CELL_DIFFERENTIATION",0.00744766505636071,0.0568118758346766,-0.591484404695901,-1.70895355772604,36,24,"Abl;Hsc70-5;Su(dx);bs;Acer;Cdk4;Sp1;lili"
"GOBP_MODIFICATION_DEPENDENT_MACROMOLECULE_CATABOLIC_PROCESS",0.00742469240560034,0.0568118758346766,-0.29176889002034,-1.31099872172841,34,393,"arm;aurA;ben;CkIIbeta;dsh;dx;Hsc70-2;Prosbeta6;mor;Rpn8;pk;ref(2)P;sgg;sina;Su(dx);Su(var)2-10;RpS27A;Ubi-p63E;vls;Prosalpha4;Cdk2;mts;neb;shtd;hh;nvy;slbo;Uch;Taf1;kermit;lwr;poe;Uch-L5;wts;RpL11;Rpt2;Ubc4;Cul1;ari-1;Ubc84D;Cbl;Gcn5;Fak;Rack1;Vps28;Clk;Prosbeta2;Prosalpha7;EloB;Plap;CG2701;ari-2;inc;Faf2;Roc1a;Ate1;gus;Ubc10;Pten;Prosbeta3;Axn;STUB1;Nulp1;Rpt5;Rpt4;Rpt3;Rpn6;Rpn5;Rpn2;Rpn12;Rpn11;Rpn1;CG3473;trbl;Smurf;Prosbeta5;Mkrn1;Pat1;APC7;UbcE2H;CG1785;CG17754;Usp7;hiw;HUWE1;Ubr1;wcy;CG8173;Ubqn;CG11710;CG1812;CG15445;Pex12;CG4238;Prosbeta4R2;Hrs"
"GOBP_RESPONSE_TO_COCAINE",0.00745390349156532,0.0568118758346766,0.561194773320503,1.69418351310241,37,31,"nAChRalpha1;CycA;en;Hsp83;GluRIA;SerT;Dop1R1;HDAC1;Ptx1;sdk;Smox;Fkbp59"
"GOBP_RESPONSE_TO_METAL_ION",0.00741029641185647,0.0568118758346766,0.348214453512956,1.44378458583259,37,193,"AnxB9;Appl;bsk;Cat;eag;emc;Got1;Jra;dlg1;nau;pbl;Raf;r;Sh;Shaw;sl;slo;Sod1;alphaTub85E;Zw;Cdk1;up;Syt1;GluRIA;trpl;PCNA;Wnt5;Dcp-1;Pp2B-14D;CalpA;Coprox;AMPKalpha;D2hgdh;Ac78C;gbb;Npc1a;Actbeta;Mat1;Irp-1A;GluClalpha"
"GOBP_PITUITARY_GLAND_DEVELOPMENT",0.00748326112642773,0.0568882538344971,0.588090324209575,1.69232265422538,37,25,"dpp;Dr;Lim3;tkv;tup;ci;dpn;Wnt5;byn;Aldh;toy;Ptx1;Actbeta"
"GOBP_REGULATION_OF_PHOSPHORYLATION",0.00751589901715167,0.056989110588815,0.341552016443713,1.43517986559441,38,215,"Acph-1;baz;dpp;crp;twe;pbl;Raf;put;rl;smo;stg;Ptp10D;Ten-m;dpn;Wnt5;Rac1;CG10939;Sema2a;Cdc37;BRWD3;Sap47;Chi;Ptp69D;Rac2;Rho1;sty;dod;Nlp;loco;Nrk;Abi;Xbp1;Vps25;Pka-R2;CG32809;Ac78C;Sirt1;Mekk1;Taf7;Actbeta;Pli;CycK;PlexB;Rad17;JTBR;HDAC3;Adar;Traf4;Tak1"
"GOBP_CELLULAR_RESPONSE_TO_CARBOHYDRATE_STIMULUS",0.00762016412661196,0.0575396049286133,0.418501356377345,1.55231436621279,38,87,"Ald1;brm;Pka-C1;EcR;fkh;Raf;Pkc53E;pnr;tra2;inaC;sv;Rac1;lark;Rac2;p38a;Ork1;Osbp;Xbp1;AMPKalpha;Ac78C;p38b;Smox;Tip60;Rip11;sut2;sut1;Usf"
"GOBP_MIRNA_TRANSCRIPTION",0.00762761588108742,0.0575396049286133,0.54521048870563,1.67277163004489,38,33,"Appl;brm;dpp;EcR;fkh;Jra;pho;Myb;sd;tkv;N;toy;Dad;Smox"
"GOBP_ANATOMICAL_STRUCTURE_MATURATION",0.00775945683802134,0.0579957272012675,0.361131065296339,1.45563830950191,39,151,"Appl;Pka-C1;dpp;Dr;emc;fkh;Actn;l(3)mbt;run;stg;tud;usp;Zw;Fur1;sv;Ets65A;Ets21C;dpn;Wnt5;Rac1;l(2)03659;heph;Sema2a;HLH3B;Aldh;Rac2;Rho1;Nf1;oxt;fz2;Rca1;Rfx;Xbp1;Bap55;PlexB;HDAC6;CG2082"
"GOBP_MUSCLE_ADAPTATION",0.00778664590227759,0.0579957272012675,0.487505462063208,1.63389656865734,39,50,"Actn;Jra;Ca-alpha1D;pho;nau;Pkc53E;pnr;Zw;up;N;Gel;Pp2B-14D;Smox;Rok;myo"
"GOBP_POSITIVE_REGULATION_OF_DNA_METABOLIC_PROCESS",0.00777604976671851,0.0579957272012675,0.356213446314374,1.44804402047993,39,163,"brm;chif;eya;CycA;E(Pc);Hrb98DE;Hsp83;pho;twe;Pkc53E;pnr;rl;spir;stg;CCT1;Cdk1;mei-41;Pep;Ubc6;ci;PCNA;Dcp-1;CCT5;Mlh1;Arp2;Ptp69D;cutlet;spel1;Nlp;dom;bon;WASp;Sirt1;Mekk1;agt;Bap60;Pli;Bap55;Tip60;BCL7-like;HDAC6;MRG15;CG11970"
"GOBP_POSITIVE_REGULATION_OF_REPRODUCTIVE_PROCESS",0.00775351968985921,0.0579957272012675,-0.516297344616267,-1.65166810514842,37,39,"arm;aurA;disco;ftz-f1;kz;ovo;ush;Plc21C;TkR99D;hh;bol;babo;fng"
"GOBP_T_CELL_HOMEOSTASIS",0.00775035692433204,0.0579957272012675,-0.491395521326111,-1.6243853245046,37,45,"CycB;Prosbeta6;mts;hop;CanA1;Hem;Stat92E;Prosalpha7;Prosbeta3;Vha100-3;Vha100-2;Vha100-1;Prosbeta5;galectin;CG11374;Prosbeta4R2;CG9550;Vha100-5;Prosalpha6T;Zip42C.1;CG8046"
"GOBP_REGULATION_OF_PROTEIN_TARGETING_TO_MEMBRANE",0.00784866170255585,0.0583100068912104,-0.603377964317062,-1.72719337824214,38,23,"Egfr;mys;Gdi;Myo61F;Ank;Nca;Cdk5;Eaat1;Cdk5alpha;CG9784"
"GOBP_CHROMATIN_ORGANIZATION",0.00794551645856981,0.0584392735527809,0.294490070238864,1.3161665767488,41,397,"nAChRalpha1;nAChRalpha2;Appl;aub;brm;Pka-C1;eya;E(Pc);fkh;His2Av;Mybbp1A;hyd;l(3)mbt;pho;Lam;msl-3;Pcl;Fib;Pkc53E;Sce;shu;spn-E;Cdk1;nAChRbeta2;nonA;mei-41;Pep;Ubc6;wapl;inaC;ph-d;ph-p;ash1;msl-2;PCNA;simj;HLH3B;Dp;BRWD3;not;His4r;mof;HDAC1;csul;Lgr1;Nlp;spen;toy;Cdk9;dom;JIL-1;Pkn;l(2)09851;Pp2C1;Hira;bon;AMPKalpha;Sirt1;dlt;Taf7;Bap60;SkpA;Bap55;Rad17;HDAC3;Tip60;BCL7-like;Tak1;Nipped-B;HDAC6;ear;Hmg-2;CG6171;Rad23;MRG15;D12;wde;CG11970;ball;MBD-like;MTA1-like;Taf10"
"GOBP_NUCLEAR_TRANSPORT",0.00793485069951973,0.0584392735527809,-0.331004710317606,-1.39874630892854,37,218,"arm;cact;csw;e(y)2;Hsc70-5;mago;mle;pk;ref(2)P;sbr;sgg;Pp1-87B;hh;hop;14-3-3zeta;gig;Mbs;Calr;LamC;Phb2;lwr;e(r);La;Nos;tsr;Cdk5;cher;Hr38;eIF4E1;Shark;Smg5;drongo;Pi3K21B;Nup154;Cbp80;qkr58E-2;CG3630;Nmd3;Sec13;Dbp80;Tnpo;Optix;TBPH;Nsun2;mbo;Axn;Kap-alpha3;LTV1;Nup93-1;nito;Ythdc1;Nxt1"
"GOBP_REGULATION_OF_D_GLUCOSE_TRANSMEMBRANE_TRANSPORT",0.00792360828931329,0.0584392735527809,-0.500136379595914,-1.63102805402583,38,42,"acj6;Chc;csw;sgg;Rap1;Mef2;Hr38;Pi3K21B;chico;Eaat2;trbl;CG9784;Ucp4A"
"GOBP_REGULATION_OF_DEVELOPMENTAL_GROWTH",0.00793153830098101,0.0584392735527809,-0.370583413287629,-1.48868930470276,37,146,"Abl;acj6;CycB;Galphas;Hsf;lz;sgg;shi;tld;Egfr;ptc;ush;bs;Plc21C;Su(H);Gdi;htl;Sply;babo;fra;Mef2;Moe;tsr;wts;Cdk5;drl;Lis-1;NetB;mael;sba;Stat92E;chb;Sin3A;wit;Fim;Plap;unc-13;Cortactin;CalpB;Pten"
"GOBP_RESPONSE_TO_STEROID_HORMONE",0.00801644398766701,0.0588139107524098,-0.342587614127372,-1.42504919038622,38,186,"acj6;Cam;dor;Gal;Hsc70-2;Atpalpha;Pepck1;per;Pgi;Rm62;sgg;Su(var)2-10;tll;v;Wnt2;TkR99D;hop;14-3-3zeta;Calr;Psc;PpD3;Lcch3;Dsor1;CycD;Taf1;Phb2;Hmgs;Spn;blw;scat;Smyd3;wts;Hr38;Hydr2;eIF4E1;Hr78;Cpr;Drip;Rga;Clk;fray;tna;Ubc10;Axn;Ugt37C1;Ugt37A1;Kank;Hey"
"GOBP_CYTOPLASMIC_MICROTUBULE_ORGANIZATION",0.00812512695510867,0.0590225271652586,-0.508195601958798,-1.6393993234919,39,40,"dsh;hook;Grip91;Moe;Lis-1;Rab11;CLIP-190;chb;Grip84;Grip75;Grip163;Grip128;Axn;Kank"
"GOBP_ENTEROENDOCRINE_CELL_DIFFERENTIATION",0.0081059707394227,0.0590225271652586,0.620422802276211,1.69896412293163,40,20,"dpp;smo;dpn;Wnt5;lark;tap;toy;Rfx;Pdk1;cyc;gbb"
"GOBP_REGULATION_OF_CYTOSKELETON_ORGANIZATION",0.00811148086522463,0.0590225271652586,-0.321386187811772,-1.38181788560067,38,251,"Abl;aurA;Chc;dsh;ena;fliI;FER;Hsc70-2;RpS3;Rcc1;ninaC;Pkc98E;qua;sgg;stau;betaTub97EF;Tm2;kst;mts;Klp67A;TkR99D;mys;cdi;Arl2;alpha-Cat;128up;Cdc42;Sdc;dia;babo;cpb;Moe;tsr;wts;Hem;Cdc2rk;cher;Lis-1;Vang;Gcn5;Fak;CLIP-190;Pi3K21B;chb;Crk;DAAM;Cortactin;CalpB;Tsc1;RhoGAPp190;Eb1;Amph;Cdk5alpha;Kank;cindr;Sec71;GMF;nmdyn-D7;aru;ssh;pigs;Clic;Tat;hiw;CG9784;CG6891;rictor;Tao;Naa20A"
"GOBP_REGULATION_OF_MEMBRANE_POTENTIAL",0.00806618407445708,0.0590225271652586,-0.334471984178226,-1.40550951060815,38,205,"Abl;mAChR-A;nAChRbeta1;arm;Cam;cni;dsh;Gpdh1;Atpalpha;ort;sgg;Su(dx);trx;ct;Wnt2;Mdr49;TkR99D;14-3-3zeta;alpha-Cat;Lcch3;Nmdar1;RyR;Elk;Mef2;Nos;Ank;Cdk5;Fkbp12;Nrx-IV;cher;nrv1;P5cr;Nurf-38;Past1;ko;Fak;Rack1;Nup154;Tsf1;Lip3;RSG7;Oamb;Pten;Eaat1;Amph;Mtch;Sur;nAChRalpha5;ssh"
"GOBP_BLOOD_VESSEL_MORPHOGENESIS",0.00821551394726786,0.0591071643830112,0.321547125621688,1.38160683235952,42,265,"Act5C;AnxB10;eya;cta;cv-2;Pka-C3;dpp;emc;Jra;Sos;robo2;Pkc53E;pnr;Ras64B;sd;sl;smo;so;tkv;tup;vap;Ptp10D;CrebA;pros;N;inaC;CanB;dpn;Wnt5;ATPsynbeta;fbl;Sema1a;Sema2a;HLH3B;E2f1;Rho1;croc;sty;Nf1;Pi3K68D;unpg;fz2;Pdk1;Dad;Spred;Ptx1;Xbp1;Sirt1;p38b;Scgdelta;PlexB;Eph;Mhcl;Rok;SPARC"
"GOBP_LOCALIZATION_WITHIN_MEMBRANE",0.00821917808219178,0.0591071643830112,-0.287310859823476,-1.29766510268497,38,417,"Act42A;arm;arr;Cam;cin;Chc;cni;comt;dsh;LanA;mnd;numb;ort;Pkc98E;rb;ref(2)P;Egfr;ptc;boca;mew;Rap1;mys;Gdi;14-3-3zeta;nmd;Lac;Myo61F;Dsor1;SrpRalpha;LamC;cora;Sec61beta;Srp54k;Spn;Moe;Ank;Nca;Cdk5;cher;Vps26;CG5861;ktub;nrv1;Rab11;Rab7;Rab6;Past1;Khc-73;Nmt;Rack1;Pi3K21B;Nup154;Tapdelta;Rbcn-3B;IKKbeta;Fim;Flo1;Crk;rush;fidipidine;Amnionless;CG5885;CalpB;siz;Eaat1;Tim10;Cdk5alpha;Wdr24;Mtch;Ptpmeg2;Sec71;TM9SF4;nmdyn-D7;Smurf;ssh;CHOp24;Grip;ND-B16.6;Gga;CG15211;Klp10A;Vlet;CG10353;Tomosyn;MSBP;Lrp4;CG9784;Tao;Sec61gamma;Rab35;bves;galectin;CG11374;CG17075"
"GOBP_MORPHOGENESIS_OF_EMBRYONIC_EPITHELIUM",0.00816826628548091,0.0591071643830112,-0.401016366860853,-1.52105712899756,39,95,"Abl;arm;dsh;ena;grn;LanA;pk;ptc;Ser;Wnt2;zfh1;hh;otk;gig;htl;Sdc;tsr;Hem;Ret;Deaf1;mirr;ktub;Vang;caup;Gcn5;Tsc1;RhoGAPp190;CG4935;Las;CHOp24"
"GOBP_PEPTIDE_TRANSPORT",0.00820472748583708,0.0591071643830112,0.354057039253087,1.44076131514812,41,165,"Ald1;Pka-C1;EcR;fkh;tj;Gdh;Galphai;Galphao;kar;Raf;Pkc53E;put;Sh;tup;Rop;Hnf4;sv;Rab3;Rac1;l(2)03659;CG10939;lark;Syx1A;Rac2;Ork1;Rfx;Osbp;cyc;Dap160;Ac78C;gbb;Actbeta;moody;Smox;Mgstl;Rip11;Pfrx;sut2;sut1"
"GOBP_REGULATION_OF_DENDRITE_DEVELOPMENT",0.00823723228995058,0.0591071643830112,-0.45844920681411,-1.60115029286733,39,59,"Abl;Lar;numb;sgg;stau;tll;ct;C15;14-3-3zeta;Sdc;msn;fra;Mad;Lis-1;CRMP;Crk;Eb1;fz4"
"GOBP_AXIS_SPECIFICATION",0.00833171865917458,0.059350886913539,0.463732980781298,1.60272819984455,42,58,"bi;cad;dpp;fkh;Sce;smo;so;tkv;tud;yrt;Fur1;Fur2;N;Wnt5;byn;Chi;tap;fz2;toy;Dad;Ptx1;Smox"
"GOBP_PEROXISOME_PROLIFERATOR_ACTIVATED_RECEPTOR_SIGNALING_PATHWAY",0.0083184789067142,0.059350886913539,0.679170852327848,1.72048910523359,41,15,"dpp;Actn;Jra;usp;Pdk;Sirt1"
"GOBP_REGULATION_OF_ORGANIC_ACID_TRANSPORT",0.00829791540174054,0.059350886913539,-0.517024360827693,-1.63031366236888,40,36,"cn;mnd;Atpalpha;per;Mdr49;mys;Jhe;Shark;Acer;mGluR;chico;CG4757"
"GOBP_DEVELOPMENT_OF_PRIMARY_SEXUAL_CHARACTERISTICS",0.00839647757526111,0.0595239446419715,-0.392020401732947,-1.50958897389024,40,106,"asp;salr;FER;ftz-f1;grn;kz;svp;ush;Klp67A;hh;dac;alpha-Cat;CycD;Sply;Gug;babo;fng;Nos;cher;Set;Acer;Stat92E;Cbl;wit;Crk;Optix;Dronc;fz4;cindr;Ercc1"
"GOBP_MYOTUBE_DIFFERENTIATION",0.00837716734852913,0.0595239446419715,0.385656837238259,1.49454878791012,42,115,"RpLP0;eag;Actn;Ca-alpha1D;RpLP1;RpL32;nau;RpLP2;RpL4;smo;RpL40;N;RpL7;RpL23;RpL18A;Pp2B-14D;CalpA;RpL7A;mbc;HDAC1;Xbp1;sns;RpL10;p38b;HDAC3;Six4;goe"
"GOBP_POSITIVE_REGULATION_OF_SECRETION",0.00855365474339036,0.0604924333054193,0.356240091152854,1.44224692831093,43,158,"Ace;nAChRalpha1;Ald1;Pka-C1;Dab;dpp;EcR;Gdh;Pkc53E;tup;Syt1;Rop;TkR86C;Rab3;Gel;Rac1;SerT;Pp2B-14D;Syx1A;Rac2;Osbp;Xbp1;Dap160;Ac78C;gbb;Actbeta;Rab27;Mgstl;Mhcl;Drp1;Stam;Pfrx;sut2;sut1;SK;Pink1;Atg5;GIIIspla2;AP-1gamma"
"GOBP_INFLAMMATORY_RESPONSE",0.00859719018662193,0.0606545168562152,-0.306572426067655,-1.33957888784096,40,293,"cact;csw;ftz-f1;Galphas;grn;Hex-C;stc;mle;per;pnt;rb;rut;sax;Su(dx);mts;Hrb87F;zfh1;TkR99D;fs(1)h;mys;Su(H);Ac76E;hop;Rb97D;slbo;pll;scat;Dif;Snap25;Mad;Mvl;Nos;wts;Rel;Hr38;Pi3K92E;Shark;Cul1;Rbf;Acer;Stat92E;sfl;stumps;Clk;fray;Lip3;IKKbeta;Plap;Roc1a;RhoGAP1A;Timp;drosha;LysRS;CG1344;botv;beta4GalNAcTA;cindr;Vha100-3;Vha100-2;Vha100-1;nAChRalpha5;CG4935;Tollo;Mkrn1;Las;CHOp24;AdamTS-B;Btnd;CG1703;CG11134;Tat;CG13404;PGRP-LE;CG8173;rictor;galectin;CG11374;CG4238;CG3165"
"GOBP_POSITIVE_REGULATION_OF_CALCIUM_MEDIATED_SIGNALING",0.00874056416368693,0.0615185161951362,0.588536088776608,1.67391501765239,43,24,"Appl;Pka-C1;sl;Ptp10D;CanB;heph;Pp2B-14D;Ptp69D;CanB2"
"GOBP_CELLULAR_RESPONSE_TO_ALCOHOL",0.008816895632561,0.0615741666627909,-0.442191847501043,-1.57221364607613,42,65,"arm;arr;Galphas;Blm;Pkc98E;rut;spn-A;ptc;Rap1;Ac76E;Itpr;Jhe;alpha-Cat;Cdk4;CG2187;RecQ5;CG4757"
"GOBP_ENDOCRINE_SYSTEM_DEVELOPMENT",0.00883218842001963,0.0615741666627909,0.449108084618897,1.58233919774939,44,66,"dpp;Dr;fkh;Lim3;Raf;rl;smo;so;tkv;tup;ci;sv;dpn;Wnt5;byn;Aldh;gcm;Nf1;toy;Rfx;Pdk1;Ptx1;cyc;gbb;Actbeta;Smox"
"GOBP_PROTEOLYSIS_INVOLVED_IN_PROTEIN_CATABOLIC_PROCESS",0.00882723833543506,0.0615741666627909,-0.28155863076793,-1.28320898598524,41,459,"arm;aurA;ben;CkIIbeta;dsh;dx;Hsc70-2;Ide;Prosbeta6;mor;Rpn8;neur;pk;ref(2)P;sgg;sina;Su(dx);Su(var)2-10;RpS27A;Ubi-p63E;vls;Prosalpha4;Cdk2;mts;neb;shtd;hh;Calr;nvy;slbo;Uch;Taf1;kermit;lwr;Sec61beta;poe;Uch-L5;Stt3B;wts;RpL11;Rpt2;Ubc4;Cul1;ari-1;Ubc84D;Cbl;Gcn5;Fak;Rack1;Vps28;Clk;Prosbeta2;Prosalpha7;EloB;Edem1;Plap;CG2701;ari-2;inc;Faf2;Torsin;Sik2;Roc1a;Ate1;CalpB;gus;Ubc10;Pten;Prosbeta3;Axn;STUB1;Nulp1;CG8042;Rpt5;Rpt4;Rpt3;Rpn6;Rpn5;Rpn2;Rpn12;Rpn11;Rpn1;CG3473;trbl;Smurf;REG;Prosbeta5;Mkrn1;AdamTS-B;Pat1;APC7;UbcE2H;CG1785;CG17754;Usp7;CG1924;hiw;HUWE1;rngo;Ubr1;wcy;CG8173;Ubqn;CG11710;CG1812;CG15445;Pex12;CG4238;Prosbeta4R2;Hrs"
"GOBP_SYNAPTIC_TRANSMISSION_GLUTAMATERGIC",0.008816895632561,0.0615741666627909,-0.484579109377018,-1.61202781444702,42,47,"cn;cni;Atpalpha;nmd;Nmdar1;scat;Mef2;Cdk5;mGluR;Fak;unc-13;homer;siz;Eaat1;Sur;tio"
"GOBP_EAR_DEVELOPMENT",0.00895464278761923,0.0621333940593768,0.373952096264652,1.47087196603103,45,126,"Dll;bi;eya;cv-2;CycA;dpp;Dr;tj;Grd;Lim3;osp;rl;so;Sod1;tsh;slp2;pros;N;bap;sv;dpn;Wnt5;Rac1;CG10939;Aldh;MAPk-Ak2;Rac2;sty;tap;unpg;Ork1;fus;gbb;Nipped-B;SPARC;Gmap;Six4"
"GOBP_REGULATION_OF_SYNCYTIUM_FORMATION_BY_PLASMA_MEMBRANE_FUSION",0.00895289996107435,0.0621333940593768,0.481589187864673,1.62029106618648,45,51,"RpLP0;RpLP1;RpL32;nau;RpLP2;RpL4;RpL40;RpL7;RpL23;RpL18A;CalpA;RpL7A;gcm;CaMKI;RpL10;p38b"
"GOBP_CATECHOLAMINE_SECRETION",0.00923379174852652,0.0639195654686236,0.578145127249754,1.67807771606953,46,26,"nAChRalpha1;nAChRalpha2;Galphai;Sh;nAChRbeta2;Syt1;Syx1A;Syt4;Pink1"
"GOBP_RESPONSE_TO_ANGIOTENSIN",0.00928486764124852,0.0639720857155811,0.565172026591639,1.68048824798257,46,29,"Actn;Pkc53E;nonA;Rac1;Pp2B-14D;Ance;Rac2;Actbeta;Smox;Rok;Tak1"
"GOBP_SISTER_CHROMATID_SEGREGATION",0.0092840932535589,0.0639720857155811,-0.360764591470175,-1.45870769727252,44,151,"Act42A;Mps1;aurA;CycB;dup;Hsc70-2;Rcc1;mor;pk;rod;sw;Pp1-87B;neb;Klp67A;Klp68D;shtd;His3.3B;128up;Iswi;Snr1;wts;ctp;cher;glu;SMC3;Rab11;Rbf;Gcn5;chb;nudC;DCTN2-p50;robl;aurB;Bub3"
"GOBP_NEGATIVE_REGULATION_OF_LOCOMOTION",0.00935356474745375,0.064144959177177,-0.365422802119454,-1.47230424238194,44,148,"arm;CkIIbeta;ena;grn;Mp20;sax;sgg;svp;Egfr;bs;Tm2;Ser;Ptp4E;Ptp99A;Vinc;zfh1;Plc21C;hh;Calr;dac;alpha-Cat;babo;Mef2;tsr;Hydr2;drl;nrv1;chb;Sin3A;CRMP;Crk;RhoGAP1A;Timp;Pten;Kank;glob1;Sur;trbl;Spn55B"
"GOBP_PEPTIDYL_TYROSINE_MODIFICATION",0.00934579439252336,0.064144959177177,-0.494911169091763,-1.61398777207844,45,42,"Abl;csw;FER;Egfr;mys;hop;htl;Shark;Fak;unc-119;Ack"
"GOBP_NEGATIVE_REGULATION_OF_ERK1_AND_ERK2_CASCADE",0.00941545704197725,0.0644192432965048,0.554018363657866,1.67251874444861,47,31,"Dab;dlg1;CG10939;Sema1a;Ance;Ptp69D;sty;dod;loco;Spred;Xbp1;CG2082;ball;Atf3"
"GOBP_HOMOTYPIC_CELL_CELL_ADHESION",0.00967675519868231,0.0660533962749962,-0.472026996454419,-1.606189452118,46,52,"Act42A;arm;csw;Galphas;grn;mnd;betaTub85D;Vinc;mys;elB;hop;alpha-Cat;Dsor1;Ank;cher;Pi3K92E;Shark"
"GOBP_CIRCULATORY_SYSTEM_PROCESS",0.00972169271826153,0.0660536258132227,0.306693984543825,1.33793728825467,50,312,"Appl;bru1;Pka-C1;cta;dnc;emc;for;Gbeta13F;Galphao;Hsp83;kar;dlg1;Ca-alpha1D;pnr;r;sei;Sh;slo;Sod1;Tm1;tup;5-HT1A;up;Ptp10D;5-HT7;Fur2;Mlc-c;TkR86C;Shal;trpl;ple;Ets65A;Ets21C;Gel;SerT;l(2)03659;CG10939;Dop1R1;Fdh;Ance;Cyp6a8;Cyp6a22;Gycalpha99B;Calx;Rho1;croc;Mlp84B;Pi3K68D;jumu;mbc;Cyp6a17;ara;Lgr1;14-3-3epsilon;Dad;AMPKalpha;gbb;Scgdelta;moody;Smox;Rok;Drp1;Manf;goe;Eato;sut2;sut1"
"GOBP_REGULATION_OF_CELL_SIZE",0.0097147581645308,0.0660536258132227,-0.393730638405188,-1.50251475158697,46,100,"Abl;acj6;adp;sgg;shi;bs;Gdi;fra;Moe;tsr;Ret;Cdk5;drl;Lis-1;NetB;Drip;chb;Sin3A;fray;wit;CG12773;E2f2;Cortactin;Tsc1;RhoGAPp190;Pten"
"GOBP_REGULATION_OF_CELL_ACTIVATION",0.00974770642201835,0.0660777702617004,0.318679745994818,1.36407772360016,50,256,"nAChRalpha1;Appl;brm;dpp;EcR;emc;for;g;H2.0;Jra;dlg1;Sos;CG5504;Raf;Pkc53E;run;Sod1;ss;Ptp10D;LysP;LysS;LysX;Galphaq;TkR86C;ci;dpn;Wnt5;Rac1;Dcp-1;dock;Prosbeta1;Mlh1;Pp2B-14D;CalpA;Ptp69D;Rac2;Rho1;spel1;Prosalpha5;Pdk1;Dad;Pkn;Xbp1;AMPKalpha;arg;foi;Actbeta;Bap60;Pli;Bap55;Mhcl;Tip60;Mad1;CG6171;mino;drpr;Syt4"
"GOBP_POSITIVE_REGULATION_OF_CANONICAL_NF_KAPPAB_SIGNAL_TRANSDUCTION",0.00982800982800983,0.0664689768138044,-0.403658780808679,-1.5076220438746,47,87,"Abl;ben;Gapdh1;Pkc98E;fs(1)h;PpD3;Ror;pll;lwr;Dif;Fkbp12;cher;Hr78;Cul1;Tsf1;IKKbeta;Flo1;Roc1a;fan;CG3473;Tollo;Vap33;NFAT;HUWE1;galectin;CG11374"
"GOBP_CELL_SURFACE_RECEPTOR_PROTEIN_TYROSINE_KINASE_SIGNALING_PATHWAY",0.00985738255033557,0.0665147235391909,-0.313811713921946,-1.35660319169393,46,265,"Abl;arm;by;Col4a1;csw;FER;grn;Ide;if;mor;or;pk;sgg;svp;Egfr;Ptp99A;Ets97D;Plc21C;mys;Su(H);hop;gig;Myo61F;Dsor1;htl;Ror;Sply;Dif;Ret;Hr38;Pi3K92E;Shark;Shc;drl;Rab7;sba;dos;Stat92E;Cbl;sfl;Fak;Pi3K21B;chb;chico;trio;Neos;PRL-1;Crk;Sik2;Roc1a;STUB1;fz4;Cdk5alpha;Kank;cindr;Ercc1;sut3;Lnk;trbl;RhoGAP5A;AdamTS-B;Dok;CG10555"
"GOBP_CELL_SUBSTRATE_JUNCTION_ORGANIZATION",0.00998573466476462,0.0669203448376709,-0.439126082496088,-1.56816215245934,48,66,"Abl;if;LanA;pk;sax;Vinc;mew;mys;cdi;Itgbn;Sdc;msn;tsr;Fak;Pi3K21B;chb;mbt;RhoGAP1A;Cortactin;siz;Tsc1;Pten"
"GOBP_EYE_MORPHOGENESIS",0.00997262416894799,0.0669203448376709,0.418326979733298,1.54068359730224,50,83,"Hr3;dpp;fj;tj;Galphai;Hsp23;pho;ninaB;Sce;sn;Ten-m;pros;N;sv;ple;Wnt5;Aldh;Nf1;jumu;fz2;toy;Abi;Ptx1;sdk;gbb;Eph;Nipped-B;drpr;CG5921;Marf"
"GOBP_T_CELL_PROLIFERATION",0.00998573466476462,0.0669203448376709,-0.4378901651249,-1.56374857075167,48,66,"Abl;arm;csw;ftz-f1;Su(dx);Egfr;hh;hop;Psc;CanA1;CycD;Sdc;Moe;Mvl;Hem;Fkbp12;Shark;Stat92E;Lip3"
"GOBP_CRANIAL_SKELETAL_SYSTEM_DEVELOPMENT",0.0100492610837438,0.0671172543935317,0.511958830960735,1.61519399930413,50,38,"Dll;dpp;Dr;kto;run;so;sv;Wnt4;croc;tap;pug;Smox;Nipped-B;Six4;Rich"
"GOBP_NEGATIVE_REGULATION_OF_CELLULAR_COMPONENT_ORGANIZATION",0.0100607441154138,0.0671172543935317,0.287293938747737,1.29189063097853,52,427,"Acph-1;RpLP0;Appl;Dab;dpp;EcR;fzy;Hsc70-3;Hsp68;dlg1;l(3)mbt;RpLP1;RpL32;osp;Raf;polo;RpLP2;RpL4;spn-B;tup;RpL40;Ptp10D;Rop;Zw10;N;wapl;RpL7;trpl;GluProRS;RpL23;dpn;Wnt5;Gel;Rac1;RpL18A;Pfdn2;Sema1a;Sema2a;Pp2B-14D;Ance;Hsp70Aa;Hsp70Bb;Syx1A;Rac2;RpL7A;Oda;sty;CkIalpha;Diap2;Apc;Rab10;HDAC1;Nlp;Rca1;pcm;Abi;Pex5;sip1;gbb;WASp;Dlc90F;RpL10;DIP2;Rtca;PlexB;PlexA;mtm;Cdlc2;Rok;Mad1;Rhp;HDAC6;XRCC1;Rad1;CG14777;l(1)G0020;Syt4;CG3793;Eato;robl22E;Fkbp59;CG14778;Pink1;RpL17;Atg5;fh;CG2076;Dlic"
"GOBP_POST_TRANSCRIPTIONAL_REGULATION_OF_GENE_EXPRESSION",0.010122230710466,0.0672225795715372,0.30346999163944,1.33105702291484,52,331,"Appl;bru1;aub;dpp;eEF2;Hrb98DE;eIF4A;Fib;Pkc53E;pum;yrt;Dhfr;me31B;wapl;orb;eIF2beta;Pabp2;GluProRS;Dbp45A;NAT1;dock;pelo;RpS4;Cdc37;lark;Mlh1;B-H1;E2f1;Ance;MAPk-Ak2;Psi;Ddx1;peng;Nlp;angel;Lk6;Gcn2;Ran;pcm;eRF3;eIF4B;eIF3h;Cbp20;eIF2Bepsilon;RpL10;p38b;Ts;Irp-1A;eIF2Bbeta;CG4882;CG4045;PlexB;Adar;Rok;eIF5B;CG7857;Trap1;AlaRS;l(1)G0020;Nab2;Fmr1;Shmt;Pink1;CG1677;Trf4-1;CG1582;Upf1;CG1662;jub;CG5877;eIF5;Rai1;CG18259;CG7556;Ranbp21;CG4887;CG17219;SerRS;Elp3;Secp43"
"GOBP_REGULATION_OF_T_CELL_ACTIVATION",0.0101030927835052,0.0672225795715372,-0.353956329574803,-1.43835462207584,48,157,"Abl;Act42A;arm;csw;dx;ftz-f1;grn;Prosbeta6;lz;mor;Pepck1;rb;Su(dx);Egfr;zfh1;hh;fs(1)h;hop;14-3-3zeta;Psc;Sdc;Snr1;Hem;Bgb;Bro;Pi3K92E;Shark;Stat92E;Cbl;Gcn5;Prosalpha7;tna;Prosbeta3;drosha"
"GOBP_ESTABLISHMENT_OR_MAINTENANCE_OF_CELL_POLARITY",0.0102317811651702,0.0677970724953394,-0.364632622238433,-1.46180592881167,48,144,"Abl;Act42A;grn;pip;pk;sgg;Wnt2;Rap1;hh;mys;otk;alpha-Cat;Cdc42;LamC;Gug;dia;Moe;tsr;Wee1;Ank;Hem;Lis-1;Vang;Drip;Fak;Rack1;chb;gek;RhoGEF2;Crk;par-6;RhoGAPp190;Eb1;Kank;htt;Sec71;Vha100-3;Vha100-2;Vha100-1"
"GOBP_REGULATION_OF_MICROTUBULE_POLYMERIZATION_OR_DEPOLYMERIZATION",0.0102690490860546,0.0678911065419612,-0.479363303044729,-1.60796753066908,49,49,"Abl;aurA;FER;Hsc70-2;RpS3;betaTub97EF;mts;Arl2;128up;dia;CLIP-190;chb;Eb1;Cdk5alpha;nmdyn-D7;pigs;CG9784;Tao"
"GOBP_DENDRITIC_SPINE_MORPHOGENESIS",0.0103511264461133,0.0681275481084232,-0.506372255799463,-1.61409330810591,50,38,"Lar;dsh;stau;ct;Wnt2;Cdc42;tsr;Cdk5;Lis-1;Pten;Eb1;Cdk5alpha"
"GOBP_NEGATIVE_REGULATION_OF_PROTEIN_CONTAINING_COMPLEX_DISASSEMBLY",0.0103448275862069,0.0681275481084232,-0.492527409636752,-1.61542307077017,50,43,"fliI;qua;kst;pll;dia;cpb;Moe;tsr;chb;aru;pigs;Rubicon;Tao;Ubqn;cyst;LRR;CG13016;FAM21;CG2812;CG2765"
"GOBP_POSITIVE_REGULATION_OF_HEMOPOIESIS",0.0104017948194983,0.068308215086973,-0.422334919920721,-1.55035248820458,50,78,"acj6;Act42A;FER;grn;Hsf;lz;mor;Pepck1;rb;hh;fs(1)h;Snr1;Hem;Irbp;Bgb;Bro;Shark;Rbf;Stat92E;tna;trbl;raptor;Btnd;Bap111"
"GOBP_SMOOTH_MUSCLE_CELL_MIGRATION",0.0104351250246111,0.068374471764824,0.504636372359213,1.60889732737702,52,40,"cta;dpp;for;tkv;Tm1;TkR86C;Sema1a;Ance;mbc;Xbp1;PlexB;PlexA;Tak1;CG2082"
"GOBP_GLUCAN_BIOSYNTHETIC_PROCESS",0.0104902158563647,0.0684306320386365,-0.605987626294936,-1.69506363128993,51,21,"Hex-C;per;sgg;Pp1-87B;chico;Dyrk3;CG9784;Pgm2a;Mcad;UGP;Gbs-70E;Gbs-76A"
"GOBP_POSITIVE_REGULATION_OF_CATABOLIC_PROCESS",0.0104801829268293,0.0684306320386365,0.303385017925431,1.32773345265238,54,322,"abo;Appl;bru1;aub;bsk;Pka-C1;Dab;Actn;fzy;Galphai;Hsp68;Hsp83;dco;l(3)mbt;pnr;polo;pum;rl;Cdk1;porin;me31B;Ubc6;Fur1;gol;Pabp2;Wnt5;Dcp-1;Cdc37;Mlh1;Hsp70Aa;Hsp70Bb;l(2)dtl;Oda;Psi;CkIalpha;Pi3K68D;Rala;pcm;Tmtc3;Rpt6;Dad;Xbp1;AMPKalpha;Sirt1;Rilpl;Tip60;Rok;Tak1;HDAC6;Rad23;Rab3-GAP;Dgp-1;Eato;Rpt1;Fmr1;Pink1;CG1677;Atg5;Trf4-1"
"GOBP_POSITIVE_REGULATION_OF_EPITHELIAL_CELL_PROLIFERATION",0.0105427567356501,0.0686212175138998,0.411590586819991,1.51855920990019,53,84,"awd;Dll;eya;dpp;Jra;peb;Pkc53E;Ras85D;sl;smo;tkv;pros;N;TkR86C;sv;noc;Wnt5;Nf1;Pdk1;Xbp1;fus;gbb;Sirt1;PlexB"
"GOBP_REGULATION_OF_PROTEIN_CATABOLIC_PROCESS",0.0105677579776212,0.0686321058943965,-0.315790053289475,-1.35667687985318,50,249,"aurA;capu;CkIIbeta;comt;dsh;eEF1alpha2;Hsc70-2;Ide;Prosbeta6;mor;Rpn8;neur;pk;sgg;Su(dx);Su(var)2-10;Egfr;Cdk2;hh;nvy;slbo;Taf1;pll;kermit;Dif;Uch-L5;Moe;Nos;Syx5;RpL11;cher;Rpt2;Ubc4;Rab7;snRNP-U1-70K;Gcn5;Rack1;Vps28;Prosbeta2;Prosalpha7;EloB;Sik2;Roc1a;Timp;Prosbeta3;Axn;STUB1;Rpt5;Rpt4;Rpt3;Rpn6;Rpn5;Rpn2;Rpn12;Rpn11;Rpn1;trbl;REG;Prosbeta5;ND-B16.6;CG1785;Gga;Usp7;hiw;wcy;CG8173;Ubqn;CG15445;Prosbeta4R2;Hrs"
"GOBP_GLIOGENESIS",0.0107024712979179,0.0692398211343846,0.349653945579161,1.41826252216884,54,161,"Appl;Dll;baz;dpp;eEF2;emc;kto;Sos;Raf;Ras85D;rl;smo;Sod1;alphaTub85E;Cdk1;Ptp10D;Ten-m;slp2;drk;N;sv;CanB;dpn;HLH3B;Dop1R1;E2f1;Calx;Rho1;gcm;Nf1;HDAC1;csul;wun;toy;Ptx1;eIF2Bepsilon;eIF2Bbeta"
"GOBP_IMMUNE_SYSTEM_DEVELOPMENT",0.0107084019769358,0.0692398211343846,-0.390359776584681,-1.4918792303767,51,101,"Abl;arm;arr;CycB;exd;ftz-f1;grn;Su(dx);trx;bs;tin;hh;Dsor1;pll;babo;Pms2;Ret;Rel;tos;Stat92E;Lip3;Crk;Hmt4-20;nito;cindr;Ercc1;Spt6;onecut"
"GOBP_VESICLE_LOCALIZATION",0.0108582167467112,0.0700545475193517,-0.362873739359166,-1.45475459751494,51,144,"arm;ck;cm;or;rb;shi;sw;Klp68D;Syn;cdi;Myo61F;Dsor1;Sdc;Snap25;Cdk5;Lis-1;Rab11;Rab7;Khc-73;CtBP;chb;DCTN2-p50;AP-1mu;Torsin;unc-13;Pten;CSN5;htt;sut3;Vha100-3;Vha100-2;Vha100-1;CHOp24"
"GOBP_SYMBIONT_ENTRY_INTO_HOST",0.0109008638420403,0.0701758018014936,-0.446301592091936,-1.57331854890165,52,62,"dor;Fas2;Hsc70-2;Ide;if;sta;Su(dx);Egfr;mys;emp;crq;Acer;Cbl;Eaat1;Kap-alpha3;CG11655;CG9903;galectin;CG11374;CG11034"
"GOBP_SENSORY_PERCEPTION",0.0109552181433788,0.0703717287725338,0.31463401559541,1.3562661383997,56,278,"Acph-1;nAChRalpha1;nAChRalpha2;Arr1;eya;Hr3;dnc;ec;tj;Galphai;Gbeta13F;Hsp23;Ca-alpha1D;ninaB;osp;rl;Sh;sn;so;Sod1;nAChRbeta2;Galphaq;drk;B-H2;sv;Shal;Rab3;ple;Dcp-1;CG10939;sty;Cyp4c3;unpg;Ork1;toy;Ac3;GluClalpha;CG4025;Mgstl;Eph;Rep;Nipped-B;Ugt37B1;Ugt36E1;Ugt36F1;l(1)G0196;Tim8"
"GOBP_MIDBRAIN_DEVELOPMENT",0.0111202635914333,0.0704231470637518,-0.4451432474455,-1.55467875267647,53,59,"Act42A;Act88F;arm;arr;Cam;fz;hh;fd96Cb;14-3-3zeta;Cdc42;Taf1;htl;Uch-L5;Mad;ctp;Hr38;drl;ATPsynCF6;ATPsynB;sfl;Gcn5;PHDP"
"GOBP_NUCLEOBASE_METABOLIC_PROCESS",0.0111265646731572,0.0704231470637518,0.585949281687655,1.65484523274189,55,23,"Acph-1;Aprt;bur;Dhod;r;rl;ry;Dhfr;CG17896;Ts"
"GOBP_POSITIVE_REGULATION_OF_CELL_ACTIVATION",0.0110118429254103,0.0704231470637518,-0.365263442129108,-1.45911013481848,52,139,"Abl;Act42A;csw;ftz-f1;grn;lz;mor;Pepck1;rb;LysB;LysD;LysE;TkR99D;hh;fs(1)h;hop;14-3-3zeta;Psc;slbo;Mef2;Pms2;Snr1;Hem;Irbp;Bgb;Bro;cher;Hr38;Pi3K92E;Shark;Stat92E;chico;Hmt4-20;CalpB;tna;LysRS;cindr"
"GOBP_POSITIVE_REGULATION_OF_CELL_CYCLE_PROCESS",0.0111547200991531,0.0704231470637518,-0.353623894087312,-1.43300763546796,53,153,"arr;aurA;CycB;exd;E(z);Hsc70-1;Rcc1;Pkc98E;spn-D;sw;Egfr;neb;Plc21C;fs(1)h;CycD;Cdc42;CycE;kermit;atms;bol;Moe;RnrL;RnrS;ctp;Cdc2rk;glu;nonA-l;Rab11;Rbf;Cdk4;ko;Gcn5;Sin3A;eIF4G1;robl;aurB;Fen1;CG11403;Dyrk3"
"GOBP_POSITIVE_REGULATION_OF_NEURON_DIFFERENTIATION",0.0111197815060476,0.0704231470637518,0.485582730010887,1.59934915513212,56,46,"Appl;Dll;dpp;fkh;pbl;slp2;pros;trpl;Rho1;tap;ara;syd;gbb;Hmg-2"
"GOBP_POST_EMBRYONIC_DEVELOPMENT",0.011088295687885,0.0704231470637518,-0.459423694359516,-1.57773909662213,53,54,"Abl;eas;fu;grn;trx;tin;hop;Itpr;htl;Sply;Gug;scat;babo;Hr38;Irp-1B;Lim1;Ercc1"
"GOBP_REGULATION_OF_BMP_SIGNALING_PATHWAY",0.0110658124635993,0.0704231470637518,0.461368669352085,1.57730493825627,56,55,"Dll;cv-2;dpp;Dr;pnr;sog;Fur1;Fur2;N;dpn;Wnt5;pelo;eff;Diap2;Dad;bon;SkpA;Smox;Ilk"
"GOBP_REGULATION_OF_POST_TRANSLATIONAL_PROTEIN_MODIFICATION",0.0111340206185567,0.0704231470637518,-0.351993823732628,-1.43037968530232,53,157,"Abl;arm;ben;Hsc70-2;RpS3;per;pk;Pkc98E;ref(2)P;sgg;sina;sr;Su(dx);Su(var)2-10;RpS2;U2af50;Psc;Taf1;Dif;babo;Cdk5;Set;Vps28;Plap;Roc1a;CalpB;gus;Ubc10;Axn;STUB1;CSN5;CSN4;CSN1b;Nulp1;CSN7;CSN6;CG3473;trbl"
"GOBP_ACTIVATION_OF_IMMUNE_RESPONSE",0.0112009956440573,0.0705638740574228,-0.325409030447988,-1.37283259025119,53,213,"Abl;aurA;ben;cact;csw;grn;Hsc70-2;janA;Pkc98E;rb;ref(2)P;rk;Su(dx);mts;Rap1;Ac76E;Gdi;pll;Phb2;Dif;Mef2;Moe;Nos;wts;Hem;Irbp;Rel;Hr38;Pi3K92E;Shark;abs;nonA-l;Cbl;stumps;Fak;Pi3K21B;Tsf1;Sin3A;qkr58E-2;Lip3;IKKbeta;Crk;cindr;CG2930;Lnk;CG3473;AlaRS-m;Tollo;Ppt1;CG1785;CG12121;Tat;Ubr1;Ubqn;cactin;galectin;CG11374"
"GOBP_ALPHA_BETA_T_CELL_ACTIVATION",0.0112566516577978,0.0707629683274382,-0.399629679839041,-1.49888518815746,54,89,"Abl;grn;Prosbeta6;lz;rb;Su(dx);trx;ush;tin;hh;fs(1)h;hop;Dif;Hem;Bgb;Bro;RpL22;Shark;Stat92E;Pi3K21B;Prosalpha7;Prosbeta3;Vha100-3;Vha100-2;Vha100-1;Prosbeta5;galectin;CG11374;Prosbeta4R2;Mnn1;IP3K1;Vha100-5;MRP;Prosalpha6T;Cen"
"GOBP_SKELETAL_SYSTEM_MORPHOGENESIS",0.0113016367887763,0.0708942759756501,0.395632163213408,1.49289165899869,57,97,"Dll;cad;eya;dpp;Dr;Actn;fy;kto;dlg1;nau;put;run;so;tkv;bap;sv;Wnt4;croc;tap;pug;gbb;p38b;Smox;Nipped-B;Gmap;Six4"
"GOBP_NEURON_APOPTOTIC_PROCESS",0.0113767836482838,0.0710626273742061,0.352031343989392,1.41771191816728,58,149,"Appl;Dll;ec;en;Jra;sti;Raf;Pkc53E;Ras85D;slgA;so;Sod1;alphaTub85E;tup;vap;Zw;nonA;Rop;B-H2;trpl;Dcp-1;Ask1;Rho1;Diap2;Nf1;spel1;Drice;Ptx1;Sirt1;Mkk4;moody;PlexB;HDAC3;Adar;Rok;AlaRS;Six4;Decay;CenG1A;CG11700;Pink1;GIIIspla2;slpr;PIG-T;ATP7;DNAlig4;CG8565"
"GOBP_POSITIVE_REGULATION_OF_PHOSPHORUS_METABOLIC_PROCESS",0.0113680154142582,0.0710626273742061,0.354879406828855,1.42021359013198,58,142,"Appl;dpp;EcR;pbl;Raf;put;rl;Ten-m;dpn;Wnt5;Rac1;Sema2a;CalpA;Sap47;Ptp69D;Rac2;Rho1;sty;dod;Lgr1;Nrk;Abi;Xbp1;Pka-R2;AMPKalpha;CG32809;Ac78C;Sirt1;Mekk1;Pli;JTBR;HDAC3;Traf4;Tak1;CenG1A;Pink1;Pdp;slpr;CDK2AP1;CG1998"
"GOBP_GLUCAN_METABOLIC_PROCESS",0.0114848236259229,0.07158548963446,-0.479823602694907,-1.59101768361529,55,46,"flw;Hex-C;per;Pfk;sgg;Pp1-87B;PhKgamma;chico;Dyrk3;Rubicon;CG7766;CG9784;G6P;Atg18b;Pgm2a;Mcad;UGP;CG12289;CG7551;Atg12;Gbs-70E;Gbs-76A;CG7328"
"GOBP_REGULATION_OF_LYMPHOCYTE_DIFFERENTIATION",0.0115107913669065,0.0715956621594902,-0.380366028483736,-1.47713335594754,55,112,"Abl;Act42A;csw;dx;grn;Prosbeta6;lz;mor;Pepck1;rb;Egfr;zfh1;hh;fs(1)h;hop;Snr1;Hem;Irbp;Bgb;Bro;Shark;Stat92E;Gcn5;Prosalpha7;tna;Prosbeta3;drosha;Prosbeta5;Btnd;Bap111;PGRP-LE;galectin;CG11374;Prosbeta4R2;CG3702;Mettl14;IP3K1;CG6686;Prosalpha6T"
"GOBP_CARDIAC_CHAMBER_DEVELOPMENT",0.0117233294255569,0.0727637872784563,0.406607687802728,1.50819811111825,59,87,"bi;dpp;Dr;emc;Sos;robo2;pnr;smo;tkv;Tm1;tup;up;pros;N;Mlc-c;Su(fu);sv;dpn;Wnt5;AP-1-2beta;croc;Ork1;Dad;Ptx1;gbb;Bap60;PlexB;Gmap"
"GOBP_REGULATION_OF_CELLULAR_RESPONSE_TO_TRANSFORMING_GROWTH_FACTOR_BETA_STIMULUS",0.0117485803798708,0.0727669967949048,0.427980719837701,1.53140297687682,59,71,"Dll;dpp;Got1;Hsc70-3;Hsp68;Hsp83;noc;Hsp70Aa;Hsp70Bb;sty;dod;HDAC1;Pdk1;Dad;Spred;Xbp1;melt;bon;Sirt1;Smox"
"GOBP_CELLULAR_COMPONENT_DISASSEMBLY",0.0117795540597392,0.0728055631171274,-0.308248337351269,-1.33575974531488,55,269,"aurA;Cam;Chc;comt;DNaseII;fliI;FER;Hsc70-1;dre4;mor;pk;qua;Pp1-87B;kst;neb;Klp67A;mys;Klc;Ssrp;htl;pll;Spn;msn;dia;scat;babo;cpb;Moe;Syx5;Snr1;tsr;Set;Pi3K59F;Lis-1;Vang;Rack1;Pi3K21B;chb;Flo1;CG2701;Faf2;mbt;Timp;siz;Dyrk3;Nulp1;Drep4;Drep3;Sur;Dd;aru;pigs;Rubicon;Bap111;Klp10A;DENR;Tao;Ubqn;CG11710;Pex12;Pif1;CG11034;Rchy1;HemK1"
"GOBP_CELLULAR_HOMEOSTASIS",0.011968085106383,0.073815736651947,0.283426623106111,1.27937615389956,62,450,"nAChRalpha1;nAChRalpha2;Ald1;AnxB10;Appl;brm;car;Pka-C1;dnc;dpp;eag;EcR;fkh;Gbeta13F;DCTN1-p150;Ca-alpha1D;Raf;Pkc53E;pnr;put;rl;sl;slo;Sod1;tra2;nAChRbeta2;Rop;inaC;sv;trpl;Wnt5;ATPsynbeta;Rac1;l(2)03659;CG10939;Dop1R1;lark;CalpA;Cyp6a8;Cyp6a22;Calx;Ptp69D;Rac2;gcm;Mlp84B;Cyp6a17;nrv2;Lgr1;Nlp;Ork1;Mitofilin;14-3-3epsilon;TppII;Pdk1;Osbp;KrT95D;Xbp1;Vha36-1;AMPKalpha;CG3740;Ac78C;gbb;foi;Sirt1;Irp-1A;Scgdelta;SkpA;mtm;Smox;Tip60;myo;Rip11;goe;CG6230;CG7601;VhaSFD;Eato;sut2;sut1;VhaPPA1-1;VhaM9.7-b;Rh50;Nhe3;Nckx30C;icln;Usf;SK;Pink1;Atg5;Rab39"
"GOBP_NUCLEOSOME_ORGANIZATION",0.0121000820344545,0.0743182491552506,-0.478558031646731,-1.58682125412285,58,46,"dre4;mor;His3.3B;yem;Ssrp;Smyd3;Iswi;Snr1;Rnp4F;Mcm2;Set;Nap1;CG5815;Acf;Spt6;Caf1-180;Bap111;Set2"
"GOBP_REGULATION_OF_PHOSPHOLIPID_BIOSYNTHETIC_PROCESS",0.0120816003168944,0.0743182491552506,0.666649774712158,1.68877046249481,60,15,"EcR;Idh;CalpA;Xbp1;Eato;Pvf1;CG1801;CG17597"
"GOBP_CAMP_PKA_SIGNAL_TRANSDUCTION",0.0122336227308603,0.0749819126545646,0.619611145895634,1.67579993405709,61,19,"Appl;Pka-C1;dnc;dom;Pka-R2"
"GOBP_EAR_MORPHOGENESIS",0.0123723487824038,0.075674532469505,0.429322041081323,1.53145978504842,62,70,"Dll;bi;eya;Dr;tj;osp;rl;so;Sod1;tsh;slp2;pros;bap;sv;Wnt5;Rac1;CG10939;Aldh;Rac2;sty;tap;unpg;Nipped-B;SPARC;Six4"
"GOBP_ALPHA_BETA_T_CELL_DIFFERENTIATION",0.0124236252545825,0.0758305093339869,-0.42348181315836,-1.52648411833572,60,70,"Abl;grn;Prosbeta6;lz;rb;trx;ush;tin;hh;fs(1)h;hop;Dif;Hem;Bgb;Bro;RpL22;Shark;Stat92E;Pi3K21B;Prosalpha7;Prosbeta3"
"GOBP_CARDIAC_ATRIUM_DEVELOPMENT",0.0124555160142349,0.0758677600701429,0.606794081642903,1.66164327122776,62,20,"dpp;Sos;pnr;smo;tup;pros;N;Wnt5;Ptx1"
"GOBP_B_CELL_DIFFERENTIATION",0.0125825082508251,0.076168187806435,-0.439882712092579,-1.54420683492714,60,61,"Abl;csw;E(z);Catsup;sesB;tin;mys;Su(H);hop;fng;Hem;Pi3K92E;Shark;Stat92E;Fak;Pi3K21B;Vha100-3;Vha100-2;Vha100-1;onecut"
"GOBP_POSITIVE_REGULATION_OF_CELL_GROWTH",0.0125760649087221,0.076168187806435,-0.41821382899214,-1.53051001861053,61,76,"acj6;Hsp26;Hsp67Bc;Egfr;bs;His3.3B;Gdi;14-3-3zeta;Cdc42;babo;tsr;Lis-1;NetB;Cbp80;eIF4G1;wit;Plap;Crk;unc-13;Smurf;raptor;Rrp45;rictor;CG1812;Rim2;HemK2"
"GOBP_REGULATION_OF_SECRETION",0.0125523012552301,0.076168187806435,0.303230139858103,1.32326491702656,65,311,"Ace;nAChRalpha1;nAChRalpha2;Ald1;Pka-C1;Dab;dpp;EcR;fkh;Gdh;Galphai;Galphao;Raf;Pkc53E;Sh;Syb;tup;wbl;nAChRbeta2;5-HT1A;Syt1;Rop;N;inaC;TkR86C;Hnf4;sv;Rab3;Gel;Rac1;SerT;CG10939;Pp2B-14D;nSyb;Syx1A;nuf;Rac2;Nf1;Rala;tap;phr6-4;Ork1;Rfx;Pdk1;Osbp;Xbp1;cyc;Dap160;Ac78C;gbb;Actbeta;Rab27;moody;Mgstl;Mhcl;Drp1;Rip11;Stam;Pfrx;Syt4;Rich;sut2;sut1;Fmr1;SK;Pink1;Atg5;GIIIspla2;AP-1gamma"
"GOBP_STRESS_GRANULE_ASSEMBLY",0.01268080047553,0.076605574946631,0.592633079271211,1.65683621096996,63,22,"BicD;pum;me31B;rin;AMPKalpha;Fmr1;Atg5"
"GOBP_EPITHELIAL_CELL_DEVELOPMENT",0.0127807900852053,0.0770514025218727,0.386015117986829,1.46642382999146,65,100,"dnc;dpp;emc;fkh;Hsp23;sev;smo;yrt;ex;pros;N;bap;Wnt5;Rac1;Rac2;croc;Lgr1;toy;Rfx;Pdk1;Abi;Xbp1;cyc;sns;gbb;Rilpl;Eph;Rok"
"GOBP_POSITIVE_REGULATION_OF_CATALYTIC_ACTIVITY",0.0128105590062112,0.0770729337347102,0.349125926049899,1.4125634469693,65,157,"bsk;dpp;fzy;Ca-alpha1D;pbl;rl;RanGAP;Ten-m;Pabp2;Wnt5;Sema2a;Dop1R1;Odc1;Odc2;Sap47;Ptp69D;Rho1;Nf1;cutlet;Apc;sktl;Abi;RN-tre;Pka-R2;CG32809;Ac78C;Sirt1;Mekk1;p38b;scf;PlexB;JTBR;Traf4;Tak1;Rip11;Rich;CenG1A;slpr;fh;Graf;RhoGAP15B;CG8188;CG8142;Pvf1"
"GOBP_SISTER_CHROMATID_COHESION",0.0128545194858192,0.0771795843413881,-0.495881586183127,-1.58635679297908,62,39,"arm;spn-D;TfIIB;Phb2;nonA-l;SMC3;Rbf;Pitslre;mre11;san;Fen1;Axn;CG11403;Tnks"
"GOBP_CELL_CELL_JUNCTION_ORGANIZATION",0.0129007036747459,0.0772349519660686,0.401460351728127,1.49320576552182,65,89,"Act5C;baz;Pka-C1;EcR;dlg1;pbl;Pkc53E;rst;sn;Ptp10D;noc;Rac1;Ance;Rac2;Rho1;ara;fz2;sktl;stck;Dad;Abi;Pkn;sns;gbb;Smox;Eph;Rok"
"GOBP_NEGATIVE_REGULATION_OF_NOTCH_SIGNALING_PATHWAY",0.0129162462159435,0.0772349519660686,-0.584363701242049,-1.65392606440497,63,22,"cact;grn;neur;Su(dx);Cdk2;CycC;nvy;fng"
"GOBP_LEUKOCYTE_PROLIFERATION",0.0129736408566722,0.077264071660586,-0.38570232121146,-1.4740793407505,62,101,"Abl;arm;csw;ftz-f1;ras;Su(dx);Egfr;TkR99D;hh;hop;Psc;CanA1;CycD;Sdc;Mef2;Moe;Mvl;Hem;Fkbp12;Shark;Acer;Stat92E;Fak;Pur-alpha;Lip3;chico;lili;Vha100-3;Vha100-2;Vha100-1"
"GOBP_REGULATION_OF_GLYCOPROTEIN_METABOLIC_PROCESS",0.0129712201053912,0.077264071660586,-0.613731309602456,-1.67155476611025,63,19,"arm;grn;boca;Plc21C;hop"
"GOBP_NEGATIVE_REGULATION_OF_REPRODUCTIVE_PROCESS",0.0130293159609121,0.0774388839535419,-0.560079484163156,-1.64419583937582,63,26,"Mps1;ftz-f1;ovo;ush;vls;Calr;GstS1;babo;Wee1;Timp"
"GOBP_CARDIOCYTE_DIFFERENTIATION",0.0131682389937107,0.0781067724183404,0.414701438791443,1.51164877027682,66,79,"bi;dpp;Actn;pho;pnr;rl;tkv;tup;usp;Zw;Cdk1;Ten-m;pros;N;dpn;byn;Calx;sty;Mlp84B;ara;Ptx1;gbb;Actbeta;Scgdelta;HDAC3;Mhcl"
"GOBP_INTRINSIC_APOPTOTIC_SIGNALING_PATHWAY_IN_RESPONSE_TO_ENDOPLASMIC_RETICULUM_STRESS",0.0132045723295231,0.0781646917373377,0.506496069722263,1.59051392486034,66,37,"Appl;Hsp68;wbl;CrebA;dock;Hsp70Aa;Hsp70Bb;Ask1;Xbp1;Sirt1"
"GOBP_CELLULAR_RESPONSE_TO_ANGIOTENSIN",0.0132358751481628,0.0781926600118372,0.559650187303784,1.63692650289508,66,27,"Actn;Pkc53E;nonA;Rac1;Pp2B-14D;Ance;Rac2;Actbeta;Rok;Tak1"
"GOBP_BRANCHING_MORPHOGENESIS_OF_AN_EPITHELIAL_TUBE",0.0134069400630915,0.0789136630343671,0.416649436546964,1.50669293263797,67,76,"bi;eya;cta;dpp;Dr;fkh;dlg1;Ras85D;smo;so;N;ci;sv;CanB;Wnt5;Wnt4;croc;sty;unpg;Ptx1;fus;gbb;stan;PlexB;Eph;Six4;Ilk"
"GOBP_REGULATION_OF_VESICLE_MEDIATED_TRANSPORT",0.0134115674769489,0.0789136630343671,-0.300340441400886,-1.31315413048938,63,294,"Abl;Act42A;Cam;comt;dor;dsh;FER;grn;if;Mp20;numb;Csp;Wnt2;LysB;LysD;LysE;Syn;Rap1;mys;gig;nmd;Calr;CanA1;Dsor1;Cdc42;Sdc;emp;Moe;Mvl;Hem;Nca;CASK;Cdk5;Rab2;Rab5;Pi3K92E;Shark;ktub;Nak;Rab11;Rab7;crq;Past1;dos;Cbl;Rack1;chb;Vps28;Fim;Sec13;Flo1;unc-119;Torsin;RhoGAP1A;siz;promL;Sara;Amph;Cdk5alpha"
"GOBP_EPHRIN_RECEPTOR_SIGNALING_PATHWAY",0.0134392180818571,0.0789185221493482,-0.622612155323429,-1.67198509220866,65,18,"Abl;csw;Su(H);Fak;trio;Crk;Cdk5alpha;RhoGAP5A;CG10555"
"GOBP_PROTEIN_LOCALIZATION_TO_EXTRACELLULAR_REGION",0.0134791951553038,0.0789956018862623,0.334752575977548,1.39170931316347,68,200,"Ace;Ald1;Pka-C1;EcR;fkh;tj;Gdh;Galphai;Galphao;Raf;Pkc53E;put;Sh;tup;wbl;Rop;Fur2;Hnf4;por;Rab3;Rac1;AP-1-2beta;lark;Syx1A;nuf;Rac2;Ork1;Rfx;Osbp;cyc;Ac78C;gbb;Actbeta;Rab27;moody;scf;Smox;Mhcl;Drp1;Rip11;Pfrx;Hrd3;sut2;sut1"
"GOBP_POSITIVE_REGULATION_OF_NF_KAPPAB_TRANSCRIPTION_FACTOR_ACTIVITY",0.0137623962760575,0.0804949698691076,-0.50341359667294,-1.58739534664145,67,36,"ben;FER;Hsc70-2;mle;Pkc98E;Ror;pll;Tsf1;Clk;IKKbeta;CG3473;galectin;CG11374;LUBEL;cyst;Myd88;CG13344;Tsf3"
"GOBP_CELL_ADHESION_MEDIATED_BY_INTEGRIN",0.0138099106417547,0.080609207392374,-0.566178467238521,-1.64854706039194,67,25,"csw;if;mys;Itgbn;Hem;Ret;Shark;Fak;Crk"
"GOBP_PYRIMIDINE_CONTAINING_COMPOUND_METABOLIC_PROCESS",0.0138367266258154,0.080609207392374,0.492549422679967,1.57766693810218,69,41,"Acph-1;awd;Dhod;r;rl;Dhfr;l(2)k01209;dnk;CG17896;Ts;Adk3;Shmt"
"GOBP_CELL_CELL_JUNCTION_ASSEMBLY",0.014018691588785,0.0811869894767827,0.434088679948751,1.52515846030417,71,64,"Act5C;baz;Pka-C1;EcR;dlg1;pbl;Pkc53E;sn;Ptp10D;noc;Rac1;Ance;Rac2;Rho1;ara;fz2;sktl;Dad;Abi;Pkn;sns;Eph;Rok"
"GOBP_CELLULAR_RESPONSE_TO_BIOTIC_STIMULUS",0.014003294892916,0.0811869894767827,-0.383767520561228,-1.46668490854169,67,101,"Abl;cact;cn;csw;grn;mnd;Pkc98E;sgg;hop;hep;emp;pll;Hmgs;atms;Dif;Mef2;Nos;Rel;Hr96;Shark;crq;Cdk4;mspo;Tsf1;Plap;RhoGAP1A;CalpB"
"GOBP_POSITIVE_REGULATION_OF_BINDING",0.0139845966761248,0.0811869894767827,-0.609653946241115,-1.66044968469567,68,19,"acj6;grn;Ide;sgg;TfIIB;Rbf;smid;CG11403"
"GOBP_PHOTORECEPTOR_CELL_DIFFERENTIATION",0.0141231855629659,0.0816314576154137,0.532882194266267,1.60871104092794,71,31,"Dll;Hr3;tj;Galphai;sn;N;ple;toy;sdk"
"GOBP_NEGATIVE_REGULATION_OF_ACTIN_FILAMENT_POLYMERIZATION",0.0142276422764228,0.0819133533801091,-0.544818330650671,-1.62723028749656,69,28,"fliI;qua;kst;cpb;Moe;tsr;Kank;Sec71;aru;ssh"
"GOBP_REGULATION_OF_HEART_CONTRACTION",0.0142050982681456,0.0819133533801091,0.394845689536073,1.47774271891669,72,92,"bru1;Pka-C1;dnc;Galphao;Hsp83;dlg1;Ca-alpha1D;pnr;sei;Sh;Tm1;tup;up;Mlc-c;Shal;trpl;ple;Ance;Calx;Mlp84B;jumu;ara;14-3-3epsilon;Dad"
"GOBP_GLIAL_CELL_MIGRATION",0.0142885892533709,0.0821035734051117,-0.574825338268354,-1.64546035257791,70,23,"arm;tll;Cdk5;Lis-1;nrv1;Crk;tna;Cdk5alpha;Tspo;frj"
"GOBP_PROTEIN_LOCALIZATION_TO_POSTSYNAPSE",0.0144074675324675,0.0826252816384395,-0.499670981589667,-1.58323875567617,70,37,"cin;cni;Egfr;Rap1;Dsor1;cora;Vps26;Rab11;siz;Grip;Klp10A"
"GOBP_HEMATOPOIETIC_OR_LYMPHOID_ORGAN_DEVELOPMENT",0.014459822350754,0.0827641971905023,-0.439891958830345,-1.52999623295075,69,58,"Abl;arm;arr;CycB;exd;grn;trx;bs;tin;hh;Dsor1;babo;Ret;Rel;Stat92E;Lip3;Crk;nito;cindr;onecut"
"GOBP_CARDIAC_ATRIUM_MORPHOGENESIS",0.0145354547240228,0.0829868957604305,0.624960823592163,1.66798104463301,73,18,"dpp;Sos;pnr;smo;tup;pros;N;Ptx1"
"GOBP_FORMATION_OF_PRIMARY_GERM_LAYER",0.0145551455514555,0.0829868957604305,-0.424412353558365,-1.51709542460871,70,67,"arm;Col4a1;fz;if;LanA;net;pnt;sax;bs;mew;mys;C15;htl;Itgbn;atms;Mad;Hr38;wit;Taf10b;Lim1;Axn;O-fut2;SoxN;sotv"
"GOBP_MAMMARY_GLAND_EPITHELIUM_DEVELOPMENT",0.0146133549827481,0.0829970856356081,-0.492175046311675,-1.56883881288907,71,38,"arr;grn;Egfr;ptc;Wnt2;elB;hop;fd96Cb;CycD;htl;Phb2;wts;Deaf1;Hr96;NetB;Stat92E"
"GOBP_PROTEIN_MODIFICATION_BY_SMALL_PROTEIN_CONJUGATION",0.0145939086294416,0.0829970856356081,-0.284775315467401,-1.27767490977895,68,384,"Abl;adp;arm;ben;dor;dx;Hsc70-2;stc;RpS3;neur;per;pk;Pkc98E;ref(2)P;sgg;sina;sr;Su(dx);Su(var)2-10;RpS27A;Ubi-p63E;vls;shtd;unk;Mdr49;RpS2;U2af50;Psc;Uch;Taf1;lwr;poe;Dif;babo;Bgb;Bro;Cdk5;Set;Ubc4;Cul1;ari-1;Ubc84D;Cbl;Rack1;Pi3K21B;Vps28;EloB;CG2924;Plap;Slip1;ari-2;Roc1a;CalpB;tna;gus;Ubc10;Axn;STUB1;CSN5;CSN4;CSN1b;Tnks;CG10254;Wdr24;Nulp1;CSN7;CSN6;CG3473;trbl;Smurf;Mkrn1;Pat1;APC7;UbcE2H;Usp7;Pits;hiw;HUWE1;CG13001;Ubr1;Ubqn;CG1812;CG15445;Tspo;Pex12;CG4238"
"GOBP_HEART_PROCESS",0.0148148148148148,0.0839791622065225,0.375970653443934,1.44564799323008,75,109,"bru1;Pka-C1;dnc;Galphao;Hsp83;dlg1;Ca-alpha1D;pnr;sei;Sh;Sod1;Tm1;tup;up;Mlc-c;Shal;trpl;ple;Gel;Ance;Calx;Mlp84B;jumu;ara;14-3-3epsilon;Dad;Scgdelta;Drp1"
"GOBP_CARDIAC_CHAMBER_MORPHOGENESIS",0.0149398525417152,0.0843628525484185,0.436404269288906,1.52266542149095,76,61,"bi;dpp;Dr;emc;Sos;robo2;pnr;smo;tkv;Tm1;tup;up;pros;N;Mlc-c;dpn;croc;Dad;Ptx1;gbb;Bap60"
"GOBP_NEGATIVE_REGULATION_OF_IMMUNE_SYSTEM_PROCESS",0.0149253731343284,0.0843628525484185,-0.319888694793605,-1.34903580046013,71,212,"arm;aurA;csw;dx;FER;Galphas;grn;Hsc70-5;janA;Prosbeta6;lz;ref(2)P;rk;Su(dx);Su(var)2-10;Egfr;ush;Plc21C;hh;hop;14-3-3zeta;CanA1;Sdc;pll;Moe;Hem;Bgb;Bro;Shark;Cdk4;Stat92E;Cbl;Pi3K21B;Tsf1;Prosalpha7;Crk;RhoGAP1A;Prosbeta3;Tob;AlaRS-m;trbl;Tollo;Prosbeta5;Mkrn1;Ppt1;CG12121;PGRP-LE;Ubqn;cactin;galectin;CG11374;Prosbeta4R2;CG3165;OtopLb;CG11034;Tsp"
"GOBP_TIGHT_JUNCTION_ORGANIZATION",0.0150138285262742,0.0846181676710703,0.541240874006269,1.60933111566143,75,29,"Act5C;baz;Pka-C1;dlg1;pbl;Rac1;Rac2;fz2;Eph;Rok"
"GOBP_POSITIVE_REGULATION_OF_IMMUNE_EFFECTOR_PROCESS",0.0150928003263308,0.0849006091014632,-0.408681750062019,-1.50023296252981,73,78,"csw;FER;grn;Hex-C;mnd;Pepck1;Pgi;fs(1)h;mys;14-3-3zeta;Phb2;Pms2;Nos;Hr38;Pi3K59F;Shark;dos;Stat92E;mspo;Hmt4-20"
"GOBP_WOUND_HEALING",0.0151546180626664,0.0850856609548941,-0.323864239523863,-1.36073325324645,73,200,"Act42A;csw;fz;Galphas;grn;if;mnd;Mp20;Pkc98E;rb;sax;Egfr;betaTub85D;bs;Tm2;Wnt2;Vinc;B52;hh;mys;otk;hop;Itpr;Sdc;emp;babo;Mvl;Nos;CASK;cher;Pi3K92E;Shark;Vang;Drip;crq;Fak;Dgkepsilon;chb;Fim;Crk;Torsin;Timp;RhoGAPp190;Pten;beta4GalNAcTA;Kank;Sec71;Lnk"
"GOBP_PRESYNAPSE_ORGANIZATION",0.0152315190901706,0.0852095657150537,-0.560948396368156,-1.63331861484361,74,25,"Lar;dsh;fz;Wnt2;chb;eIF4G1;Chd3;Fim;DAAM;Pten"
"GOBP_TRANSCRIPTION_BY_RNA_POLYMERASE_I",0.0152346130408288,0.0852095657150537,-0.488060490707734,-1.57444502708281,74,40,"disco;Tbp;Egfr;slbo;Myo61F;Taf1;Iswi;Snr1;Arp6;cher;Dek;CG11403;CG5815;CG1785"
"GOBP_CARDIAC_SEPTUM_DEVELOPMENT",0.0153100775193798,0.0853072879962415,0.443565485287274,1.52862620859687,78,57,"bi;dpp;Dr;emc;robo2;pnr;smo;tkv;tup;pros;N;Su(fu);sv;dpn;Wnt5;AP-1-2beta;Dad;Ptx1;gbb;PlexB;Gmap"
"GOBP_POSITIVE_REGULATION_OF_MUSCLE_CELL_DIFFERENTIATION",0.015300117693213,0.0853072879962415,0.525798135176222,1.58732506820195,77,31,"dpp;Actn;nau;pros;N;lark;p38a;CaMKI;Sirt1;p38b;Bap60"
"GOBP_CELLULAR_RESPONSE_TO_CALCIUM_ION",0.015523678522303,0.0863339550332995,0.482511272978649,1.57147528272123,78,44,"eag;Jra;pbl;Raf;sl;alphaTub85E;Syt1;Wnt5;CalpA;AMPKalpha;Ac78C;Actbeta"
"GOBP_DNA_RECOMBINATION",0.0156314273961333,0.0867589061907988,-0.338479944900205,-1.39088429296354,75,169,"Abl;Act42A;ben;mei-9;mus101;mus301;Blm;okr;rec;spn-A;spn-D;Su(var)2-10;Rrp1;Uch-L5;Pms2;Irbp;Mcm2;nonA-l;tos;ast;dpa;Stat92E;mre11;Mcm7;Pp4-19C;Chd3;CG14803;Hmt4-20;Mcm6;Fen1;Hus1-like;RecQ5;Ercc1;Rpn11;CG3473;Spt6;Set2;Ubr1;Arp8;Ing3;Ubqn;CG3165;Pif1;Art2;Gas41;CG5181;Nse4;YL-1"
"GOBP_STRIATED_MUSCLE_ADAPTATION",0.0156590683845391,0.0867589061907988,0.594639087783847,1.64455081980558,78,21,"Actn;Ca-alpha1D;nau;up;Gel;Pp2B-14D;Smox;myo"
"GOBP_SYNAPTIC_TRANSMISSION_CHOLINERGIC",0.0157140051070517,0.0868996297461391,0.618478825696526,1.65068100083326,79,18,"Ace;nAChRalpha1;nAChRalpha2;Appl;na;nAChRbeta2;TkR86C"
"GOBP_MULTICELLULAR_ORGANISMAL_MOVEMENT",0.0157790927021696,0.0869327541756237,0.519639981401705,1.57945108482968,79,32,"nAChRalpha1;nAChRalpha2;eEF2;Actn;Hsp83;nAChRbeta2;up;Calx"
"GOBP_PROTEIN_LOCALIZATION_TO_NUCLEUS",0.0157689944706123,0.0869327541756237,-0.323287773345108,-1.35831119917849,76,200,"arm;cact;dsh;ftz-f1;Gs2;pk;ref(2)P;sgg;hh;hop;cdi;14-3-3zeta;Arl2;gig;Calr;CanA1;alpha-Cat;LamC;Phb2;atms;Nos;tsr;wts;RpL11;Cdk5;cher;Hr38;CCT3;Shark;CG5861;smid;asun;Pi3K21B;Nup154;Sin3A;vimar;CG3630;Nmd3;Sec13;Tnpo;Optix;Torsin;TBPH;mbo;CCT6;Kap-alpha3;Nup93-1;cindr;chm"
"GOBP_EPITHELIAL_CELL_MORPHOGENESIS",0.0158447217270747,0.0870884592497237,0.653225053986587,1.65476269306539,79,15,"emc;yrt;ex;N;Rac1;Rac2;Rilpl;Rok"
"GOBP_REGULATION_OF_CELL_CYCLE_G2_M_PHASE_TRANSITION",0.01586655817738,0.0870884592497237,-0.407945444699504,-1.49534019815705,77,77,"aurA;CycB;exd;Hsc70-1;mus101;Blm;spn-D;neb;fs(1)h;CycD;RnrL;RnrS;Wee1;Cdc2rk;Rab11;Cdk4;mre11;ko;Sin3A;Hus1-like;Dyrk3"
"GOBP_PROTEIN_LOCALIZATION_TO_CELL_JUNCTION",0.0159346271705822,0.0871369389142247,-0.414522184233966,-1.49725563855258,77,71,"Act42A;cin;cni;dsh;stau;Egfr;Wnt2;Vinc;Rap1;hop;Dsor1;cora;Cdk5;cher;Vps26;Rab11"
"GOBP_REGULATION_OF_DENDRITE_MORPHOGENESIS",0.0159151193633952,0.0871369389142247,-0.490226795112941,-1.56826675600853,77,39,"Lar;numb;sgg;stau;tll;ct;C15;14-3-3zeta;Sdc;msn;Lis-1;CRMP;Eb1;fz4"
"GOBP_RESPONSE_TO_BACTERIUM",0.0159751037344398,0.0871962062833432,-0.317330440722883,-1.3460692470982,76,224,"Abl;cact;cn;csw;Fbp2;FER;grn;Hsf;mnd;Pepck1;Pkc98E;Pu;sgg;Hrb87F;LysB;LysD;LysE;Su(H);hop;Rb97D;hep;htl;emp;pll;Hmgs;atms;Dif;Mef2;Mvl;Nos;Pxn;Rel;Hr38;Hr96;Shark;Shc;Rab7;Drip;crq;Cdk4;mspo;ko;Tsf1;RpL39;Plap;RhoGAP1A;CalpB;drosha;CG2930;Sur;CG4935;trbl;Tollo;Las;CG16756"
"GOBP_REGULATION_OF_SYNAPTIC_PLASTICITY",0.0160281469898358,0.0873237193409203,0.370679578597326,1.43312059509326,81,114,"Acph-1;nAChRalpha2;Appl;fzy;dlg1;mr;Raf;Pkc53E;Ras85D;rl;Syb;tsh;Rop;GluRIA;Rab3;Rac1;Dop1R1;Ance;Sap47;nSyb;Syx1A;Calx;Rac2;Nf1;Gcn2;loco;Ac78C"
"GOBP_AMIDE_TRANSPORT",0.0161510021404943,0.0876024933869763,0.331200910253049,1.37163559383327,82,191,"Ald1;Pka-C1;Sap-r;EcR;fkh;tj;Gdh;Galphai;Galphao;kar;Raf;Pkc53E;put;Sh;tup;Rop;Hnf4;sv;Rab3;Rac1;l(2)03659;CG10939;lark;Syx1A;Rac2;Ork1;Rfx;Osbp;cyc;Dap160;Ac78C;gbb;Actbeta;moody;Smox;Mgstl;Rip11;Pfrx;Eato;sut2;sut1"
"GOBP_PHOSPHOLIPASE_C_ACTIVATING_G_PROTEIN_COUPLED_RECEPTOR_SIGNALING_PATHWAY",0.0161541455819385,0.0876024933869763,0.460926182612091,1.55077106105561,82,51,"baz;BicD;Actn;Gbeta13F;Pkc53E;5-HT1A;Galphaq;inaC;TkR86C;Wnt5;CG10939;Dop1R1;wun;Lgr1"
"GOBP_SPINDLE_ASSEMBLY",0.0161686451084732,0.0876024933869763,-0.39499787897132,-1.47294355915581,78,86,"asp;aurA;CycB;Hsc70-2;Grip91;RpS3;Rcc1;pk;betaTub85D;Klp68D;TfIIB;128up;cher;SMC3;Rab11;chb;aurB;Pten;Grip84;Grip75;Grip163;Grip128;Eb1;Tnks"
"GOBP_ASTROCYTE_DIFFERENTIATION",0.016663399333464,0.087856130535934,0.492857752182156,1.56637720083777,84,39,"Appl;dpp;emc;Ras85D;rl;smo;N;dpn;HLH3B;Dop1R1;gcm;Nf1;wun;toy;eIF2Bepsilon"
"GOBP_CELL_MATRIX_ADHESION",0.0165357585779248,0.087856130535934,-0.38143777834808,-1.45560399135299,79,100,"Abl;arm;if;sax;sgg;bs;Ser;Vinc;mew;mys;cdi;Itgbn;Sdc;msn;tsr;CASK;Cdk5;Pi3K92E;Cdk4;Fak;Pi3K21B;chb;RhoGAP1A;Cortactin;Tsc1;Pten;Ndg"
"GOBP_CELLULAR_RESPONSE_TO_ABIOTIC_STIMULUS",0.0166187935986869,0.087856130535934,-0.333277415769188,-1.37990557309802,80,179,"aurA;csw;Galphas;grn;Hsf;mei-9;Mp20;Blm;Atpalpha;spn-A;sr;mys;Xpc;Calr;CycD;Taf1;Dif;l(2)efl;Irbp;nmo;Nca;Rel;Set;Rab11;Drip;dos;Rh6;Nmt;Pi3K21B;Clk;fray;vig;Roc1a;CalpB;Timp;Pten;Dronc;Hus1-like;Mtch;Ercc1;sut3;Spn27A;Tollo;raptor;Nep1;Gbeta5"
"GOBP_ENDOCRINE_PANCREAS_DEVELOPMENT",0.016445413116703,0.087856130535934,0.578238790320191,1.61659380804074,82,22,"dpp;fkh;smo;dpn;Wnt5;toy;Rfx;Pdk1;cyc;gbb"
"GOBP_MATING_BEHAVIOR",0.01643889879184,0.087856130535934,0.651458421991675,1.65028742577471,82,15,"Appl;put;TkR86C;ple;SerT;Dop1R1;HDAC1"
"GOBP_MESODERM_DEVELOPMENT",0.0164300202839757,0.087856130535934,-0.410378106526502,-1.50183413344047,80,76,"acj6;if;ovo;pnt;sax;ush;bs;boca;mts;mew;hh;mys;C15;hop;htl;Itgbn;Mad;Hem;mirr;Hr38;Set;caup;wit;Taf10b;Axn;O-fut2;Dd;sotv"
"GOBP_NEUROTRANSMITTER_RECEPTOR_LOCALIZATION_TO_POSTSYNAPTIC_SPECIALIZATION_MEMBRANE",0.0164500406173842,0.087856130535934,-0.556126951507643,-1.61927996941365,80,25,"cin;cni;Egfr;Rap1;Dsor1;cora;Vps26;siz;Klp10A"
"GOBP_OOCYTE_DIFFERENTIATION",0.0165958308034811,0.087856130535934,-0.498909008362087,-1.5731911960773,81,36,"arm;aurA;CycB;disco;rk;bol;Wee1;yps;tapas"
"GOBP_POSITIVE_REGULATION_OF_CELL_MORPHOGENESIS",0.0165623106443143,0.087856130535934,-0.633352331701074,-1.65550116975012,81,16,"Lar;numb;stau;ct;Lis-1;Eb1;fz4"
"GOBP_POSITIVE_REGULATION_OF_NERVOUS_SYSTEM_PROCESS",0.0165419456478929,0.087856130535934,0.561877047274885,1.61688981581287,83,25,"nAChRalpha1;nAChRalpha2;baz;nAChRbeta2;Ten-m"
"GOBP_POSITIVE_REGULATION_OF_PROTEIN_TARGETING_TO_MEMBRANE",0.0165958308034811,0.087856130535934,-0.618112100660923,-1.63966672406052,81,17,"Egfr;mys;Myo61F;Ank;Nca;Cdk5;Cdk5alpha"
"GOBP_REGULATION_OF_AXONOGENESIS",0.016420028380296,0.087856130535934,-0.410490519377973,-1.49806457677565,80,75,"acj6;pip;sgg;bs;Wnt2;zfh1;Gdi;Dsor1;fra;Ret;Cdk5;drl;Lis-1;NetB;Khc-73;wit;RhoGAPp190;Pten;Smurf;RhoGAP5A"
"GOBP_REGULATION_OF_NEURON_DIFFERENTIATION",0.0166537567776917,0.087856130535934,0.380211957040338,1.44437833719938,85,100,"Appl;Dll;eya;dpp;emc;fkh;pbl;so;tup;me31B;slp2;pros;N;trpl;lbl;dpn;Rac1;SerT;heph;Rac2;Rho1;tap;ara;toy;Gcn2;fus;syd;gbb;Rok;Hmg-2"
"GOBP_SOMITE_DEVELOPMENT",0.016364699006429,0.087856130535934,0.459759081814326,1.53491719342005,83,49,"cad;kto;nau;smo;so;tkv;yrt;N;Wnt5;byn;croc;pug;Abi;PlexA;Smox;Six4;Taf10"
"GOBP_STEM_CELL_PROLIFERATION",0.0165272393389104,0.087856130535934,-0.48860322088464,-1.56307283859411,80,39,"aop;lz;ovo;tll;Wnt2;Mdr49;CycE;babo;Rnp4F;tty;Acer;ari-2;chm"
"GOBP_ANGIOTENSIN_ACTIVATED_SIGNALING_PATHWAY",0.0168283508216195,0.0885670985996503,0.641459586278938,1.65596344453205,84,16,"Actn;Pkc53E;Rac1;Pp2B-14D;Ance;Rac2;Rok"
"GOBP_ROOF_OF_MOUTH_DEVELOPMENT",0.0168594393256224,0.0885722687428235,0.49250349705551,1.56525132394692,85,39,"Dll;bi;Dr;in;dlg1;Sos;put;tkv;tsh;Wnt5;Wnt4;Actbeta;Smox"
"GOBP_BIOLOGICAL_PROCESS_INVOLVED_IN_SYMBIOTIC_INTERACTION",0.0170431211498973,0.0890601463996411,-0.382700623000319,-1.45452637083334,82,97,"dor;Fas2;Gapdh1;Hsc70-2;Ide;if;sta;Su(dx);Egfr;mys;emp;Rab7;crq;Acer;Cbl;Nmt;Tsf1;Eaat1;Kap-alpha3;PCB;fan;Vap33;CG11655;PGRP-LE;CG9903;galectin;CG11374"
"GOBP_RESPONSE_TO_REACTIVE_OXYGEN_SPECIES",0.0170421155729677,0.0890601463996411,0.374438885873795,1.43535029767528,86,107,"bsk;Cat;eEF2;Hsp23;pbl;Pkc53E;pnr;Sh;Sod1;Tm1;Dhfr;Cdk1;TkR86C;PCNA;Dcp-1;CalpA;Calx;Ask1;Rho1;p38a;HDAC1;Pdk;AMPKalpha;Pex5;gbb;Sirt1;Mkk4;p38b;HDAC6;Trap1;CenG1A;Coa8;Pink1;fh;Sk1;ATP7"
"GOBP_SPINDLE_ORGANIZATION",0.0169907881269191,0.0890601463996411,-0.36315120961402,-1.43026132827359,82,123,"Mps1;asp;aurA;Chc;CycB;Hsc70-2;Grip91;RpS3;Rcc1;pk;betaTub85D;Klp68D;TfIIB;128up;Moe;cher;SMC3;Rab11;asun;chb;nudC;DCTN2-p50;aurB;Pten;Grip84;Grip75;Grip163;Grip128;Eb1;Tnks"
"GOBP_TRANSFORMING_GROWTH_FACTOR_BETA_RECEPTOR_SIGNALING_PATHWAY",0.0171239540766686,0.0893238881091473,0.382292145772941,1.44555359329329,87,98,"Dab;dpp;emc;Got1;Hsc70-3;Hsp68;Hsp83;Jra;tkv;Fur1;faf;noc;Hsp70Aa;Hsp70Bb;sty;dod;HDAC1;Pdk1;Dad;Spred;Xbp1;melt;bon;Sirt1;Smox;myo;Tak1"
"GOBP_RENAL_SYSTEM_PROCESS",0.0171673819742489,0.0893919252535227,0.391958720541575,1.45671231084806,87,88,"nAChRalpha1;nAChRalpha2;Pka-C1;dpp;Galphai;kel;rst;slo;nAChRbeta2;Ptp10D;Fur2;TkR86C;Gel;CG10939;Pp2B-14D;Rho1;Pkn;Pka-R2;Ac3;Ac78C;Rhp"
"GOBP_PANCREAS_DEVELOPMENT",0.0172921988602869,0.089882772167781,0.477250613631912,1.55434201227311,87,44,"dpp;fkh;put;smo;tup;pros;bap;dpn;Wnt5;lark;Aldh;toy;Rfx;Pdk1;Xbp1;cyc;gbb;Smox"
"GOBP_GRANULOCYTE_DIFFERENTIATION",0.0173948220064725,0.0901613095389769,-0.594677321456019,-1.64131554311229,85,20,"grn;lz;rb;ush;nvy;slbo;Srp54k;Stat92E;trbl"
"GOBP_ORGAN_GROWTH",0.0174990169091624,0.0901613095389769,0.399556909985517,1.46600136155564,88,82,"Sap-r;Dr;for;H2.0;pho;pnr;put;Ras85D;smo;Sod1;tkv;usp;Zw;Cdk1;Ten-m;pros;N;SerT;croc;sty;p38a;Ork1;p38b;Smox;CG2082"
"GOBP_PLACENTA_DEVELOPMENT",0.0174544028240832,0.0901613095389769,0.403878513678348,1.4700585485458,88,78,"Dll;cad;Hsp83;Jra;Lim3;l(2)gl;rl;Sod1;usp;drk;N;Hrb27C;ash1;dpn;gcm;Diap2;fz2;bon;gbb;Mekk1;p38b;SAK;Ulp1;Taf10"
"GOBP_PROCESS_UTILIZING_AUTOPHAGIC_MECHANISM",0.0174802813898955,0.0901613095389769,-0.284512536748995,-1.26964922832879,81,367,"Abl;Cam;Chc;dor;eEF1alpha2;Gapdh1;lace;mei-9;mnd;ref(2)P;sesB;sgg;shi;trc;mys;gig;Vha55;Itpr;Dsor1;Uch;Itgbn;Phb2;dia;poe;Cdk5;Rab2;Vps26;eIF4E1;Pi3K59F;Pi3K92E;Cul1;Rab19;Rab7;nompB;snRNP-U1-70K;Pi3K21B;Vps28;eIF4G1;Pgam5;Plap;Oamb;rush;CREG;Roc1a;Sbf;Paf-AHalpha;Cortactin;Tsc1;STUB1;Cdk5alpha;Madm;EDTP;Wdr24;htt;Vha100-3;Vha100-2;Vha100-1;Rpn11;trbl;Smurf;Usp30;raptor;Rubicon;Set2;HUWE1;Slc25A46a;wcy;CG5445;stas;Atg101;Ubqn;CG1812;CG11374;Tspo;Atg4a;Hrs;CG8814;tank;CG4230;LUBEL;Snx6;CG5676;Vha100-5;CycY;Slc25A46b;Atg18b;Lamp1;Atf6;CG11141;p47;Vps13;RagC-D;Sting;CG12384;CG9003;EndoG;wash;CG13326;DJ-1alpha;CG13016;Usp20-33;CG8155;CG8320;Ufc1;Atg9;zda;Gint3;EndoB;CG11200;Plekhm1;GM130;Vps20"
"GOBP_TISSUE_HOMEOSTASIS",0.0174537987679671,0.0901613095389769,-0.356497662383007,-1.42012763932452,84,134,"Act42A;arm;csw;grn;pk;trx;bs;Vinc;zfh1;hh;mys;piwi;scat;Nos;Hr96;Shark;ktub;nrv1;Rab7;Rbf;Fak;fray;Lip3;CNT2;CG14818;promL;Eaat1;cindr;Vha100-3;Vha100-2;Vha100-1;Sur;Hml;Usp16-45;CG3842"
"GOBP_DOUBLE_STRAND_BREAK_REPAIR",0.0175947008900849,0.0904958217108911,-0.334955068222048,-1.37775010752528,84,172,"Abl;Act42A;ben;capu;Hsf;mei-9;mor;mus101;mus301;Blm;okr;rec;spn-A;spn-D;Su(var)2-10;PpD3;LamC;Snr1;Irbp;Mcm2;nonA-l;ast;dpa;mre11;Mcm7;Pp4-19C;Chd3;CG14803;Hmt4-20;Mcm6;Fen1;Hus1-like;Dek;CG11403;RecQ5;Ogg1;Ercc1;Rpn11;CG3473"
"GOBP_ANTERIOR_POSTERIOR_AXIS_SPECIFICATION",0.0177374852187623,0.0905982783562743,0.493362519401019,1.54927156205139,89,37,"bi;cad;dpp;fkh;Sce;so;tud;yrt;Fur1;Fur2;Wnt5;byn;Chi;tap;fz2"
"GOBP_REGULATION_OF_PROTEIN_CONTAINING_COMPLEX_ASSEMBLY",0.0177685950413223,0.0905982783562743,-0.318792661361582,-1.3411467755844,85,206,"Abl;csw;dor;ena;fliI;FER;Gapdh1;Hsc70-2;Hsf;RpS3;Pkc98E;qua;sgg;betaTub97EF;kst;mts;neb;Rap1;Ac76E;Arl2;128up;Cdc42;l(2)efl;cpb;Moe;tsr;wts;Hem;Shark;Fak;CLIP-190;Rack1;Pi3K21B;chb;eIF4G1;DAAM;Cortactin;STUB1;Eb1;Amph;Cdk5alpha;Kank;Sec71;Rpt4;NC2beta;nmdyn-D7;nerfin-1;aru;ssh"
"GOBP_RESPONSE_TO_ALCOHOL",0.0176555122151509,0.0905982783562743,-0.337278967304698,-1.38225317622938,85,166,"arm;arr;Cam;Cyp6a2;Fbp2;Gal;Galphas;Got2;grn;Blm;Pkc98E;rut;spn-A;ptc;v;TkR99D;Rap1;Ac76E;Itpr;Jhe;alpha-Cat;CycD;Tbh;htl;Nmdar1;Hmgs;Spn;blw;babo;Awh;Cyp6a9;Cyp9c1;Cdk4;CG2187;Cbl;Alas;fray;Lip3;RecQ5;CG4757;sut3;eEF1beta;Cyp28a5;aru"
"GOBP_SMALL_MOLECULE_BIOSYNTHETIC_PROCESS",0.017752596789424,0.0905982783562743,0.290434360892836,1.27898432187844,93,342,"Ald1;Aprt;awd;b;Pka-C1;Dab;dpp;EcR;Gdh;Galphai;Got1;Ldh;ifc;ninaB;Pgm1;pr;r;rl;sl;Zw;Dhfr;porin;pros;Wnt5;Nmdmc;Cyp18a1;l(2)03659;Aldh;Cyp6a8;Cyp6a22;Pglym78;dare;Cyp6a17;phr6-4;Lgr1;Pdk;pug;Osbp;scu;Xbp1;l(2)k01209;Gpo1;dnk;aay;AMPKalpha;gbb;Sirt1;Npc1a;flfl;Actbeta;Fpps;Mgstl;CG17636;Ass;nes;l(1)G0196;bgm;Pfrx;heix;Eato;Atf3;aralar1;Fad2;Coq7;CG15771;Shmt;Efr;spidey;GIIIspla2"
"GOBP_STRIATED_MUSCLE_CELL_APOPTOTIC_PROCESS",0.0177095631641086,0.0905982783562743,0.538275535358309,1.587675135596,89,28,"Hsp83;pnr;tkv;N;sv;CalpA;Pdk1;gbb"
"GOBP_POSITIVE_REGULATION_OF_LAMELLIPODIUM_ORGANIZATION",0.0178784266984505,0.0908079527078259,0.56349657806903,1.60269761262425,89,24,"Hsp83;peb;sn;Gel;Rac1;Arp2;Rac2;Abi;myo"
"GOBP_REGULATION_OF_CELL_SUBSTRATE_ADHESION",0.0178571428571429,0.0908079527078259,-0.371038429947876,-1.43611503432894,86,109,"Abl;arm;fz;Pkc98E;sax;sgg;Ser;Ptp4E;Vinc;mys;hop;cdi;Arl2;Calr;Cdc42;Sdc;msn;tsr;CASK;cher;Pi3K92E;Cdk4;Fak;Pi3K21B;chb;Crk;Tsc1;Pten;Ndg;fz4;Kank"
"GOBP_RESPONSE_TO_ETHANOL",0.0179023156256081,0.0908079527078259,0.394134643745498,1.45932002784627,91,85,"nAChRalpha1;Act79B;Appl;Cat;eEF2;Pkc53E;Shaw;Sod1;Zw;Cdk1;GluRIA;TkR86C;ple;Dcp-1;Fdh;Cyp6a8;Cyp6a22;Diap2;Cyp6a17;HDAC1;AMPKalpha;GluClalpha;myo;sut2;sut1"
"GOBP_CELLULAR_HYPEROSMOTIC_RESPONSE",0.0180125480671929,0.0908969406752683,-0.615160285800404,-1.63183644117622,88,17,"Irbp;Drip;fray;NFAT;MICU1;Swip-1;cyst;Prip;Eglp2;Eglp3"
"GOBP_POSITIVE_REGULATION_OF_BIOMINERAL_TISSUE_DEVELOPMENT",0.0179806362378976,0.0908969406752683,0.499502614191528,1.56112519618384,90,36,"dpp;Actn;put;tkv;usp;Wnt5;l(2)03659;Calx;Rca1;gbb;Smox"
"GOBP_REGULATION_OF_AMINO_ACID_TRANSPORT",0.0180016181229773,0.0908969406752683,-0.591413597605313,-1.63230763160917,88,20,"cn;mnd;Atpalpha;per;mys;Acer;mGluR"
"GOBP_DETECTION_OF_CHEMICAL_STIMULUS",0.0180894308943089,0.0909728302411229,-0.535007940913357,-1.59792921149635,88,28,"Cam;Plc21C;emp;RyR;Mvl;Pxn;Hr38;crq"
"GOBP_REGULATION_OF_TRANSLATION",0.0180665000960984,0.0909728302411229,0.318631994314637,1.34605002963454,93,226,"Appl;bru1;aub;eEF2;eIF4A;Pkc53E;pum;Dhfr;me31B;wapl;orb;eIF2beta;GluProRS;NAT1;dock;pelo;RpS4;lark;B-H1;Ddx1;peng;Nlp;Lk6;Gcn2;pcm;eRF3;eIF4B;eIF3h;Cbp20;eIF2Bepsilon;RpL10;Ts;Irp-1A;eIF2Bbeta;CG4882;PlexB;eIF5B;CG7857;Trap1;AlaRS;l(1)G0020;Fmr1;Shmt;Pink1;CG1582;Upf1;CG1662;jub;eIF5;CG18259;CG7556;CG17219;SerRS;Elp3;Secp43;CG11030;CG13390;CG13124;CG4957"
"GOBP_CELLULAR_RESPONSE_TO_TYPE_II_INTERFERON",0.0181388012618297,0.0910654493384008,0.478014859251308,1.54842422288208,91,43,"Act5C;EcR;Khc;CG5504;Raf;Syb;Rop;GluProRS;Wnt5;Gel;Cdc37;Arp2;arg;WASp;Ass"
"GOBP_RESPONSE_TO_TRANSFORMING_GROWTH_FACTOR_BETA",0.0181924882629108,0.091179387511897,0.359793775710079,1.4109619050195,92,124,"Dll;Dab;dpp;emc;Got1;Hsc70-3;Hsp68;Hsp83;Jra;run;tkv;tup;yrt;Fur1;faf;noc;Wnt5;Hsp70Aa;Hsp70Bb;sty;dod;HDAC1;stck;Pdk1;Dad;Spred;Xbp1;melt;bon;Sirt1;Smox;Rok;myo;Tak1"
"GOBP_REGULATION_OF_BLOOD_CIRCULATION",0.0182601559294214,0.0912077737595209,-0.356400693751846,-1.41347635840913,88,130,"Abl;mAChR-A;arm;Cam;Cyp6a2;Gpdh1;Atpalpha;per;Pu;sgg;Tm2;TkR99D;mys;alpha-Cat;Dsor1;Tbh;RyR;Nos;Ank;Cyp6a9;Fkbp12;cher;mirr;Cyp9c1;nrv1;caup;Acer;Past1;Nup154;wit;Oamb;Eaat1;STUB1;Amph;Hey;Sur;Cyp28a5"
"GOBP_REGULATION_OF_CELLULAR_RESPONSE_TO_STRESS",0.0182578927348802,0.0912077737595209,0.299970019476401,1.30227221502628,95,296,"Appl;brm;eya;Dr;EcR;E(Pc);Hsc70-3;Hsp68;pho;Raf;Pkc53E;polo;pum;rl;spir;wbl;Dhfr;mei-41;CrebA;PCNA;Taf4;dock;Sema2a;Arp2;Taf2;Hsp70Aa;Hsp70Bb;not;MAPk-Ak2;Su(Tpl);phr6-4;Nlp;Usp47;Ork1;Cdk9;dom;Spred;Xbp1;bon;Ac78C;sip1;gbb;WASp;Sirt1;flfl;Taf7;agt;Bap60;Pli;Rtca;SkpA;Bap55;Rad9;Tip60;BCL7-like;Rok;HDAC6;nes;CG6171;XRCC1;CSN3;GlnRS;Manf;MRG15;CG11970;Ulp1;Taf10;Usp1"
"GOBP_POSITIVE_REGULATION_OF_MIRNA_METABOLIC_PROCESS",0.0183431952662722,0.0914672550396149,0.514654237372993,1.56429686441425,92,32,"brm;dpp;EcR;fkh;Jra;Myb;Ras85D;sd;tkv;N;toy;Dad;Smox"
"GOBP_REGULATION_OF_CALCIUM_ION_DEPENDENT_EXOCYTOSIS",0.0184267881910046,0.0915736669897558,0.574257069864758,1.60546203213543,92,22,"Galphai;Syt1;Rop;N;Rab3;Pp2B-14D;Syx1A;Syt4"
"GOBP_SMOOTH_MUSCLE_CONTRACTION",0.0184072854098043,0.0915736669897558,0.434682057410754,1.50232401026319,94,58,"nAChRalpha1;nAChRalpha2;for;dlg1;slo;Sod1;nAChRbeta2;5-HT7;TkR86C;Dop1R1;Gycalpha99B;Calx;Rho1;Pi3K68D;mbc;tap"
"GOBP_CARDIAC_MUSCLE_CELL_ACTION_POTENTIAL",0.0186197126087836,0.0922574287897852,-0.495166714007365,-1.56139075865624,91,36,"arm;Cam;Gpdh1;Atpalpha;alpha-Cat;RyR;Nos;Ank;cher;nrv1;Nup154;Amph"
"GOBP_MITOTIC_SISTER_CHROMATID_SEGREGATION",0.0186858316221766,0.0922574287897852,-0.358437849909444,-1.41908636052909,90,128,"Mps1;aurA;CycB;dup;Hsc70-2;Rcc1;pk;rod;sw;Pp1-87B;neb;Klp67A;Klp68D;His3.3B;128up;Iswi;ctp;cher;glu;SMC3;Rab11;Rbf;Gcn5;chb;nudC;DCTN2-p50;robl;aurB;Bub3;Eb1"
"GOBP_NEGATIVE_REGULATION_OF_PHOSPHORUS_METABOLIC_PROCESS",0.0187838884585593,0.0922574287897852,0.377448305080063,1.43387956421483,96,100,"Acph-1;Ald1;baz;Pka-C1;Actn;crp;smo;Ptp10D;Ptp69D;Nlp;loco;Vps25;CG32809;Sirt1;Taf7;Actbeta;Adar;Pfrx;Eato"
"GOBP_POSITIVE_REGULATION_OF_GLIAL_CELL_DIFFERENTIATION",0.0187709938747283,0.0922574287897852,0.62022485709545,1.62503133567797,94,17,"dpp;emc;Ten-m;N;dpn;HDAC1;csul"
"GOBP_REGULATION_OF_CANONICAL_WNT_SIGNALING_PATHWAY",0.018670496512105,0.0922574287897852,-0.356119007349349,-1.41235919708651,90,130,"arm;asp;BicC;fz;gro;pk;rk;sgg;sina;sr;Egfr;Pp1-87B;mts;Ptp4E;zfh1;hh;Su(H);otk;elB;Eip63E;htl;wts;Rel;Nle;Roc1a;DAAM;Axn;Madm;Tnks;lili;Kank;Smurf;Dd;SoxN"
"GOBP_REGULATION_OF_TRANSMEMBRANE_TRANSPORTER_ACTIVITY",0.0187258294321189,0.0922574287897852,-0.468730947106794,-1.54325359076589,91,44,"Cam;cni;Rpn8;Phb2;msn;Ank;Nca;Fkbp12;Rpt2;Rpt5;Rpt4;Rpt3;Rpn6;Rpn5;Rpn2;Rpn12;Rpn11;Rpn1"
"GOBP_VIRAL_PROCESS",0.0187242798353909,0.0922574287897852,-0.326064807267219,-1.36127950362166,90,192,"CkIIbeta;dor;Fas2;ftz-f1;Hsc70-2;Ide;if;Rcc1;mle;sgg;sta;stau;Su(dx);Egfr;mys;TfIIB;emp;La;Snr1;alpha-Man-IIa;Rab19;Rab7;crq;Acer;Cbl;Nmt;CtBP;Vps28;Tsf1;Edem1;CycT;Srpk79D;par-6;Eaat1;Dek;Kap-alpha3;PCB;fan;cyp33;eIF3g1;Vap33;FucT6;CG1924;CG11655;CG9903;CG9784;DENR;stas;galectin;CG11374;Art2;Mon1;CG11034"
"GOBP_CELL_PROJECTION_ASSEMBLY",0.0188284518828452,0.0923221757322176,-0.287661900779275,-1.27589690755046,89,336,"Abl;chic;ena;FER;fu;Pgant35A;LanA;neur;ninaC;pk;qua;sgg;shi;stau;bs;Ptp4E;Klp68D;Vinc;mys;Gdi;cdi;Klc;Cdc42;Itgbn;Spn;msn;babo;cpb;Moe;tsr;ctp;Hem;Cdc2rk;pnut;Dhc93AB;cher;Cul1;tty;NetB;Rab11;Vang;Past1;nompB;Pi3K21B;CRMP;btv;Ocrl;E2f2;inc;unc-119;Roc1a;DAAM;Cortactin;RhoGAPp190;Eb1;Kank;cindr;htt;Lnk;onecut;nmdyn-D7;aru"
"GOBP_POSITIVE_REGULATION_OF_MICROTUBULE_POLYMERIZATION_OR_DEPOLYMERIZATION",0.0189172871805192,0.0924495994768896,-0.562567157244753,-1.61037082272208,93,23,"aurA;FER;Hsc70-2;RpS3;Arl2;128up;CLIP-190;chb;Eb1;Cdk5alpha"
"GOBP_REGULATION_OF_SIGNALING_RECEPTOR_ACTIVITY",0.0189024390243902,0.0924495994768896,-0.531252208647891,-1.58671181855952,92,28,"cni;Rpn8;msn;Rpt2;Rpt5;Rpt4;Rpt3;Rpn6;Rpn5;Rpn2;Rpn12;Rpn11;Rpn1"
"GOBP_NEGATIVE_REGULATION_OF_TRANSPORT",0.0190567853705486,0.0929768865010846,0.320008549611321,1.34560873827546,98,216,"EcR;Actn;Galphai;Galphao;Grd;Hsp23;dlg1;Ca-alpha1D;Raf;Pkc53E;rl;RanGAP;sei;Syb;wbl;5-HT1A;Syt1;porin;Rop;N;inaC;Su(fu);CanB;dpn;Rac1;CG10939;Pp2B-14D;Syx1A;nuf;Rac2;Oda;Hel25E;Nf1;tap;CanB2;phr6-4;Mo25;14-3-3epsilon;gbb;Actbeta;moody;mtm;HDAC3;Rip11;goe;Syt4;Eato;Fmr1"
"GOBP_BIOLOGICAL_PROCESS_INVOLVED_IN_INTERACTION_WITH_HOST",0.019270192701927,0.093326078931988,-0.38617743542649,-1.45089162322611,93,90,"dor;Fas2;Hsc70-2;Ide;if;sta;Su(dx);Egfr;mys;emp;Rab7;crq;Acer;Cbl;Tsf1;Eaat1;Kap-alpha3;PCB;fan;Vap33;CG11655;PGRP-LE;CG9903;galectin;CG11374"
"GOBP_DIENCEPHALON_DEVELOPMENT",0.0192869666861484,0.093326078931988,0.457018024332534,1.51907215396978,98,48,"nAChRalpha1;dpp;Dr;Lim3;Shaw;smo;tkv;tup;ci;dpn;Wnt5;byn;Aldh;unpg;toy;Ptx1;Actbeta;PlexB;PlexA"
"GOBP_PROTEIN_LOCALIZATION_TO_SYNAPSE",0.0192069392812887,0.093326078931988,-0.434183866133275,-1.50536589216213,92,57,"cin;cni;dsh;stau;Egfr;Wnt2;Rap1;Dsor1;cora;Cdk5;Vps26;Rab11;siz;Grip;Klp10A"
"GOBP_REGULATION_OF_MICROTUBULE_POLYMERIZATION",0.0192268357537329,0.093326078931988,-0.509619854271685,-1.57352136073145,93,33,"Abl;FER;Hsc70-2;RpS3;betaTub97EF;mts;Arl2;128up;CLIP-190;chb;Eb1;Cdk5alpha;nmdyn-D7"
"GOBP_SMALL_GTPASE_MEDIATED_SIGNAL_TRANSDUCTION",0.0192188468691878,0.093326078931988,-0.316118758995347,-1.33339870769574,92,211,"Abl;dsh;flw;if;ref(2)P;sina;Egfr;Pp1-87B;Cdk2;mts;neb;mew;Rap1;mys;Gdi;14-3-3zeta;gig;Dsor1;Cdc42;kermit;msn;jar;Moe;tsr;Hem;Pi3K92E;ksr;NetB;Rab6;Rbf;Vang;Cbl;RhoGEF2;Lip3;CG3630;trio;Flo1;Crk;RhoGAP1A;Rlip;siz;RhoGAPp190;Kank;cindr;Ack;Sec71;aru;alpha-Catr;RhoGAP5A;CG4615;Dok"
"GOBP_MONOSACCHARIDE_TRANSMEMBRANE_TRANSPORT",0.0193336075689017,0.093398150193282,-0.42356988636762,-1.49318391595848,93,62,"acj6;Chc;csw;sgg;Rap1;Mef2;Hr38;Pi3K21B;chico;slv;Tsc1;Eaat2;cindr;sut3;trbl;CG9784;Ucp4A"
"GOBP_CYTOKINE_PRODUCTION",0.0194081475787855,0.0936045412734215,0.305097270590334,1.31411041022338,100,274,"Appl;bsk;Pka-C1;dnc;EcR;Hsp68;Hsp83;Jra;pho;pnr;Ras85D;sl;Sod1;tkv;tup;Ptp10D;Fur1;Fur2;gol;Wnt5;Rac1;Dcp-1;Prosbeta1;Ance;CalpA;Hsp70Aa;Hsp70Bb;not;MAPk-Ak2;Ptp69D;Rac2;mof;Ddx1;Diap2;p38a;rin;HDAC1;Prosalpha5;fz2;JIL-1;Dad;Xbp1;arg;Sirt1;p38b;Kap-alpha1;Actbeta;Pli;Smox;HDAC3;Eph;Tip60;Rok;Tak1;Agpat2;CG18659;mino;CG2082;Syt4;Fmr1;Spn42Dd;Atg5;GIIIspla2;CG12645;Sk1;Uba5;PGRP-SA;Agpat1;Pdcd4"
"GOBP_NEGATIVE_REGULATION_OF_APOPTOTIC_SIGNALING_PATHWAY",0.0194712031153925,0.0937549583723154,-0.359213766994658,-1.40975774496711,94,120,"arm;Eno;fz;grn;Hsc70-2;if;sax;sesB;sgg;sina;mew;Psc;alpha-Cat;Dsor1;LamC;Dif;babo;Nos;RnrS;Nmda1;Hr38;Pi3K92E;P5cr;Rbf;Rack1;mbt;Cortactin"
"GOBP_MUSCLE_CELL_PROLIFERATION",0.0196268946754761,0.0943502028353769,0.374241744996615,1.4230851218022,100,101,"cta;dpp;emc;for;Galphai;Jra;nau;Pkc53E;Ras85D;so;tkv;Tm1;usp;Cdk1;5-HT1A;Ten-m;N;TkR86C;Ance;croc;p38a;HDAC1;Ork1;Xbp1;p38b;Kap-alpha1;Mat1;Eph;myo;Tak1;Six4;drpr;CG2082"
"GOBP_DNA_REPLICATION_INITIATION",0.0197154471544715,0.0944671751277773,-0.529570664937509,-1.58168948597388,96,28,"dup;mus101;Cdk2;Orc3;CycE;Mcm2;Orc2;dpa;Mcm7;Pur-alpha;Roc1a;Mcm6;chm;Psf3"
"GOBP_FAT_CELL_DIFFERENTIATION",0.0197073170731707,0.0944671751277773,0.364663085528897,1.42025273330497,100,119,"Hr3;dpp;Dr;emc;tj;Gbeta13F;peb;shf;so;dpn;Wnt5;Cds;E2f1;Sap47;dod;Dad;Xbp1;Taf8;cyc;CG17896;gbb;Sirt1;p38b;Actbeta;Smox;Nipped-B;HDAC6;Ulp1;CG17841;sut2;sut1"
"GOBP_DNA_TEMPLATED_DNA_REPLICATION",0.0197693574958814,0.0944676754729773,-0.377382687758535,-1.44228331796004,95,101,"dup;mus101;Blm;rec;spn-A;spn-D;Cdk2;Orc3;dac;CycE;mtSSB;RnrL;RnrS;ctp;Mcm2;Orc2;tos;dpa;mre11;Mcm7;Pur-alpha;EloB;CG14803;Roc1a;Mcm6;Fen1;CG11403;RecQ5;Acf;chm;RfC38;Zpr1;Psf3"
"GOBP_RESPONSE_TO_ESTROGEN",0.0197797716150082,0.0944676754729773,-0.519464397925379,-1.58702943123155,96,31,"ash2;grn;Arpc1;Wnt2;hh;alpha-Cat;CycD;Sur;Nep1;CG11655;CG9903"
"GOBP_SULFUR_AMINO_ACID_METABOLIC_PROCESS",0.019952587909917,0.0951385958362656,0.537409720745668,1.57187513693177,100,27,"b;MsrA;r;Sam-S;Nmdmc;pug;CG17636;CG1440;Ggt-1;Cbs"
"GOBP_APPENDAGE_MORPHOGENESIS",0.0201024832479306,0.0955436279732018,0.407991267387263,1.46877955808946,101,74,"Dll;bi;cta;dpp;Dr;en;in;Ca-alpha1D;run;tkv;Fur2;N;Wnt5;Aldh;HDAC1;Ptx1;gbb;PlexA;Nipped-B"
"GOBP_T_CELL_SELECTION",0.0200933631012787,0.0955436279732018,-0.483778930174766,-1.54207566637886,98,38,"grn;Prosbeta6;ush;bs;Ser;hh;fs(1)h;hop;Shark;Stat92E;Prosalpha7;Prosbeta3;Prosbeta5"
"GOBP_LABYRINTHINE_LAYER_DEVELOPMENT",0.0202622169249106,0.0961474874082049,0.558201407961601,1.58763708374101,101,24,"cad;Jra;l(2)gl;rl;drk;dpn;gcm;fz2;gbb;Ulp1"
"GOBP_REGULATION_OF_SODIUM_ION_TRANSPORT",0.0204785077047851,0.0970173424597064,-0.511885175051547,-1.57146904409944,100,32,"Gpdh1;Atpalpha;per;Pkc98E;14-3-3zeta;Nos;Ank;nrv1;fray;Sik2"
"GOBP_REGULATION_OF_DENDRITIC_SPINE_MORPHOGENESIS",0.0205618892508143,0.0972557526943662,-0.536159382253638,-1.57397485619548,100,26,"Lar;stau;ct;tsr;Cdk5;Lis-1;Eb1;Cdk5alpha"
"GOBP_CEREBRAL_CORTEX_DEVELOPMENT",0.0206332992849847,0.0974368643602326,-0.40920844091042,-1.47806237832284,100,71,"Gart;arm;asp;sgg;tll;Egfr;betaTub85D;neb;Plc21C;Spn;Awh;Cdk5;Nrx-IV;cher;Lis-1;Crk;tna;Tsc1;Cdk5alpha"
"GOBP_NUCLEOTIDE_METABOLIC_PROCESS",0.0207293666026871,0.0975772744721689,0.302460813749013,1.30376362466637,107,277,"Acph-1;Ald1;Appl;Aprt;awd;bur;Pka-C1;Dhod;dnc;Actn;Galphai;Got1;Hsp68;Idh;Ldh;dlg1;Pgm1;r;ry;Zw;ATPsynbeta;Nmdmc;ATPsynG;ND-SGDH;Hsp70Aa;Hsp70Bb;Gycalpha99B;Pglym78;ATPsynD;CG5989;ND-75;ND-23;ND-42;Gs1l;ATPsyngamma;Ran;pug;Papss;l(2)k01209;Gpo1;dnk;AMPKalpha;Ac3;Taldo;Ac78C;Ts;Irp-1A;Eph;Drp1;Adk3;Pfrx;Dgp-1;fal;aralar1;Shmt;Marf;ND-ASHI;Pink1"
"GOBP_POSITIVE_REGULATION_OF_PROTEIN_LOCALIZATION_TO_CELL_PERIPHERY",0.0207022528922265,0.0975772744721689,-0.482976781731453,-1.53951876793186,101,38,"Pkc98E;ref(2)P;Su(var)2-10;Egfr;mew;mys;cora;Spn;Moe;Rab11;Rack1;Pi3K21B;eIF4G1;Fim;Ptpmeg2"
"GOBP_CELL_RECOGNITION",0.0208415257569799,0.0977922947002153,0.393840061797598,1.44502585839741,105,82,"Ald1;Appl;Hsp68;dlg1;robo2;CCT1;porin;LysP;LysS;LysX;Fur1;slp2;tutl;Dcp-1;dock;CCT5;Hsp70Aa;Hsp70Bb;mbc;PlexB;Eph;Mhcl;drpr"
"GOBP_EPITHELIAL_TO_MESENCHYMAL_TRANSITION",0.0208210567668435,0.0977922947002153,0.406541023243708,1.46112081021124,105,73,"bi;Dab;dpp;Dr;fkh;fy;tup;yrt;N;noc;CanB;Wnt5;Su(Tpl);mof;sty;HDAC1;Dad;Spred;bon;gbb;foi;Smox;Rok;CG6171"
"GOBP_ESTABLISHMENT_OR_MAINTENANCE_OF_BIPOLAR_CELL_POLARITY",0.0209270486993937,0.0980372249579877,0.503644946328315,1.54524352573187,106,33,"baz;cad;dlg1;l(2)gl;sn;Wnt5;CG10939;Rho1"
"GOBP_CELLULAR_SENESCENCE",0.0209912536443149,0.0981816664889894,0.443517788479213,1.49912828023506,107,52,"bi;bsk;emc;CG5504;Ras85D;tkv;Ask1;p38a;Nlp;Rca1;Abi;cyc;arg;Sirt1;Mkk4;p38b;Tip60"
"GOBP_PROTEIN_LOCALIZATION_TO_CELL_SURFACE",0.0214110929853181,0.0999864056552474,-0.516453622930304,-1.57783113285521,104,31,"arm;Gpdh1;rb;Egfr;boca;Vinc;scat;Ank;cher;Rab11;Torsin;TM9SF4;Gga"
"GOBP_EMBRYONIC_APPENDAGE_MORPHOGENESIS",0.0214634146341463,0.100071895172201,0.416497287646812,1.4652575785903,109,65,"Dll;bi;cta;dpp;Dr;en;in;Ca-alpha1D;run;tkv;N;Wnt5;Aldh;HDAC1;Ptx1;gbb;Nipped-B"
"GOBP_IRON_ION_TRANSPORT",0.0215943491422805,0.100364257782921,-0.56078646276121,-1.58719534658785,106,22,"Chc;shi;Mvl;tty;Rab11;Tsf1;Fer3HCH;MSBP;Tsf3;ABCB7;CG1275;RhoGAP68F"
"GOBP_POSITIVE_REGULATION_OF_GROWTH",0.0215738648037806,0.100364257782921,-0.356556295718169,-1.40594722541951,104,125,"acj6;CycB;Hsf;Hsp26;Hsp67Bc;Egfr;ush;bs;Plc21C;His3.3B;Su(H);Gdi;14-3-3zeta;Cdc42;htl;babo;Mef2;Moe;tsr;Lis-1;NetB;Stat92E;Cbp80;eIF4G1;wit;Fim;Plap;Crk;unc-13;CalpB;Hey;Smurf;raptor;Zpr1;Rrp45;rictor;CG1812;Rim2;HemK2"
"GOBP_CELLULAR_EXTRAVASATION",0.0216555353167375,0.100489881548646,-0.60778830919452,-1.61228078983353,106,17,"FER;Plc21C;mys;Pi3K92E;Crk;RhoGAP1A"
"GOBP_POST_TRANSLATIONAL_PROTEIN_MODIFICATION",0.0217437196537893,0.100740194049525,-0.271343637232682,-1.23362307577353,102,452,"Abl;adp;arm;aurA;ben;dor;dx;Hsc70-2;stc;RpS3;neur;per;pk;Pkc98E;ref(2)P;sgg;sina;sr;Su(dx);Su(var)2-10;RpS27A;Ubi-p63E;vls;Cdk2;shtd;unk;Mdr49;hop;RpS2;U2af50;Psc;Uch;Taf1;lwr;poe;Dif;babo;Uch-L5;Stt3B;Bgb;Bro;Cdk5;Set;Ubc4;Cul1;ari-1;Ubc84D;Cbl;Rack1;Pi3K21B;Vps28;EloB;CG2924;san;Plap;Slip1;ari-2;Torsin;Roc1a;CalpB;tna;gus;Ubc10;Axn;STUB1;CSN5;CSN4;CSN1b;Tnks;CG10254;Wdr24;Nulp1;Rpn11;CSN7;CSN6;CG3473;trbl;Smurf;Mkrn1;Usp16-45;Usp30;Pat1;APC7;UbcE2H;CG1785;Usp7;Pits;hiw;HUWE1;CG13001;Ubr1;Ubqn;CG1812;Stt3A;CG15445;Tspo;Pex12;CG4238;HINT1"
"GOBP_RECEPTOR_LOCALIZATION_TO_SYNAPSE",0.0217927631578947,0.100808662280702,-0.446369275077787,-1.51142595612324,105,51,"cin;cni;Egfr;Klp68D;Rap1;mys;Dsor1;cora;Moe;Vps26;Rab11;siz;Grip;Klp10A"
"GOBP_NEGATIVE_REGULATION_OF_PROTEIN_METABOLIC_PROCESS",0.0218395632087358,0.100866554097489,-0.289397235268359,-1.26894578646693,103,304,"Abl;arm;capu;CkIIbeta;Gapdh1;Hsc70-2;Ide;if;RpS3;mor;per;Pkc98E;ref(2)P;Su(var)2-10;Egfr;trc;boca;unk;hh;mys;hop;14-3-3zeta;U2af50;Calr;Rox8;Taf1;pll;kermit;Dif;l(2)efl;Uch-L5;Nos;wts;RpL11;Cdk5;cher;eIF4E1;Rbf;smg;snRNP-U1-70K;Gcn5;Rack1;Vps28;Pur-alpha;eIF4G1;vig;Plap;Irp-1B;eIF3e;TBPH;CalpB;Timp;Pten;Axn;Amph;Tob;nAChRalpha5;Spn55B;nerfin-1"
"GOBP_REGULATION_OF_LAMELLIPODIUM_ORGANIZATION",0.021904948171328,0.10088305981744,0.501644065675373,1.53910458222164,111,33,"Hsp83;peb;sn;Gel;Rac1;Arp2;Rac2;Abi;WASp;PlexB;Eph;myo"
"GOBP_REGULATION_OF_POSTSYNAPTIC_MEMBRANE_NEUROTRANSMITTER_RECEPTOR_LEVELS",0.0219155844155844,0.10088305981744,-0.403404258179469,-1.4689054743399,107,74,"cin;cm;cni;numb;Egfr;Rap1;mys;nmd;Dsor1;cora;Moe;Nca;Vps26;Rab11;siz;aru;Grip;Klp10A"
"GOBP_REGULATION_OF_TRANSLATIONAL_INITIATION",0.0219460089337735,0.10088305981744,0.418973798663066,1.46804915859256,112,63,"eIF4A;eIF2beta;GluProRS;NAT1;dock;pelo;lark;Ddx1;Nlp;Gcn2;eIF4B;eIF3h;Cbp20;eIF2Bepsilon;eIF2Bbeta;eIF5B;Fmr1"
"GOBP_ACTION_POTENTIAL",0.0222923653580588,0.101660360407056,0.402680853669213,1.45299173270086,112,75,"nAChRalpha1;nAChRalpha2;ec;dlg1;Ca-alpha1D;na;sei;Sh;Shaw;Sod1;nAChRbeta2;GluRIA;TkR86C;Shal;Dop1R1;Calx;Ork1;14-3-3epsilon;GluClalpha;moody"
"GOBP_ANTIGEN_RECEPTOR_MEDIATED_SIGNALING_PATHWAY",0.0224169553698798,0.101660360407056,-0.413839538973417,-1.47786143451207,109,66,"Abl;ben;cact;csw;grn;janA;Pkc98E;Mef2;Moe;Hem;Rel;Pi3K92E;Shark;Cbl;qkr58E-2;Lip3;IKKbeta;Crk;cindr;Lnk;CG3473"
"GOBP_CONNECTIVE_TISSUE_DEVELOPMENT",0.0225687320475995,0.101660360407056,-0.351563771852867,-1.39429324549286,109,130,"acj6;adp;arm;arr;csw;ftz-f1;grn;kn;lace;lz;prd;sax;sr;tld;zen;bs;Wnt2;zfh1;hh;mys;htl;Hmgs;babo;Mad;Mef2;Cpr;Rbf;Gcn5;Lip3;wit;Roc1a;Timp;OdsH;Axn;cindr"
"GOBP_DETECTION_OF_MECHANICAL_STIMULUS_INVOLVED_IN_SENSORY_PERCEPTION",0.0225697881607602,0.101660360407056,0.626058513187114,1.61620472146958,113,16,"Sh;Ork1;ppk28;CG17660;ItgaPS4;ppk12;ItgaPS5"
"GOBP_DOPAMINE_SECRETION",0.0225697881607602,0.101660360407056,0.626119107118912,1.61636114806007,113,16,"nAChRalpha1;nAChRalpha2;Galphai;Sh;nAChRbeta2;Syt1"
"GOBP_MESODERM_MORPHOGENESIS",0.0225988700564972,0.101660360407056,0.44710889745217,1.49268423654015,115,49,"bi;Pka-C1;eya;dpp;so;tkv;yrt;sv;Wnt5;HLH3B;byn;croc;gbb;Actbeta;Smox;Eph;Taf10"
"GOBP_MONOATOMIC_CATION_TRANSPORT",0.0221846608916121,0.101660360407056,-0.269827282067339,-1.23134732249322,104,469,"Abl;nAChRbeta1;arm;Axs;Cam;Chc;comt;csw;Gpdh1;Hex-C;Hsc70-5;if;Catsup;mnd;Atpalpha;per;Pkc98E;rb;sesB;shi;Su(dx);Cdk2;Plc21C;mys;14-3-3zeta;Vha55;CanA1;Itpr;Nmdar1;cora;Phb2;dia;blw;ox;RyR;Snap25;Elk;Mvl;Nos;Ank;Nmda1;CASK;Cdk5;Fkbp12;cher;sun;Hr96;tty;nrv1;Rab11;Drip;ATPsynCF6;ATPsynO;CG2187;ATPsynB;Orct;Fak;ND-PDSW;l(2)k05819;Tsf1;fray;dimm;CG12773;Torsin;Sik2;CNT2;homer;ND-B14.5A;CalpB;Tsc1;Eaat1;Nhe1;Amph;Madm;ATPsyndelta;CG2930;ZnT35C;sut3;Vha100-3;Vha100-2;Vha100-1;Sur;nAChRalpha5"
"GOBP_NEGATIVE_REGULATION_OF_CELL_ADHESION",0.0225548492925979,0.101660360407056,-0.350158405450539,-1.39035082987381,109,131,"Abl;csw;dx;fz;Prosbeta6;lz;sax;Su(dx);Egfr;Ser;Ptp4E;hh;elB;hop;Dsor1;Sdc;msn;tsr;Bgb;Bro;CASK;Stat92E;Cbl;Fak;Pi3K21B;chb;Prosalpha7;Pten;Prosbeta3;fz4;Kank;Lnk;Prosbeta5;AdamTS-B"
"GOBP_NEGATIVE_REGULATION_OF_CYTOSKELETON_ORGANIZATION",0.0223123732251521,0.101660360407056,-0.398147093001748,-1.45707308672303,109,76,"fliI;qua;betaTub97EF;kst;alpha-Cat;dia;cpb;Moe;tsr;Gcn5;Pi3K21B;chb;Eb1;Kank;Sec71;GMF;aru;ssh;pigs;CG9784;Tao"
"GOBP_POSITIVE_REGULATION_OF_LEUKOCYTE_CHEMOTAXIS",0.0225933202357564,0.101660360407056,0.538785971257967,1.56383698397634,114,26,"Appl;rl;Ptp10D;Wnt5;Rac1;Rac2;CaMKI;myo;Drp1"
"GOBP_PROTEIN_LOCALIZATION_TO_GOLGI_APPARATUS",0.0222967640094712,0.101660360407056,0.594679836373989,1.6083707292581,112,19,"Arl1;BicD;dco;KrT95D;Arfrp1"
"GOBP_REGULATION_OF_ACTIN_FILAMENT_POLYMERIZATION",0.0224003288121661,0.101660360407056,-0.417013821833681,-1.4764233974275,108,64,"ena;fliI;FER;Pkc98E;qua;kst;cpb;Moe;tsr;wts;Hem;Fak;Pi3K21B;DAAM;Cortactin;Amph;Kank;Sec71;aru;ssh"
"GOBP_REGULATION_OF_RESPONSE_TO_EXTERNAL_STIMULUS",0.0222788033099936,0.101660360407056,-0.277074847462431,-1.24715696417007,104,401,"acj6;aurA;cact;csw;Lar;dsh;dx;ftz-f1;Galphas;grn;Hsc70-2;mle;Pkc98E;pnt;rb;ref(2)P;rk;Su(dx);betaTub85D;mts;Ptp4E;fs(1)h;Ac76E;hop;Gdi;14-3-3zeta;Calr;slbo;alpha-Cat;Dsor1;pll;Phb2;Dif;fra;Nos;wts;Hem;Irbp;CASK;Nrx-IV;Rel;Hr38;Pi3K59F;Shark;Ubc4;abs;drl;Cul1;nonA-l;Rbf;Acer;Stat92E;stumps;Nmt;Fak;Pi3K21B;chb;Tsf1;Sin3A;Clk;fray;wit;IKKbeta;Crk;Roc1a;RhoGAP1A;Cortactin;CalpB;Pten;drosha;LysRS;botv;CG2930;Lnk;AlaRS-m;trbl;Tollo;Mkrn1;AdamTS-B;Ppt1;CG1785;CG12121;Tat;hiw;PGRP-LE;CG5445;CG8173;rictor;Ubqn;cactin;galectin;CG11374;CG4238;CG3165;OtopLb;CG11034;Tsp;LUBEL;Megf8;Snx6;CG13392;CG17633;Klp31E;Wdfy2;MRP;Prosalpha6T;loqs;Lrch"
"GOBP_VASCULAR_ASSOCIATED_SMOOTH_MUSCLE_CELL_MIGRATION",0.0224940805051302,0.101660360407056,0.594208080658495,1.60709481903255,113,19,"cta;dpp;for;Tm1;mbc;Xbp1;Tak1;Pvf1;Zir"
"GOBP_EXPLORATION_BEHAVIOR",0.0228013029315961,0.10174602284411,-0.534059206567513,-1.56780948106083,111,26,"Abl;Atpalpha;Pkc98E;trx;mew;Gad1;Lcch3"
"GOBP_NEGATIVE_REGULATION_OF_ENDOTHELIAL_CELL_MIGRATION",0.0228059458358786,0.10174602284411,-0.59420215652406,-1.59569185884328,111,18,"arm;CkIIbeta;sax;svp;Mef2"
"GOBP_NOTCH_SIGNALING_PATHWAY",0.0227926078028747,0.10174602284411,-0.373895810540382,-1.42106200954535,110,97,"amx;cact;dx;grn;Pgant35A;neur;sax;Su(dx);Cdk2;Ser;CycC;Su(H);nvy;slbo;Pglym87;fng;Nos;tty;Nak;Cdk4;CtBP;Nle;PRL-1;Timp;tna;nito;Hey;onecut;Grip"
"GOBP_OVARIAN_FOLLICLE_DEVELOPMENT",0.022718293164757,0.10174602284411,0.530912920557937,1.55287258024087,114,27,"mei-W68;Sod1;tkv;Taf4;Rac1;Rac2;Lgr1;eIF2Bepsilon;Actbeta;eIF2Bbeta"
"GOBP_REGULATION_OF_ACTIN_FILAMENT_ORGANIZATION",0.0227926078028747,0.10174602284411,-0.346728503968002,-1.38121167060442,110,134,"Abl;ena;fliI;FER;Pkc98E;qua;Tm2;kst;TkR99D;cdi;alpha-Cat;Cdc42;Sdc;babo;cpb;Moe;tsr;wts;Hem;cher;Fak;Pi3K21B;chb;DAAM;Cortactin;Tsc1;RhoGAPp190;Amph;Kank;Sec71;GMF;aru;ssh"
"GOBP_REGULATION_OF_EXOCYTOSIS",0.0228254164096237,0.10174602284411,-0.372827881826314,-1.41771032170129,110,98,"Cam;comt;dor;dsh;FER;grn;Wnt2;Syn;Rap1;mys;Sdc;Hem;Nca;CASK;Cdk5;Rab2;Shark;Rab7;dos;chb;RhoGAP1A;Cdk5alpha;CG3168;Rph;Tomosyn;galectin;CG11374;Hrs"
"GOBP_APICAL_JUNCTION_ASSEMBLY",0.0231463318948607,0.102256878574155,0.510150388325288,1.54008629123474,117,31,"baz;Pka-C1;dlg1;pbl;Rac1;Rac2;Rho1;fz2;Abi;Pkn;Eph;Rok"
"GOBP_CARDIAC_MUSCLE_TISSUE_DEVELOPMENT",0.0231604837056774,0.102256878574155,-0.355867658692329,-1.3966257257403,112,120,"Abl;acj6;CycB;FER;fz;lz;pk;sax;sgg;Egfr;ush;bs;Tm2;mys;Su(H);Calr;Cdc42;htl;LamC;RyR;babo;Mad;Mef2;Fkbp12;mirr;caup;Gcn5;wit;Oamb;Sik2;Tsc1"
"GOBP_COLUMNAR_CUBOIDAL_EPITHELIAL_CELL_DIFFERENTIATION",0.0231833235924411,0.102256878574155,0.445908098281883,1.48867533847762,118,49,"Dll;cad;dpp;Dr;fkh;pnr;sev;pros;N;bap;dpn;Wnt5;Smox;msk;SAK"
"GOBP_ESTABLISHMENT_OF_CELL_POLARITY",0.0230026699527624,0.102256878574155,-0.370591820173914,-1.41940823179438,111,102,"Abl;grn;pip;pk;sgg;Wnt2;Rap1;hh;mys;otk;Cdc42;dia;Moe;tsr;Wee1;Lis-1;Fak;Rack1;chb;RhoGEF2;Crk;Eb1;Kank;htt;Sec71;Vha100-3;Vha100-2;Vha100-1"
"GOBP_POSITIVE_REGULATION_OF_CELL_SUBSTRATE_ADHESION",0.0231309376290789,0.102256878574155,-0.426579167266581,-1.47899951794367,111,57,"Abl;arm;Pkc98E;sgg;mys;hop;cdi;Arl2;Calr;Cdc42;Sdc;msn;tsr;cher;Cdk4;Fak;Crk;Tsc1;Ndg"
"GOBP_POSTSYNAPTIC_DENSITY_ORGANIZATION",0.0231434896357416,0.102256878574155,-0.550972005678687,-1.57717924101211,114,23,"Lar;pk;mys;tsr;wts;Nrx-IV;Fak;Pten"
"GOBP_REGULATION_OF_VASCULATURE_DEVELOPMENT",0.0231415113659635,0.102256878574155,-0.353134716681689,-1.40004158450781,112,129,"Abl;arm;Col4a1;csw;grn;Gs2;if;lz;pnt;sax;tll;Egfr;mys;hop;TrpRS;Dif;l(2)efl;babo;Mad;Nos;Pi3K92E;Shc;Drip;dos;Fak"
"GOBP_CELL_CELL_RECOGNITION",0.0233379093939988,0.102773135354672,0.460044272641351,1.50702799591194,118,45,"Ald1;Hsp68;dlg1;CCT1;porin;LysP;LysS;LysX;Fur1;dock;CCT5;Hsp70Aa;Hsp70Bb;mbc"
"GOBP_METENCEPHALON_DEVELOPMENT",0.023370233702337,0.102773135354672,-0.410518521260491,-1.46743082546907,113,67,"Abl;Gart;csw;E(z);Wnt2;neb;Lcch3;Dsor1;Gug;Cdk5;Gcn5;Crk;PHDP;Lim1;fz4;Cdk5alpha;beta4GalNAcTA"
"GOBP_NEUROTRANSMITTER_TRANSPORT",0.0234278668310728,0.102804007599309,-0.354842782874969,-1.39358721738507,113,121,"nAChRbeta1;Cam;ChAT;cn;dor;dsh;Atpalpha;per;Csp;Wnt2;Syn;TkR99D;Rap1;mys;Lcch3;Snap25;Mef2;Nos;CASK;Cdk5;Orct;Flo1;Torsin;CNT2;unc-13;Eaat2;Eaat1;Sur;CG3168;Ppt1;Rph;Tomosyn"
"GOBP_REGULATION_OF_LYMPHOCYTE_ACTIVATION",0.0234471410941999,0.102804007599309,-0.31449326087486,-1.32245257140974,113,204,"Abl;Act42A;arm;csw;dx;ftz-f1;grn;Prosbeta6;lz;mor;Pepck1;rb;Su(dx);Egfr;zfh1;TkR99D;hh;fs(1)h;hop;14-3-3zeta;Psc;Sdc;Mef2;Pms2;Snr1;Hem;Irbp;Bgb;Bro;Pi3K92E;Shark;Stat92E;Cbl;Gcn5;Prosalpha7;chico;Roc1a;Hmt4-20;tna;Prosbeta3;drosha"
"GOBP_MITOCHONDRIAL_TRANSPORT",0.0235134084726001,0.102941142449984,0.425028817847381,1.47331297665666,120,59,"eya;Hsp68;Hsp83;porin;Dcp-1;Hsp70Aa;Hsp70Bb;Drice;CG3156;Spg7;Ant2;CG14777;Decay;aralar1;CG14778;Pink1;CG1628"
"GOBP_CELLULAR_RESPONSE_TO_INSULIN_STIMULUS",0.0236171535114978,0.103241702274631,-0.344701065382448,-1.37553404018418,113,137,"acj6;adp;by;csw;FER;Hex-C;Ide;mor;or;Pepck1;sgg;B52;14-3-3zeta;gig;Myo61F;Dsor1;Hmgs;Shc;Rbf;dos;Orct;Gcn5;Pi3K21B;Alas;chico;Neos;Sik2;Roc1a;Kank;sut3;Lnk;trbl"
"GOBP_NEGATIVE_REGULATION_OF_POST_TRANSLATIONAL_PROTEIN_MODIFICATION",0.0236820428336079,0.103371765603078,-0.42409544890597,-1.48116856159123,114,59,"Abl;arm;Hsc70-2;RpS3;per;Pkc98E;ref(2)P;Su(var)2-10;U2af50;Taf1;Dif;Cdk5;Vps28;Plap;CalpB"
"GOBP_NUCLEOBASE_CONTAINING_SMALL_MOLECULE_METABOLIC_PROCESS",0.0238365493757094,0.103892041871611,0.281730709221428,1.25245625398793,125,376,"Acph-1;Ald1;Appl;Aprt;awd;bur;Pka-C1;Dhod;dnc;Actn;Galphai;Got1;Hsp68;Idh;Ldh;dlg1;Pgm1;r;rl;ry;Zw;Dhfr;mdy;ATPsynbeta;Nmdmc;ATPsynG;fbl;ND-SGDH;Hsp70Aa;Hsp70Bb;Gycalpha99B;Pglym78;ATPsynD;CG5989;Pdk;ND-75;ND-23;ND-42;Gs1l;ATPsyngamma;Ran;pug;Papss;l(2)k01209;Gpo1;dnk;AMPKalpha;Ac3;Taldo;CG17896;Ac78C;DIP2;Ts;Irp-1A;Eph;Drp1;Adk3;bgm;mino;Pfrx;Dgp-1;Pdha;fal;aralar1;ScsbetaG;CG7024;CG15771;Shmt;Marf;ND-ASHI;Pink1;Pdp;spidey"
"GOBP_CENTRAL_NERVOUS_SYSTEM_NEURON_DIFFERENTIATION",0.0239606799098915,0.1042785803179,-0.351791555130723,-1.39471647220015,116,129,"acj6;arm;arr;salr;fz;grn;prd;tll;Egfr;ptc;Wnt2;zfh1;hh;Lcch3;Rbp9;htl;fra;Awh;Cdk5;Hr38;drl;otp;ktub;Lis-1;Sin3A;btv;Chd3;Crk;PHDP;OdsH;tna;RhoGAPp190;Pten;Lim1;CG1344;beta4GalNAcTA"
"GOBP_CARDIAC_MUSCLE_CELL_PROLIFERATION",0.0244698205546493,0.104486410452165,-0.510114917611934,-1.55846558646487,119,31,"Abl;CycB;FER;lz;Egfr;ush;Su(H);htl;babo;Mad;Mef2"
"GOBP_EMBRYONIC_DIGESTIVE_TRACT_DEVELOPMENT",0.0241602828520919,0.104486410452165,0.596859235552382,1.59297967749927,122,18,"emc;H2.0;Myb;so;Fur2;ci;Aldh;Ptx1;Nipped-B"
"GOBP_EMBRYONIC_EPITHELIAL_TUBE_FORMATION",0.0240668978176627,0.104486410452165,-0.390341709046758,-1.44032167682085,117,80,"Abl;arm;dsh;ena;grn;pk;ptc;zfh1;otk;gig;Sdc;tsr;Hem;Ret;Deaf1;mirr;ktub;Vang;caup;Gcn5;Tsc1;RhoGAPp190;CG4935;Las;CHOp24"
"GOBP_INTRACELLULAR_GLUCOSE_HOMEOSTASIS",0.02443315089914,0.104486410452165,0.386331812248687,1.43104615654595,124,86,"Ald1;brm;Pka-C1;EcR;fkh;Raf;pnr;tra2;Rop;sv;Rac1;lark;Rac2;Ork1;Osbp;Xbp1;AMPKalpha;Ac78C;Sirt1;Smox;Tip60;Rip11;sut2;sut1;Usf"
"GOBP_NEGATIVE_REGULATION_OF_GENE_EXPRESSION_EPIGENETIC",0.0240940254652302,0.104486410452165,0.366184276314156,1.40370760046724,122,107,"aub;brm;E(Pc);His2Av;hyd;Lam;Pcl;Sce;shu;spn-E;Pep;ph-d;ph-p;Dp;mof;HDAC1;csul;spen;Pp2C1;bon;Sirt1;SkpA;HDAC3;HDAC6;wde;MBD-like;MTA1-like"
"GOBP_PLATELET_DERIVED_GROWTH_FACTOR_RECEPTOR_SIGNALING_PATHWAY",0.0242659053833605,0.104486410452165,-0.510350537775291,-1.55918543586231,118,31,"Abl;csw;FER;mys;hop;Sply;Hr38;Cbl;chb"
"GOBP_POSITIVE_REGULATION_OF_ENDOCYTOSIS",0.0242471646460696,0.104486410452165,0.388492737283856,1.43080512852861,123,83,"Appl;BicD;Pka-C1;Dab;sl;Sod1;Ptp10D;LysP;LysS;LysX;Wnt5;AP-1-2beta;Pp2B-14D;Ptp69D;mbc;CaMKI;Dap160;Rab27;Mhcl;Fmr1;CG4701"
"GOBP_POSITIVE_REGULATION_OF_INTRACELLULAR_PROTEIN_TRANSPORT",0.0242248062015504,0.104486410452165,0.428683592415856,1.47733986592292,124,57,"Pka-C1;Hsp83;hyd;pbl;smo;sub;Syb;Cdk1;Ten-m;nSyb;Oda;CaMKI;14-3-3epsilon;Ran;Xbp1;bon;p38b;Smox;HDAC3"
"GOBP_POSITIVE_REGULATION_OF_PROGRAMMED_CELL_DEATH",0.0244701348747592,0.104486410452165,0.30848758399987,1.30906234102482,126,235,"Appl;bsk;dpp;Dr;emc;fkh;Mybbp1A;crp;CG5504;pbl;Pkc53E;sl;slo;Sod1;tkv;tup;nonA;N;inaC;Wnt5;Gel;Dcp-1;dock;CG10939;E2f1;Aldh;CalpA;not;Ask1;Ptp69D;Rho1;Nf1;Cdk8;CaMKI;Ptpa;Drice;Ptx1;Xbp1;Nnp-1;eIF2Bepsilon;arg;gbb;Sirt1;Bin1;Drep1;Actbeta;Rad9;HDAC3"
"GOBP_REGULATION_OF_MEMBRANE_PERMEABILITY",0.0244334975369458,0.104486410452165,0.478163675710458,1.50857266832062,123,38,"eya;Hsp68;porin;Dcp-1;Hsp70Aa;Hsp70Bb;Drice;Spg7;Ant2;CG14777;Decay;CG14778"
"GOBP_REGULATION_OF_MONOATOMIC_ION_TRANSPORT",0.0242598684210526,0.104486410452165,-0.320612458619007,-1.33413474574632,117,187,"Abl;mAChR-A;arm;Cam;csw;Gpdh1;Hex-C;Atpalpha;per;Pkc98E;Su(dx);Mdr49;TkR99D;mys;14-3-3zeta;CanA1;Nmdar1;cora;Phb2;dia;RyR;Nos;Ank;CASK;Fkbp12;cher;nrv1;Rab11;Fak;fray;Torsin;Sik2;homer;CalpB;Amph;Madm;CAH1;Vha100-3;Vha100-2;Vha100-1;Sur"
"GOBP_REGULATION_OF_RESPONSE_TO_ENDOPLASMIC_RETICULUM_STRESS",0.0244422890397672,0.104486410452165,0.430286792263122,1.47782701734942,125,56,"Appl;EcR;Hsc70-3;Hsp68;wbl;CrebA;dock;Hsp70Aa;Hsp70Bb;Xbp1;Sirt1;nes;Manf"
"GOBP_RESPONSE_TO_ACETYLCHOLINE",0.02441906262308,0.104486410452165,0.542083103438458,1.55992962076822,123,25,"Ace;nAChRalpha1;nAChRalpha2;Galphai;Gbeta13F;Pkc53E;nAChRbeta2;Galphaq;inaC"
"GOBP_POSITIVE_REGULATION_OF_CARTILAGE_DEVELOPMENT",0.0245531329797682,0.10468886554562,0.595626029659867,1.58968832870556,124,18,"Pkg21D;dpp;for;run;tkv;Wnt5;Dad;gbb;Smox"
"GOBP_ODONTOGENESIS",0.0247446975648075,0.105061132580436,0.400771080295161,1.43777051796021,125,72,"Acph-1;Dll;dpp;Dr;emc;put;run;smo;tkv;ci;l(2)03659;Rho1;HDAC1;Ptx1;gbb;Actbeta"
"GOBP_POSITIVE_CHEMOTAXIS",0.0247475747376757,0.105061132580436,0.621118985099582,1.60345305617194,124,16,"Appl;dpp;Ptp10D;Wnt5;PlexB;Smox"
"GOBP_POSITIVE_REGULATION_OF_PROTEIN_LOCALIZATION_TO_MEMBRANE",0.0247464503042596,0.105061132580436,-0.460309138079968,-1.50975151187855,121,43,"Pkc98E;ref(2)P;Egfr;boca;mew;mys;Spn;Moe;Rab11;Rack1;Pi3K21B;Fim;Ptpmeg2;ssh;MSBP;Lrp4"
"GOBP_REGULATION_OF_ACTIN_FILAMENT_LENGTH",0.0248270248270248,0.105095118044758,-0.391026435582111,-1.44002563044417,121,79,"ena;fliI;FER;ninaC;Pkc98E;qua;kst;cpb;Moe;tsr;wts;Hem;Fak;Pi3K21B;DAAM;Cortactin;RhoGAPp190;Amph;Kank;Sec71;aru;ssh"
"GOBP_REGULATION_OF_INTRACELLULAR_PROTEIN_TRANSPORT",0.0248143806174287,0.105095118044758,0.38504487331311,1.42821684893559,126,87,"Pka-C1;dpp;Hsp83;hyd;pbl;RanGAP;smo;sub;Syb;Cdk1;Ten-m;Su(fu);nSyb;Oda;Nf1;CaMKI;14-3-3epsilon;Ran;emb;Xbp1;bon;p38b;Smox;HDAC3"
"GOBP_CARBOHYDRATE_TRANSPORT",0.0249132121707168,0.105157346063485,-0.408463676526458,-1.4650756365604,121,68,"acj6;Chc;csw;sgg;Rap1;Mef2;Hr38;Drip;Pi3K21B;chico;slv;Tsc1;Eaat2;cindr;sut3;trbl;CG9784;Ucp4A"
"GOBP_NEURAL_RETINA_DEVELOPMENT",0.0249061079264677,0.105157346063485,0.470604705753915,1.5073766225195,125,41,"Dll;brm;Hr3;fj;tj;Galphai;ninaB;nuf;jumu;sdk;Bap60;Bap55;drpr;CG5921"
"GOBP_GASTRULATION",0.0250103348491112,0.105178317105072,-0.369551420782232,-1.41024448451434,120,100,"arm;arr;Col4a1;dsh;fz;if;LanA;net;pk;pnt;sax;bs;mew;mys;C15;htl;Itgbn;atms;Mad;Hem;Hr38;Vang;Rack1;wit;Taf10b;Lim1;Axn;O-fut2;SoxN;sotv"
"GOBP_MAINTENANCE_OF_CELL_NUMBER",0.0249744114636643,0.105178317105072,-0.35218711046133,-1.3870795169446,121,123,"Act42A;arm;arr;asp;bsh;E(z);ftz-f1;fz;grn;hook;mor;tll;Ser;Wnt2;Su(H);atms;Snr1;eIF4E1;SMC3;Vang;Rga;Gcn5;Sin3A;MED6;Roc1a"
"GOBP_POSITIVE_REGULATION_OF_CELL_CYCLE_G1_S_PHASE_TRANSITION",0.0250254323499491,0.105178317105072,-0.491286666719465,-1.53762007096844,122,35,"E(z);Egfr;Plc21C;CycD;CycE;atms;Moe;RnrL;RnrS;Cdc2rk;ko;eIF4G1"
"GOBP_PROTEIN_CONTAINING_COMPLEX_DISASSEMBLY",0.0253190613421161,0.106260596959352,-0.334264246240845,-1.35957379681841,122,158,"aurA;Cam;Chc;comt;fliI;dre4;mor;qua;Pp1-87B;kst;neb;Klp67A;Klc;Ssrp;pll;Spn;dia;cpb;Moe;Snr1;tsr;Set;Pi3K59F;chb;Faf2;Dyrk3;aru;pigs;Rubicon;Bap111;Klp10A"
"GOBP_POSITIVE_REGULATION_OF_BMP_SIGNALING_PATHWAY",0.02536160095106,0.106287507119685,0.561965643079871,1.57109864322921,127,22,"cv-2;dpp;Dr;pnr;N;dpn;pelo;Smox;Ilk"
"GOBP_FIBROBLAST_PROLIFERATION",0.0254672417334155,0.106448158082631,-0.451875685492125,-1.50684517400247,123,48,"Abl;arm;CycB;mle;Egfr;Wnt2;mys;Psc;dac;Drip;Cdk4;tna;Sur;Fer3HCH;CG11164"
"GOBP_INTRACELLULAR_PROTEIN_TRANSPORT",0.0254722988749735,0.106448158082631,-0.275771058202674,-1.23938365702202,119,394,"mAChR-A;arm;cact;ck;Chc;cm;comt;csw;dor;hook;Hsc70-5;or;pk;rb;ref(2)P;sgg;hh;hop;14-3-3zeta;gig;Calr;betaCOP;SrpRalpha;LamC;Phb2;Sec61beta;Srp54k;jar;scat;Nos;Syx5;tsr;Cdk5;Rab5;cher;Vps26;Hr38;Pi3K59F;Shark;nrv1;Rab11;Rab19;Rab7;Rab6;Past1;Khc-73;Pi3K21B;Nup154;Tapdelta;Vps28;Edem1;CG3630;Fim;Sec13;AP-1mu;Tnpo;Optix;Faf2;CG3558;CG5885;beta'COP;TBPH;RhoGAP1A;Cortactin;mbo;Sara;Kap-alpha3;Nup93-1;Nxt1;TM9SF4;gammaSnap1;CG16865;gammaCOP;Smurf;CHOp24;Grip;Pat1;Zpr1;Gga;Rph;p24-1"
"GOBP_PRIMARY_ALCOHOL_METABOLIC_PROCESS",0.0255609756097561,0.106516133489947,0.448655598199744,1.48555833354306,130,47,"Acph-1;Dab;dpp;ninaB;mdy;Wnt5;Cyp18a1;Fdh;Aldh;Cyp9b1;gbb"
"GOBP_RENAL_TUBULE_DEVELOPMENT",0.0255512054399341,0.106516133489947,-0.414349111795406,-1.46340082749918,123,63,"arm;salr;exd;grn;LanA;pk;rk;ptc;Ser;Wnt2;Cbp53E;hh;Mef2;mirr;Drip;caup;Orct;promL;Lim1;Hey"
"GOBP_METAL_ION_TRANSPORT",0.0256464603645613,0.106570461006411,-0.282274526417126,-1.25145761975572,120,340,"Abl;nAChRbeta1;arm;Cam;Chc;comt;csw;Gpdh1;Hex-C;Hsc70-5;if;Catsup;Atpalpha;per;Pkc98E;rb;shi;Su(dx);Cdk2;Plc21C;mys;14-3-3zeta;Vha55;CanA1;Itpr;Nmdar1;cora;dia;RyR;Snap25;Elk;Mvl;Nos;Ank;Nmda1;CASK;Cdk5;Fkbp12;cher;Hr96;tty;nrv1;Rab11;Drip;CG2187;Fak;l(2)k05819;Tsf1;fray;dimm;CG12773;Torsin;Sik2;CNT2;homer;CalpB;Tsc1;Eaat1;Nhe1;Amph"
"GOBP_NEGATIVE_REGULATION_OF_SUPRAMOLECULAR_FIBER_ORGANIZATION",0.0256305939788446,0.106570461006411,-0.387313793954259,-1.43623979069284,125,82,"fliI;qua;betaTub97EF;kst;alpha-Cat;dia;l(2)efl;cpb;Moe;tsr;Pi3K21B;chb;Eb1;Kank;Sec71;GMF;aru;ssh;pigs;CG9784;Tao"
"GOBP_ASYMMETRIC_CELL_DIVISION",0.0259457318280848,0.107069527822219,0.628831227807357,1.59296776763171,130,15,"baz;sd;Wnt4;insc;Arp2;Rab10;toy;loco"
"GOBP_CALCIUM_ION_REGULATED_EXOCYTOSIS",0.0260477869173521,0.107069527822219,0.495495969928385,1.53084649447186,132,34,"Galphai;Syb;Syt1;Rop;N;Rab3;Gel;Pp2B-14D;nSyb;Syx1A"
"GOBP_EXTERNAL_ENCAPSULATING_STRUCTURE_ORGANIZATION",0.0260941031436203,0.107069527822219,-0.351112859378141,-1.38448305745805,126,125,"Abl;Col4a1;if;lz;pk;Ppn;rt;tld;tll;hh;mys;htl;babo;Pxn;Rel;Rbf;vkg;Ag5r2;chb;Flo1;Timp;Ndg;Axn;beta4GalNAcTA;Spn55B;AdamTS-B"
"GOBP_MEIOSIS_I_CELL_CYCLE_PROCESS",0.0260405987287267,0.107069527822219,-0.410423545853856,-1.45926141132863,126,65,"aurA;capu;CycB;Hsc70-1;mei-9;okr;sesB;spn-A;spn-D;Prosalpha4;fs(1)h;Cks30A;CycE;Pms2;Wee1;mael;mre11"
"GOBP_NEUROMUSCULAR_PROCESS",0.0260780287474333,0.107069527822219,-0.365608951710019,-1.40247717574079,126,103,"Abl;acj6;nAChRbeta1;Ama;ck;dsh;Galphas;ort;Pu;Itpr;alpha-Cat;Lcch3;Uch;scat;Fkbp12;Nrx-IV;Hr38;Lis-1;homer;RhoGAP1A;Pten;Eaat1"
"GOBP_POSITIVE_REGULATION_OF_INTRACELLULAR_TRANSPORT",0.0260324916813466,0.107069527822219,0.37825591245355,1.41060149161668,132,91,"Pka-C1;Dab;Actn;Hsp83;hyd;pbl;smo;sub;Syb;Cdk1;Ten-m;nSyb;Oda;CaMKI;14-3-3epsilon;Ran;Xbp1;Cbp20;bon;Dlc90F;p38b;mtm;Smox;HDAC3;Cdlc2"
"GOBP_POSITIVE_REGULATION_OF_MITOCHONDRIAL_MEMBRANE_PERMEABILITY",0.0260766495456341,0.107069527822219,0.512425487056199,1.52365115123946,131,29,"eya;Hsp68;porin;Dcp-1;Hsp70Aa;Hsp70Bb;Drice;Spg7;CG14777;Decay;CG14778"
"GOBP_REGULATION_OF_LEUKOCYTE_PROLIFERATION",0.0258468768357157,0.107069527822219,0.40157988494021,1.43693536354746,131,71,"nAChRalpha1;dpp;dlg1;Sos;CG5504;rl;ss;TkR86C;dpn;Rac1;Dcp-1;dock;Pp2B-14D;Ptp69D;Rac2;Pkn;arg;foi;Pli;Mad1;mino"
"GOBP_RETINA_DEVELOPMENT_IN_CAMERA_TYPE_EYE",0.0259158222915043,0.107069527822219,0.371592065687448,1.40217794961136,132,97,"Ace;Dll;brm;Hr3;fj;tj;Galphai;Gbeta13F;ninaB;put;tkv;pros;sv;nuf;jumu;toy;sdk;Bap60;CG4025;Bap55;drpr"
"GOBP_MICROTUBULE_DEPOLYMERIZATION",0.0261982128350934,0.107070553185727,-0.53478119502028,-1.55712733354828,128,25,"aurA;neb;Klp67A;dia;chb;pigs;Klp10A;Tao;Klp31E;cyst;CG2812;CG2765;CG16719"
"GOBP_POSITIVE_REGULATION_OF_CELL_JUNCTION_ASSEMBLY",0.0262035344302255,0.107070553185727,-0.465337941349114,-1.50114385740926,128,40,"Abl;Lar;sax;stau;ct;Wnt2;Sdc;msn;tsr;Nrx-IV;mirr;caup;Acer;siz;Tsc1"
"GOBP_RESPONSE_TO_VIRUS",0.0261627906976744,0.107070553185727,-0.336955490923304,-1.36003387142999,125,150,"mAChR-A;ben;Eno;grn;mle;sta;Su(dx);mys;Calr;TfIIFalpha;pll;Phb2;Dif;Iswi;tsr;Rab2;Rel;abs;Cdk4;mspo;Sin3A;Cbp80;IKKbeta;cindr;Sur;CG3473;Tollo;Vap33;CG12121;Usp7;Set2;CG5445;galectin;CG11374;CG17075;CG3165"
"GOBP_NEGATIVE_REGULATION_OF_ORGANELLE_ORGANIZATION",0.0263212009047913,0.107253425293485,-0.314172690808402,-1.31663255133466,127,198,"Mps1;aurA;CycB;fliI;Hsc70-2;mei-9;qua;rod;sesB;sw;betaTub97EF;kst;Gdi;cdi;alpha-Cat;LamC;dia;cpb;Iswi;Moe;tsr;ctp;Cdc2rk;Rab7;Gcn5;Pi3K21B;chb;robl;Bub3;Eb1;Tnks;Kank;Ercc1;Sec71;GMF;aru;ssh;pigs;nmdyn-D6;HUWE1;CG9784;Tao;CG1812"
"GOBP_POSITIVE_REGULATION_OF_CYTOSKELETON_ORGANIZATION",0.0262887656602999,0.107253425293485,-0.366904416308956,-1.40528506146262,127,102,"Abl;aurA;ena;FER;Hsc70-2;RpS3;Pkc98E;Tm2;TkR99D;cdi;Arl2;128up;Cdc42;Sdc;babo;tsr;Hem;cher;Fak;CLIP-190;chb;Cortactin;Eb1;Amph;Cdk5alpha"
"GOBP_SUBSTRATE_ADHESION_DEPENDENT_CELL_SPREADING",0.0264353572903759,0.107569600481723,-0.422520491012217,-1.46492761597491,127,57,"Abl;FER;fz;if;LanA;sgg;neb;mys;cdi;Calr;Cdc42;cher;NetB;Fak;Pi3K21B;Crk;fz4;Kank"
"GOBP_NEGATIVE_REGULATION_OF_STEM_CELL_POPULATION_MAINTENANCE",0.0265399088928501,0.107845872876747,0.627221505010716,1.58888998584149,133,15,"sv;Wnt4;HDAC1;gbb;Brms1;Sap30;CG14220"
"GOBP_POSITIVE_REGULATION_OF_MEMBRANE_PERMEABILITY",0.026750590086546,0.108552049702922,0.506896819723364,1.51707201679663,135,30,"eya;Hsp68;porin;Dcp-1;Hsp70Aa;Hsp70Bb;Drice;Spg7;CG14777;Decay;CG14778"
"GOBP_MITOCHONDRIAL_MEMBRANE_ORGANIZATION",0.0267892061008995,0.108559014254609,0.384554543008699,1.41630089710994,136,83,"awd;eya;Hsp68;porin;Dcp-1;Chchd3;Hsp70Aa;Hsp70Bb;Tom40;Mitofilin;Drice;Pex5;Spg7;Ant2;CG14777;Tim9b;Tim8;OXA1L;Decay;CG14778;CG14270;Marf;Pink1;CG2076;Tim9a"
"GOBP_ENSHEATHMENT_OF_NEURONS",0.0268534734384121,0.108562743466384,0.374719449347675,1.40241859689698,137,92,"baz;emc;dlg1;ifc;Sos;Raf;Ras85D;rl;Sod1;Ten-m;drk;CanB;Calx;Nf1;eIF2Bepsilon;eIF2Bbeta;mtm;bgm;goe;CG2082;Ilk;Eato"
"GOBP_REGULATION_OF_OSSIFICATION",0.0268639283628577,0.108562743466384,0.433567392584883,1.47173939298557,137,53,"dpp;Actn;in;put;rl;run;so;tkv;usp;N;TkR86C;Wnt5;Calx;Dad;gbb;p38b;Smox;Nipped-B"
"GOBP_RESPONSE_TO_ESTRADIOL",0.0269214960953555,0.108646147479473,-0.41109968806781,-1.45548460592881,130,64,"acj6;arm;Eno;Fbp2;Arpc1;Pgi;svp;Egfr;ptc;Wnt2;Klp67A;TkR99D;hh;elB;Calr;CycD;Spn;l(2)efl"
"GOBP_CALCIUM_ION_TRANSMEMBRANE_IMPORT_INTO_CYTOSOL",0.0270875763747454,0.109049247721261,-0.403579072934589,-1.4547426269211,132,70,"Abl;Cam;csw;Atpalpha;Pkc98E;Plc21C;mys;CanA1;Itpr;Nmdar1;dia;RyR;Nos;Ank;Fkbp12;cher;Fak;CalpB"
"GOBP_POSITIVE_REGULATION_OF_LYMPHOCYTE_DIFFERENTIATION",0.0271325796505653,0.109049247721261,-0.432946766843752,-1.48040403983827,131,53,"Act42A;grn;lz;mor;Pepck1;rb;hh;fs(1)h;Snr1;Hem;Irbp;Bgb;Bro;Shark;Stat92E;tna;Btnd;Bap111;galectin;CG11374"
"GOBP_RESPONSE_TO_OXYGEN_LEVELS",0.0270955165692008,0.109049247721261,0.321935755156258,1.33069231203325,138,188,"nAChRalpha1;nAChRalpha2;Cat;CycA;dpp;Hsp23;Jra;nau;Sh;slo;nAChRbeta2;nonA;N;orb;Shal;ple;SerT;Dcp-1;E2f1;CalpA;Gycalpha99B;Calx;Diap2;Nf1;dod;HDAC1;Pdk;Ork1;AMPKalpha;gbb;Sirt1;Actbeta;CG4025;Smox;Rok;myo;Tak1;Adk3;CG2082;sut2;sut1"
"GOBP_MAINTENANCE_OF_LOCATION",0.0273493728151347,0.109282892590547,-0.367452339146173,-1.39726935493386,132,98,"Abl;asp;Cam;csw;ftz-f1;Hex-C;Atpalpha;Pkc98E;Plc21C;mys;Arl2;Calr;Itpr;dia;RyR;Ank;Cdk5;Fkbp12;cher;Lis-1;Fak"
"GOBP_NEURON_FATE_SPECIFICATION",0.0272296764009471,0.109282892590547,0.582716100837222,1.57601361729135,137,19,"eya;fkh;Lim3;so;tup;Ets65A;Ets21C;fus"
"GOBP_POSITIVE_REGULATION_OF_RESPONSE_TO_WOUNDING",0.0274135876042908,0.109282892590547,0.546034395363993,1.55303165257801,137,24,"Act5C;peb;Raf;pum;Ras85D;croc;Xbp1"
"GOBP_REGULATION_OF_MITOCHONDRIAL_MEMBRANE_PERMEABILITY",0.0273245527816002,0.109282892590547,0.487802406061564,1.51686212133873,138,35,"eya;Hsp68;porin;Dcp-1;Hsp70Aa;Hsp70Bb;Drice;Spg7;Ant2;CG14777;Decay;CG14778"
"GOBP_RESPONSE_TO_FLUID_SHEAR_STRESS",0.0274084679893639,0.109282892590547,-0.493355153272754,-1.52330186038584,133,33,"Abl;Galphas;rut;mts;Ac76E;cora;Mef2;Nos;CASK;Fak;Ac13E;CalpB"
"GOBP_TELOMERE_ORGANIZATION",0.0272840016535759,0.109282892590547,-0.365518816287104,-1.39485567005533,131,100,"arm;aurA;mei-9;Blm;spn-A;spn-D;Pp1-87B;Cdk2;Rrp1;His3.3B;hep;CycE;LamC;Uch-L5;Irbp;CCT3;tos;smid;Smg5;mre11;Fen1;Hus1-like;CCT6;Tnks;Ercc1;NHP2"
"GOBP_REGULATION_OF_MONOATOMIC_ION_TRANSMEMBRANE_TRANSPORT",0.0274746687451286,0.109378180579389,0.343750967637194,1.36071530606843,140,133,"Appl;Pka-C1;dnc;Actn;Gbeta13F;dlg1;Ca-alpha1D;sei;Shaw;sl;Zw;porin;GluRIA;trpl;CanB;Dop1R1;Pp2B-14D;CalpA;Calx;CanB2;nrv2;Ork1;Mo25;14-3-3epsilon;Pdk1;Spg7;goe;CG7601;Fmr1;SK;Atg5;Nep6;Nipsnap;CG4239;ppk28"
"GOBP_REGULATION_OF_DNA_BINDING_TRANSCRIPTION_FACTOR_ACTIVITY",0.0275341627574954,0.10946690112507,-0.389618958515977,-1.43025521522187,134,78,"acj6;ben;exd;FER;fu;Hsc70-2;mle;Pkc98E;rut;bs;Ror;pll;Phb2;cher;Tsf1;Clk;IKKbeta;Sik2;CSN5;Hey;CG3473;Usp7;cactin;galectin;CG11374;LUBEL;Mnn1"
"GOBP_REPRODUCTIVE_BEHAVIOR",0.0278164116828929,0.110439788355022,0.550576103676034,1.55494386443427,139,23,"Appl;put;TkR86C;ple;Ets65A;Ets21C;SerT;Dop1R1;HDAC1;MBD-like"
"GOBP_REGULATION_OF_CHOLESTEROL_BIOSYNTHETIC_PROCESS",0.0279373885476521,0.110770616047429,0.557647955752913,1.55902759798862,140,22,"Pka-C1;Galphai;rl;AMPKalpha;nes;Eato;CG1801;CG31689;CG9663"
"GOBP_ADENYLATE_CYCLASE_INHIBITING_G_PROTEIN_COUPLED_RECEPTOR_SIGNALING_PATHWAY",0.0280095351609058,0.110877125905494,0.544971846416168,1.55000954964384,140,24,"Appl;Pka-C1;Sap-r;Galphai;Galphao;5-HT1A;csul;Lgr1"
"GOBP_INTRACELLULAR_RECEPTOR_SIGNALING_PATHWAY",0.028056522629531,0.110877125905494,-0.313248605957926,-1.31613109025777,136,200,"acj6;aurA;cact;dor;E(z);ftz-f1;Hsc70-2;per;Rm62;sad;Su(dx);Su(var)2-10;svp;tll;mts;Ac76E;Bx42;hop;14-3-3zeta;Calr;PpD3;Taf1;pll;Phb2;Dif;wts;Hr38;Hydr2;Hr78;Hr96;abs;Rga;stumps;CtBP;Clk;IKKbeta;Crk;tna;STUB1;Kank;Hey;CG2930;AlaRS-m;Tollo;Ppt1;CG1785;Tat;HUWE1;MSBP;Rcd-1;Ubqn;CG11710"
"GOBP_REGULATION_OF_LIPID_STORAGE",0.0280773143438454,0.110877125905494,-0.484027986020266,-1.51490198418142,137,35,"cact;if;mys;Jhe;emp;Rel;crq;Past1;Atet;CG4757"
"GOBP_DIGESTIVE_SYSTEM_DEVELOPMENT",0.0281828931809224,0.111144868281868,0.394972591348424,1.42191197349215,142,74,"cad;emc;H2.0;Myb;pnr;put;r;smo;so;yrt;Fur2;N;ci;bap;dpn;Wnt5;Aldh;Ptx1;Xbp1;Smox;Nipped-B;Ass"
"GOBP_NEURON_MIGRATION",0.028261314765513,0.111304937135394,-0.36251051046758,-1.39322905048543,137,104,"arm;asp;grn;svp;Egfr;betaTub85D;bs;unk;mew;C15;alpha-Cat;fra;Mef2;Awh;Cdk5;cher;Hr38;Lis-1;NetB;Fak;Plap;Crk;tna;Lim1;Grip84;Cdk5alpha;kirre"
"GOBP_ALCOHOL_BIOSYNTHETIC_PROCESS",0.0284101965362911,0.111620596205962,0.368330009896476,1.39275885003362,145,98,"Pka-C1;Dab;dpp;Galphai;Got1;pr;rl;sl;Zw;Dhfr;Wnt5;Cyp18a1;l(2)03659;Lgr1;AMPKalpha;gbb;Npc1a;Fpps;nes;l(1)G0196;Eato;Sk1;Mvd;CG1801;CG31689;CG9663"
"GOBP_LIPOPOLYSACCHARIDE_MEDIATED_SIGNALING_PATHWAY",0.0284552845528455,0.111620596205962,-0.513529262008522,-1.53377799836147,139,28,"cact;csw;Pkc98E;sgg;hop;emp;pll;Nos;crq;Tsf1"
"GOBP_POSITIVE_REGULATION_OF_PHOSPHORYLATION",0.0284212575433132,0.111620596205962,0.356937101442254,1.37823162462945,145,112,"dpp;pbl;Raf;put;rl;Ten-m;dpn;Wnt5;Rac1;Sema2a;Sap47;Ptp69D;Rac2;Rho1;sty;dod;Nrk;Abi;Xbp1;Pka-R2;CG32809;Ac78C;Sirt1;Mekk1;Pli;JTBR;HDAC3;Traf4;Tak1;CenG1A;slpr;CDK2AP1;CG1998"
"GOBP_REGULATION_OF_PROTEIN_STABILITY",0.0285548909897743,0.111862169496559,0.305284558862171,1.29367817977544,147,233,"bi;dpp;Dr;emc;Hsp23;Hsp68;Hsp83;CG5504;smo;CCT1;alphaTub85E;Galphaq;Ubc6;Rop;gol;faf;RpL23;Gel;Dcp-1;CCT5;Pfdn2;Cdc37;insc;CalpA;Hsp70Aa;Hsp70Bb;not;Ost48;dod;nrv2;wun;Nlp;Usp47;lok;Dad;Xbp1;CycH;D2hgdh;syd;Sirt1;mtm;Smox;HDAC3;HDAC6;Rad23;Ulp1;Non1;Hrd3;Usp1"
"GOBP_REGULATION_OF_DNA_REPAIR",0.0286425902864259,0.111907703350153,-0.337640408298585,-1.3514819732856,137,141,"Abl;Act42A;ben;capu;e(y)2;Hsf;RpS3;mle;mor;mus301;spn-A;Su(var)2-10;Egfr;Taf5;Taf6;Taf12;Uch-L5;Snr1;mre11;Gcn5;Clk;Pp4-19C;Parg;Hmt4-20;Taf10b;Dek;Axn;CG11403;RecQ5;Ogg1;chm;CG3473;Bap111;Set2;Spt7;Arp8;Ing3;Ubqn"
"GOBP_REGULATION_OF_GLIAL_CELL_DIFFERENTIATION",0.0286386818360141,0.111907703350153,0.500240337330505,1.51016896875145,145,31,"Dll;dpp;emc;Cdk1;Ten-m;N;dpn;Nf1;HDAC1;csul"
"GOBP_ENDOCARDIAL_CUSHION_DEVELOPMENT",0.0288098549572819,0.11241192743279,0.548908212409161,1.55023338522049,144,23,"bi;dpp;Dr;robo2;pnr;tkv;tup;N;gbb;Smox"
"GOBP_CELLULAR_RESPONSE_TO_REACTIVE_OXYGEN_SPECIES",0.0289028706252458,0.112476515052213,0.38305459656974,1.40545325606243,146,82,"bsk;Cat;pbl;pnr;Sod1;Tm1;Dhfr;Cdk1;PCNA;Calx;Ask1;Rho1;p38a;HDAC1;Pdk;AMPKalpha;Pex5;gbb;Sirt1;Mkk4;p38b;HDAC6;Trap1;CenG1A;Pink1;fh;Sk1;ATP7"
"GOBP_NEURON_CELLULAR_HOMEOSTASIS",0.0288971889129153,0.112476515052213,0.484764587735216,1.50741577278963,146,35,"nAChRalpha1;nAChRalpha2;eag;DCTN1-p150;nAChRbeta2;Calx;Vha36-1;AMPKalpha"
"GOBP_POSITIVE_REGULATION_OF_BONE_MINERALIZATION",0.0289484048838125,0.112504897183853,0.535850384924041,1.54199399029592,146,25,"dpp;Actn;put;tkv;usp;Wnt5;Calx;gbb;Smox"
"GOBP_LEUKOCYTE_MIGRATION",0.0292181069958848,0.113253848197487,-0.348675411384887,-1.37121169223264,141,122,"Abl;FER;grn;if;tin;Ptp4E;mew;Plc21C;TkR99D;mys;Calr;Tbh;Cdc42;Srp54k;Moe;Hem;Pxn;Ret;CASK;Pi3K92E;Shark;Stat92E;Fak;fray;Crk;RhoGAP1A;beta4GalNAcTA"
"GOBP_POSITIVE_REGULATION_OF_VASCULATURE_DEVELOPMENT",0.0292000822537528,0.113253848197487,-0.379028639981652,-1.41031450475201,141,85,"Abl;arm;grn;if;lz;pnt;sax;tll;mys;hop;l(2)efl;babo;Mad;Nos;Pi3K92E;Drip;dos;Fak;mbt;nAChRalpha5;Tollo"
"GOBP_FC_RECEPTOR_SIGNALING_PATHWAY",0.029263370332997,0.113280046736417,-0.545505669644834,-1.54394607910899,144,22,"Abl;FER;Pkc98E;hep;Nos;Hr38;Shark;Fak;IKKbeta"
"GOBP_REGULATION_OF_MUSCLE_HYPERTROPHY",0.0293076317859953,0.113302303172665,0.502848003808114,1.50495447119921,148,30,"Jra;pho;Pkc53E;pnr;Zw;N;Pp2B-14D;Smox;Rok;myo"
"GOBP_ACID_SECRETION",0.0293522267206478,0.11332578872985,-0.509149205323065,-1.53494319012055,144,29,"mAChR-A;Mdr49;Mdr65;Jhe;Orct;Ugt37C1;Ugt37A1;CG4757"
"GOBP_ACTIN_MEDIATED_CELL_CONTRACTION",0.0294174946425093,0.113428924296543,0.440396163902222,1.46382311786505,150,48,"dnc;dlg1;Ca-alpha1D;pnr;sei;Sh;Tm1;yrt;up;ex;Mlc-c;Shal;Gel;Scgdelta;Rok"
"GOBP_AMINO_ACID_METABOLIC_PROCESS",0.0294576667967226,0.113435151460678,0.324807761205419,1.33159686578587,150,176,"b;Ddc;EcR;MsrA;Gdh;Got1;kar;pr;r;slgA;Hnf4;Sam-S;Hdc;ple;GluProRS;Nmdmc;l(2)03659;Aldh;Odc1;Odc2;Faa;pug;scu;aay;arg;CG17896;CG17636;Ass;ValRS;TyrRS;ProRS-m;MetRS-m;GlnRS;ArgRS;AlaRS;Aasdh;CG10802;Shmt;CG1440;CG1628;ATP7;CG1492;CG1764;CG1640;Nadsyn;CG4829;Gss1;Ggt-1"
"GOBP_REGULATION_OF_SYNAPTIC_TRANSMISSION_GLUTAMATERGIC",0.029602595296026,0.113844229229946,-0.494870878241393,-1.51923576592024,145,32,"cn;Atpalpha;nmd;Nmdar1;Mef2;Cdk5;mGluR;Fak;unc-13;homer;siz;tio"
"GOBP_POSITIVE_REGULATION_OF_CYTOKINE_PRODUCTION",0.0296741660201707,0.113970491424729,0.328831346320919,1.33346765626596,152,160,"Appl;bsk;dnc;EcR;Hsp68;Hsp83;pnr;Ras85D;sl;Sod1;tkv;tup;Ptp10D;Wnt5;Prosbeta1;Hsp70Aa;Hsp70Bb;not;MAPk-Ak2;Ptp69D;Ddx1;Diap2;p38a;rin;HDAC1;Prosalpha5;fz2;Xbp1;Sirt1;p38b;Kap-alpha1;Pli;Smox;Rok;Tak1;Agpat2;CG18659"
"GOBP_CELL_ACTIVATION_INVOLVED_IN_IMMUNE_RESPONSE",0.0298600960534558,0.114169825262744,-0.335347489714361,-1.3444023347862,142,144,"Abl;csw;FER;grn;Prosbeta6;Pepck1;Pkc98E;trx;ush;tin;fs(1)h;mys;hop;Dif;Snap25;fng;Pms2;Mvl;Hem;Hr38;Pi3K92E;Shark;tos;dos;Stat92E;Cbl;Fak;Pi3K21B;Prosalpha7;Fim;Hmt4-20;RhoGAP1A;Tsc1;Prosbeta3;LysRS;Ercc1;Spt6;Prosbeta5"
"GOBP_DEPHOSPHORYLATION",0.0298812934916087,0.114169825262744,-0.377291178772127,-1.406915432422,145,86,"mAChR-A;by;csw;Lar;flw;Pp1-87B;mts;Ptp99A;Mbs;PpD3;CanA1;Alp4;PTP-ER;Smg5;Ocrl;Sbf;Pten;Ptpmeg2;Dd;ssh"
"GOBP_REGULATION_OF_CHOLESTEROL_METABOLIC_PROCESS",0.0298800864949872,0.114169825262744,0.483091554636846,1.50221333732985,151,35,"Pka-C1;EcR;Galphai;Gbeta13F;rl;AMPKalpha;nes;Eato;CG1801;CG31689;CG9663;Dgat2;CG1946;S2P"
"GOBP_REGULATION_OF_PROTEOLYSIS",0.0298755186721992,0.114169825262744,-0.298865065539395,-1.28268698740799,143,247,"aurA;CkIIbeta;dsh;Eno;Gapdh1;Hsc70-2;Ide;Prosbeta6;lz;mor;Rpn8;neur;pk;sgg;Su(var)2-10;Cdk2;hh;nvy;slbo;pigeon;Taf1;htl;kermit;Uch-L5;tsr;wts;RpL11;Cdk5;Rpt2;Ubc4;Gcn5;Fak;Rack1;Prosbeta2;Prosalpha7;EloB;Ocrl;Sik2;Roc1a;CalpB;Timp;Pten;Prosbeta3;Axn;STUB1;Rpt5;Rpt4;Rpt3;Rpn6;Rpn5;Rpn2;Rpn12;Rpn11;Rpn1;trbl;Spn55B;Smurf;REG;Prosbeta5"
"GOBP_NEGATIVE_REGULATION_OF_NEURON_DIFFERENTIATION",0.0299206187665378,0.114171803386711,-0.446038759010221,-1.46854164571825,146,44,"acj6;asp;dx;exd;hth;sgg;tll;Ser;hh;C15;Calr;mirr;eIF4E1;caup;Optix;Hey;SoxN"
"GOBP_CYTOKINE_MEDIATED_SIGNALING_PATHWAY",0.0302446542092082,0.114885973133396,0.336722874163968,1.34469231843488,156,140,"Pka-C1;cl;EcR;Actn;Galphai;Hsp68;Sos;CG5504;robo2;Raf;Ras85D;rl;Ptp10D;N;Wnt5;Cdc37;Hsp70Aa;Hsp70Bb;not;MAPk-Ak2;Ptp69D;Diap2;stck;JIL-1;arg;Sirt1;p38b;Actbeta;Pli;Tak1;Agpat2;ball;fal;Ilk"
"GOBP_KIDNEY_EPITHELIUM_DEVELOPMENT",0.0303030303030303,0.114885973133396,-0.375957177923565,-1.40415954250999,147,87,"arm;salr;exd;grn;LanA;rk;ptc;Ser;Wnt2;Ptp4E;Cbp53E;hh;sim;htl;Sdc;Mad;Mef2;Ret;mirr;Drip;caup;Orct;promL;Lim1;Kank;cindr;Hey"
"GOBP_NEGATIVE_REGULATION_OF_MITOTIC_CELL_CYCLE",0.0302531385058654,0.114885973133396,-0.345691396009653,-1.3666735223558,146,127,"Abl;Mps1;arm;aurA;CycB;E(z);mus101;Blm;ovo;rod;sax;sw;Cdk2;Xpc;CycD;Wee1;ctp;Rbf;mre11;Nle;robl;Bub3;Pten;Hus1-like;Kank"
"GOBP_REGULATION_OF_MUSCLE_CELL_DIFFERENTIATION",0.0301537248718959,0.114885973133396,0.392708213826252,1.41376015338663,152,74,"dpp;Dr;emc;Actn;pho;nau;Zw;pros;N;heph;lark;p38a;HDAC1;CaMKI;Cdk9;Xbp1;Sirt1;p38b;Bap60;HDAC3;drpr"
"GOBP_RESPONSE_TO_NUTRIENT",0.0302791977978765,0.114885973133396,0.388094949585787,1.40762318513588,153,77,"Ace;Cat;eEF2;tj;Galphai;pnr;usp;Sam-S;SerT;Aldh;CkIalpha;Pdk;Xbp1;gbb;Ass"
"GOBP_REGULATION_OF_MYOBLAST_DIFFERENTIATION",0.030386198784552,0.115053020365704,0.46918860424723,1.49115303418041,154,39,"bi;brm;dpp;emc;nau;N;CalpA;Ask1;Mlp84B;p38b;Bap60;Bap55;Tip60;myo"
"GOBP_NUCLEOBASE_CONTAINING_COMPOUND_CATABOLIC_PROCESS",0.0304405369635092,0.115110616640931,0.281993242026882,1.24652674848864,160,357,"Ald1;Appl;bru1;aub;awd;Pka-C1;SmF;dnc;Actn;Hrb98DE;Hsp68;Ldh;Mtr4;Fib;Pgm1;Pkc53E;pnr;pum;ry;me31B;Pabp2;Dbp45A;Dcp-1;Ref1;pelo;Mlh1;E2f1;Hsp70Aa;Hsp70Bb;MAPk-Ak2;Pglym78;Psi;Nlp;angel;pcm;eRF3;Cbp20;SmD3;AMPKalpha;rnh1;MTPAP;Drep1;p38b;Irp-1A;CG4045;Adar;Rok;NiPp1;IntS4;Pop1;CG3909;CG7139;Pfrx;Dgp-1;CstF64;Cpsf100;fal;RNaseZ;Nab2;Fmr1"
"GOBP_CALCIUM_ION_TRANSPORT",0.0305150631681244,0.115244307882698,0.325785671031247,1.32915647848554,156,167,"nAChRalpha1;nAChRalpha2;AnxB10;Appl;Pka-C1;dnc;Galphai;Ca-alpha1D;Myb;na;Pkc53E;sl;tup;Zw;nAChRbeta2;porin;inaC;trpl;CanB;dpn;Dop1R1;Pp2B-14D;CalpA;Calx;Ptp69D;CanB2;Ork1;14-3-3epsilon;Pdk1;Spg7;Drp1;CG7601;Nckx30C;Fmr1;SK;Atg5;CG2076;CG4239;ppk28;Frq1;Pvf1"
"GOBP_NEGATIVE_REGULATION_OF_INTRACELLULAR_SIGNAL_TRANSDUCTION",0.0308510638297872,0.116315985999475,-0.27691872103903,-1.2344736210378,144,360,"Abl;arm;aurA;ben;cact;csw;dor;Eno;E(z);fz;gro;Hsc70-2;per;sgg;Su(dx);Su(var)2-10;trc;mts;mew;fs(1)h;mys;14-3-3zeta;gig;Calr;PpD3;Itpr;Dsor1;Uch;Taf1;pll;Phb2;Dif;Moe;RnrS;nmo;Nmda1;Fkbp12;Pi3K92E;Lis-1;P5cr;Acer;Rga;Rack1;Pi3K21B;Clk;Sec13;Crk;Roc1a;homer;Tsc1;RhoGAPp190;Pten;STUB1;Dyrk3;Wdr24;Kank;cindr;Hey;Lnk;nAChRalpha5;CG3473;AlaRS-m;trbl;Mkrn1;Rubicon;Ppt1;CG1785;Usp7;HUWE1;CG9784;CG4768;Nprl2;Ubr1;CG8173;Tao;Rcd-1;Ubqn;cactin"
"GOBP_POSITIVE_REGULATION_OF_AXON_EXTENSION",0.0308779011099899,0.116315985999475,-0.542529506193241,-1.53552263615034,152,22,"acj6;bs;Gdi;Lis-1;NetB;wit;Smurf"
"GOBP_REGULATION_OF_CELL_DIVISION",0.0310444078947368,0.116793667552833,-0.366569131565655,-1.39151672450478,150,96,"asp;aurA;Cam;gro;Blm;Pkc98E;ptc;neb;Klp67A;hh;14-3-3zeta;Cdc42;htl;kermit;Nap1;Pi3K59F;Rab11;Khc-73;Gcn5;Rack1;aurB;Roc1a"
"GOBP_REGULATION_OF_LAMELLIPODIUM_ASSEMBLY",0.0310901219992129,0.116816269376353,0.511797838844677,1.5095776230004,157,28,"Hsp83;sn;Gel;Rac1;Arp2;Rac2;Abi;WASp;PlexB;Eph;myo"
"GOBP_B_CELL_ACTIVATION",0.0311858842839557,0.116877543392863,-0.355822415977618,-1.38089620205212,151,111,"Abl;nAChRbeta1;csw;E(z);Catsup;sesB;tin;mys;Su(H);hop;Psc;Phb2;fng;Mef2;Pms2;Hem;Pi3K92E;Shark;tos;Stat92E;Fak;Pi3K21B;chico;Hmt4-20;cindr;Ercc1;Vha100-3;Vha100-2;Vha100-1;Spt6;onecut"
"GOBP_REGULATION_OF_CELL_ADHESION_MEDIATED_BY_INTEGRIN",0.0311545510079414,0.116877543392863,-0.578303339439386,-1.55299660318205,152,18,"csw;mys;Hem;Ret;Shark;Fak;Crk"
"GOBP_FERROPTOSIS",0.0315553745928339,0.118111847394551,-0.519325318172772,-1.52455598101047,154,26,"Catsup;mnd;Pepck1;ref(2)P;CG11899;ATPCL;Gcn5;Smurf;Fer3HCH;galectin;CG11374;Lamp1;CG14591"
"GOBP_NEGATIVE_REGULATION_OF_CELL_CELL_ADHESION",0.0317103109656301,0.118540959162495,-0.379986531776548,-1.41040519130471,154,83,"Abl;csw;dx;Prosbeta6;lz;Su(dx);Egfr;Ser;hh;elB;hop;Dsor1;Sdc;Bgb;Bro;Stat92E;Cbl;Fak;Prosalpha7;Prosbeta3;Lnk;Prosbeta5;AdamTS-B"
"GOBP_MONOATOMIC_ION_HOMEOSTASIS",0.0318068595516382,0.118600482637414,0.285497533891002,1.24965928416279,165,325,"AnxB10;Appl;car;Pka-C1;dnc;dpp;eag;kel;Ca-alpha1D;Pkc53E;put;r;rl;sei;Sh;sl;slo;Sod1;inaC;trpl;Wnt5;ATPsynbeta;l(2)03659;Dop1R1;CalpA;Cyp6a8;Cyp6a22;Calx;Ptp69D;gcm;Mlp84B;Diap2;Cyp6a17;nrv2;CG5989;Pdk;Ork1;Mitofilin;14-3-3epsilon;Pdk1;KrT95D;Vha36-1;CG3740;Ac78C;gbb;foi;Irp-1A;Scgdelta;SkpA;goe;CG6230;CG7601;VhaSFD;VhaPPA1-1;VhaM9.7-b;Rh50;Nhe3;Nckx30C"
"GOBP_MYOFIBRIL_ASSEMBLY",0.0318056104306598,0.118600482637414,0.517040513379038,1.51229703593615,160,27,"Act5C;Actn;Pgm1;sqh;Tm1;up;pros;CalpA;Mlp84B"
"GOBP_MAMMARY_GLAND_DEVELOPMENT",0.0319294809010774,0.118907003558189,0.400721774984579,1.420436323523,162,68,"awd;bi;dpp;Dr;emc;robo2;peb;r;rl;ry;smo;N;ci;noc;Wnt5;CalpA"
"GOBP_BICELLULAR_TIGHT_JUNCTION_ASSEMBLY",0.0319825188716726,0.118953945032188,0.536286501395873,1.52530668139121,160,24,"baz;Pka-C1;dlg1;pbl;Rac1;Rac2;fz2;Eph;Rok"
"GOBP_PLASMA_MEMBRANE_ORGANIZATION",0.0322328579800742,0.119733671941134,0.360072893021458,1.37915035286307,164,106,"tj;ifc;Sod1;Syt1;porin;LysP;LysS;LysX;Rab3;trpl;Gel;CG10939;Syx1A;Ptp69D;Mlp84B;Ag5r;Drice;HDAC3;CG5498;CG2082;Syt4;Ilk"
"GOBP_SYNAPTIC_VESICLE_LOCALIZATION",0.0323821088848411,0.120136398914505,-0.471697366996264,-1.48738574075375,159,36,"arm;cm;or;rb;shi;Syn;Cdk5;CtBP;Torsin;Pten;htt;sut3;BORCS5"
"GOBP_CELLULAR_RESPIRATION",0.0327837423312883,0.121016022507717,0.308897875294456,1.30038624745815,170,217,"Ald1;Appl;Cat;Pka-C1;Actn;Idh;Ldh;Mybbp1A;Pgm1;pum;Cdk1;mAcon1;ATPsynbeta;ATPsynG;fbl;ND-SGDH;Rho1;Pglym78;cype;spel1;ATPsynD;Pdk;ND-75;ND-23;COX5A;ND-42;ATPsyngamma;RFeSP;AMPKalpha;Irp-1A;BCL7-like;Adk3;Trap1;OXA1L;Pfrx;Pdha;aralar1;Surf1;ScsbetaG;CG7024;Shmt;Marf;ND-ASHI;Pink1;Pdp;fh;CG2076;ATP7;ND-20;UQCR-14;ND-24;ND-18;COX6B"
"GOBP_CYTOKINETIC_PROCESS",0.0327579442918792,0.121016022507717,0.493295841952037,1.489204323077,166,31,"AnxB9;pbl;polo;spir;sub;nuf;Rho1;CG5498;CG15602;CG3632"
"GOBP_NEGATIVE_REGULATION_OF_DNA_METABOLIC_PROCESS",0.0326864147088866,0.121016022507717,-0.395970986553703,-1.43024864499442,159,71,"Abl;dup;Hsf;RpS3;mei-9;Blm;dac;ctp;Set;Ssb-c31a;mre11;EloB;Roc1a;RecQ5;Tnks;Ogg1;Drep4;Drep3;Ercc1"
"GOBP_REGULATION_OF_PROTEIN_UBIQUITINATION",0.032719836400818,0.121016022507717,-0.345402311190827,-1.36140473537334,159,124,"Abl;arm;ben;Hsc70-2;RpS3;per;pk;Pkc98E;ref(2)P;sgg;sina;RpS2;U2af50;Psc;Taf1;babo;Cdk5;Set;Vps28;Plap;Roc1a;gus;Ubc10;Axn;STUB1;Nulp1;CG3473;trbl"
"GOBP_CELLULAR_RESPONSE_TO_FATTY_ACID",0.0331744139849027,0.121846599180504,0.534353940500286,1.51981008947894,166,24,"EcR;emc;Jra;r;dpn;E2f1;Pdk;Ork1;Bap60;Ass"
"GOBP_MEMBRANELESS_ORGANELLE_ASSEMBLY",0.0331417624521073,0.121846599180504,0.299888300846686,1.2825553179166,172,253,"Act5C;BicD;bsk;Actn;fzy;Hsp68;dco;Myb;ncd;Pgm1;polo;pum;sn;sqh;Tm1;up;nonA;Syt1;Klp61F;RpS14a;me31B;pros;wapl;Gel;Cds;Sas-4;Klp3A;Mlh1;pav;CalpA;Hsp70Aa;Hsp70Bb;Rho1;Mlp84B;mbc;rin;Nlp;Rca1;lok;AMPKalpha;mEFTu1;RpL10;HDAC3;eIF5B;SAK;Pisd;Six4;CG5498;Fmr1;Atg5;Nek2;CG15365;Aladin;sofe;Rab40;CG1662;Ndc80;jub"
"GOBP_REGULATION_OF_FILOPODIUM_ASSEMBLY",0.033130081300813,0.121846599180504,-0.509045099197484,-1.52038497332967,162,28,"neur;ninaC;stau;bs;Cdc42;babo;Pi3K21B;CRMP;DAAM"
"GOBP_REGULATION_OF_RECEPTOR_LOCALIZATION_TO_SYNAPSE",0.0331031681559708,0.121846599180504,-0.523171047878146,-1.52332196112705,162,25,"Rap1;mys;Dsor1;cora;Moe;Vps26;siz;Klp10A"
"GOBP_SKELETAL_MUSCLE_CELL_DIFFERENTIATION",0.0335173501577287,0.122952673521244,0.453542074933006,1.46915000931646,169,43,"eEF2;nau;so;N;sv;MED20;alien;mof;Pdp1;cyc;Eph;myo;Hmg-2;Six4;drpr;Atf3"
"GOBP_SULFUR_COMPOUND_CATABOLIC_PROCESS",0.0336481700118064,0.12327884953267,0.50760501934354,1.49721065695286,170,28,"awd;b;Sam-S;CG17636;ScsbetaG;CG1440;CG1492;CG4829;Ggt-1;Cbs"
"GOBP_CHEMICAL_SYNAPTIC_TRANSMISSION_POSTSYNAPTIC",0.03390815733385,0.123644646154552,0.412768026374473,1.42658595200617,174,58,"nAChRalpha1;nAChRalpha2;Appl;dlg1;nAChRbeta2;Syt1;GluRIA;N;Pp2B-14D;Syx1A;Calx;Ork1;GluClalpha;mtm"
"GOBP_ENDOTHELIAL_CELL_PROLIFERATION",0.033931741960939,0.123644646154552,0.387292667707952,1.39746660211856,171,75,"cv-2;Pka-C3;dpp;Jra;dlg1;Pkc53E;Ras85D;sl;pros;Wnt5;Aldh;Nf1;Pdk1;Xbp1;gbb;Sirt1;PlexB;Eph;SPARC"
"GOBP_NEGATIVE_REGULATION_OF_PHOSPHORYLATION",0.0340842311459354,0.123644646154552,0.397592960576922,1.40934563189694,173,68,"Acph-1;baz;crp;smo;Ptp10D;Ptp69D;Nlp;loco;Vps25;CG32809;Sirt1;Taf7;Actbeta;Adar"
"GOBP_POSITIVE_REGULATION_OF_PROTEIN_LOCALIZATION_TO_NUCLEUS",0.0340491390984717,0.123644646154552,0.4112961696118,1.43071853782556,175,60,"dpp;Hsp83;hyd;pbl;polo;smo;CCT1;Cdk1;CCT5;Nlp;Ran;Xbp1;bon;p38b;Smox;HDAC3;msk"
"GOBP_POSITIVE_REGULATION_OF_SYNAPTIC_TRANSMISSION",0.0338154808444097,0.123644646154552,0.374046211474127,1.38553796588736,172,86,"Appl;Khc;dlg1;na;Raf;Pkc53E;rl;Syb;tsh;Syt1;Rop;GluRIA;TkR86C;Dop1R1;Pp2B-14D;nSyb;Syx1A;Calx;Nf1;Gcn2;loco;Ac78C"
"GOBP_REGULATION_OF_AUTOPHAGY",0.0339654094603042,0.123644646154552,-0.301589363200772,-1.28048630525001,162,226,"Abl;eEF1alpha2;Gapdh1;lace;mei-9;mnd;ref(2)P;sesB;sgg;trc;gig;Vha55;Itpr;Dsor1;Uch;poe;Cdk5;Vps26;eIF4E1;Pi3K59F;Pi3K92E;Cul1;snRNP-U1-70K;Pi3K21B;eIF4G1;Oamb;rush;Roc1a;Paf-AHalpha;Cortactin;Tsc1;STUB1;Cdk5alpha;Madm;Wdr24;htt;Vha100-3;Vha100-2;Vha100-1;Rpn11;trbl;Usp30;raptor;Rubicon;Set2;HUWE1;wcy;Atg101;Ubqn;CG1812;Tspo;CG4230;LUBEL;Snx6;Vha100-5;CycY;Atf6;Vps13;RagC-D;Sting;CG12384;CG9003;EndoG;wash;DJ-1alpha;CG13016;Usp20-33;CG8155;zda;EndoB;CG11200"
"GOBP_REGULATION_OF_TRANSMISSION_OF_NERVE_IMPULSE",0.0339384372533544,0.123644646154552,0.568702841154742,1.53811336354773,171,19,"nAChRalpha1;nAChRalpha2;na;nAChRbeta2;GluClalpha;moody;Fmr1"
"GOBP_VASCULAR_PROCESS_IN_CIRCULATORY_SYSTEM",0.0340442986054143,0.123644646154552,-0.317753444942146,-1.31125775710445,165,176,"Abl;csw;Cyp6a2;mnd;Atpalpha;per;w;Mdr49;zfh1;TkR99D;mys;Dsor1;Tbh;emp;Nos;Cyp6a9;Cyp9c1;nrv1;crq;Acer;dos;CG2187;Orct;Gcn5;vimar;Mct1;wit;PRL-1;Oamb;CNT2;RhoGAP1A;RhoGAPp190;Eaat2;Eaat1;STUB1;CG2930;sut3;Sur;Cyp28a5;sotv;Grip"
"GOBP_INTRA_GOLGI_VESICLE_MEDIATED_TRANSPORT",0.0343216896831844,0.124352722965429,-0.521774305179722,-1.51925505254107,168,25,"comt;ct;betaCOP;Rab6;beta'COP;Cog2;gammaSnap1;gammaCOP"
"GOBP_DNA_REPLICATION",0.0345040049291436,0.124835133749403,-0.310912240169866,-1.29985058216194,167,194,"ben;dup;dre4;mle;mus101;Blm;rec;sax;spn-A;spn-D;Egfr;Cdk2;Top1;Orc3;dac;Ssrp;CycE;mtSSB;Uch-L5;Iswi;RnrL;RnrS;Wee1;ctp;Mcm2;Set;Nap1;Orc2;tos;SMC3;dpa;mre11;Mcm7;Pur-alpha;Sin3A;EloB;CG14803;CG2701;Roc1a;Mcm6;Fen1;CG11403;RecQ5;Acf;chm;RfC38;CG3473"
"GOBP_NUTRIENT_STORAGE",0.0345536816125051,0.124835133749403,-0.403477623700526,-1.42235394334876,167,62,"cact;gro;if;mys;Jhe;Lac;emp;babo;Rel;crq;Past1;Stat92E;Atet;Lip3;CG4757"
"GOBP_POSITIVE_REGULATION_OF_MAPK_CASCADE",0.0345821325648415,0.124835133749403,-0.326300116735671,-1.32718079663525,167,158,"Abl;arm;csw;dsh;E(z);fz;Pkc98E;Egfr;Wnt2;Plc21C;Rap1;mys;hop;Dsor1;hep;Cdc42;htl;Phb2;msn;Mef2;Ret;Cdc2rk;Hr78;Shark;Shc;drl;ksr;Nelf-E;sfl;Fak;fray;Crk;Oamb;Axn;nAChRalpha5;Tollo;SoxN"
"GOBP_CALCIUM_MEDIATED_SIGNALING",0.0346524502768095,0.124935672444085,-0.367148410669294,-1.3864365712447,168,93,"mAChR-A;Cam;ftz-f1;Atpalpha;sgg;Egfr;CanA1;Itpr;Lac;Nmdar1;Spn;RyR;Nos;Ank;Nca;Fkbp12;Shark;ksr;nrv1;dimm;homer;Dyrk3;htt"
"GOBP_CELLULAR_RESPONSE_TO_OSMOTIC_STRESS",0.0347966821768157,0.124969268957138,-0.450822826675543,-1.46348676469176,171,41,"Atpalpha;Dif;Irbp;nmo;Drip;fray;CalpB;sut3;Spn27A;raptor;NFAT;Tspo;MICU1;Swip-1;cyst;Vps13;Prip;Eglp2;Eglp3"
"GOBP_EPIDERMAL_CELL_DIFFERENTIATION",0.0348316793150418,0.124969268957138,0.367957473581226,1.37711134214107,178,92,"awd;Dll;dpp;Dr;tj;Grd;in;osp;Sod1;N;ci;dpn;Wnt5;Rac1;Dcp-1;CG10939;Pp2B-14D;Rac2;HDAC1;sktl;toy;Ptx1;fus;Eph;Rok"
"GOBP_POSITIVE_REGULATION_OF_POTASSIUM_ION_TRANSPORT",0.0347963621984974,0.124969268957138,0.560009068725542,1.5335273184519,175,20,"Actn;Khc;dlg1;sei;Shaw;Dop1R1;nrv2"
"GOBP_REGULATION_OF_VASOCONSTRICTION",0.0348056177488296,0.124969268957138,-0.441115399512796,-1.45233193677983,170,44,"Abl;Cyp6a2;Atpalpha;per;TkR99D;mys;Dsor1;Tbh;Cyp6a9;Cyp9c1;Acer;wit;Oamb;STUB1;Cyp28a5"
"GOBP_NEGATIVE_REGULATION_OF_CELL_CYCLE_PROCESS",0.0349534643226474,0.125101085203441,-0.318608256288005,-1.30942253329299,168,171,"Mps1;aurA;csw;CycB;E(z);dup;mus101;Blm;ovo;rod;sax;spn-A;sw;trc;Cdk2;fs(1)h;Xpc;CycD;Iswi;Wee1;ctp;Cul1;Rbf;mre11;Gcn5;Clk;robl;Bub3;Roc1a;Nsun2;Pten;Hus1-like;Tnks;Kank;RfC38;SoxN"
"GOBP_NUCLEAR_EXPORT",0.0349147668925857,0.125101085203441,-0.349643886272674,-1.3618384613157,169,115,"csw;e(y)2;Hsc70-5;mago;mle;sbr;sgg;14-3-3zeta;Calr;lwr;e(r);La;Cdk5;eIF4E1;Smg5;drongo;Nup154;Cbp80;qkr58E-2;Nmd3;Dbp80;Nsun2;mbo;LTV1;Nup93-1;nito;Ythdc1;Nxt1;Smurf;Upf2;Set2;CG9915"
"GOBP_RESPONSE_TO_INSULIN",0.0352242473889003,0.125917054457041,-0.321585266076213,-1.31761055608351,171,165,"acj6;adp;by;csw;FER;Hex-C;Ide;mor;or;Pepck1;sgg;sr;B52;14-3-3zeta;gig;Myo61F;Dsor1;Hmgs;babo;Shc;Rbf;dos;Orct;Gcn5;Pi3K21B;Alas;chico;Neos;Sik2;Roc1a;Tsc1;Kank;cindr;sut3;Sur;Lnk;trbl"
"GOBP_RESPONSE_TO_AXON_INJURY",0.0353843129545901,0.126335738728646,0.475682756861565,1.47917506492624,179,35,"Jra;Raf;pum;sl;Sod1;tup;Dhfr;Cdk1;Ork1;syd;Rtca"
"GOBP_NUCLEAR_RECEPTOR_MEDIATED_SIGNALING_PATHWAY",0.0354290395248822,0.126342102160247,-0.35517220891613,-1.3650259098661,172,104,"acj6;dor;E(z);per;Rm62;sad;Su(var)2-10;tll;Bx42;hop;14-3-3zeta;Calr;PpD3;Taf1;Phb2;wts;Hr38;Hydr2;Hr78;Hr96;Rga;CtBP;Clk;Crk;tna;STUB1;Kank;Hey"
"GOBP_BRAIN_MORPHOGENESIS",0.0355652692231274,0.126377075939914,0.536872214717819,1.51624117117862,178,23,"Sos;smo;alphaTub85E;sv;Wnt5;SerT;Nf1"
"GOBP_MUSCLE_CELL_CELLULAR_HOMEOSTASIS",0.0355529365547044,0.126377075939914,0.575906739782468,1.53705878700074,180,18,"nAChRalpha1;nAChRalpha2;Ald1;Sod1;nAChRbeta2;CalpA;Scgdelta;mtm;myo"
"GOBP_NEURON_PROJECTION_GUIDANCE",0.0355677154582763,0.126377075939914,0.364675051719255,1.36892148388358,181,94,"Appl;Dll;Khc;Sos;Lim3;robo2;smo;tkv;tup;Ptp10D;slp2;N;ci;Wnt5;Rac1;tutl;Sema1a;Sema2a;Rac2;unpg;toy;JIL-1;gbb;stan;PlexB;PlexA;Eph"
"GOBP_NERVE_DEVELOPMENT",0.0358185711504769,0.126961730511691,0.422630136289448,1.4346130056777,183,53,"nAChRalpha1;tj;Grd;Pkc53E;Sh;Shaw;so;tup;sv;dpn;Sema2a;tap;PlexB;PlexA;Eph;Adar;Six4;Ilk"
"GOBP_NEURAL_TUBE_PATTERNING",0.0357848952155002,0.126961730511691,0.557044423041952,1.52540894073408,180,20,"dpp;en;fkh;smo;dpn;Ssdp;unpg;toy"
"GOBP_CARDIAC_VENTRICLE_DEVELOPMENT",0.0358691367757194,0.126987966779984,0.387888674247028,1.39640968101329,181,74,"bi;dpp;emc;robo2;pnr;tkv;Tm1;tup;up;pros;N;Mlc-c;Su(fu);sv;dpn;Wnt5;AP-1-2beta;croc;Ork1;Dad;Ptx1;Bap60;Gmap"
"GOBP_DENDRITIC_SPINE_DEVELOPMENT",0.0359355638166047,0.127070226861119,-0.413725588983132,-1.43443466915631,173,57,"Lar;dsh;neur;stau;ct;Wnt2;Cdc42;Mef2;tsr;Cdk5;Lis-1;mbt;siz;Pten;Eb1;Cdk5alpha"
"GOBP_APOPTOTIC_SIGNALING_PATHWAY",0.0360706062931696,0.127089489478449,0.28874249200231,1.25067809031305,187,292,"AnxB10;Appl;bsk;eya;dpp;Dr;Galphai;Hsp68;Mybbp1A;Raf;Pkc53E;pnr;Ras85D;slgA;Sod1;tkv;wbl;nonA;porin;CrebA;Xpac;scrt;Wnt5;Dcp-1;dock;CG10939;Mlh1;E2f1;BRWD3;Hsp70Aa;Hsp70Bb;Ask1;Ptp69D;Su(Tpl);Diap2;Nf1;spel1;HDAC1;Usp47;Pdk;lok;Drice;Pdk1;Xbp1;gbb;Sirt1;Mkk4;Actbeta;Pli;Smox;Rad9;Eph;Trap1;CG14777;GlnRS;Decay;Atf3;CG14778;Coa8;CG11700;Pink1;fh;CG2076;ATP7"
"GOBP_INORGANIC_ION_IMPORT_ACROSS_PLASMA_MEMBRANE",0.0360413013832067,0.127089489478449,0.434487050915353,1.44418194724355,184,48,"dlg1;Ca-alpha1D;sei;CanB;Pp2B-14D;Calx;CanB2;nrv2;Ork1;foi;Nhe3;Nckx30C;SK"
"GOBP_POSITIVE_REGULATION_OF_CHEMOTAXIS",0.0360236220472441,0.127089489478449,0.453437956759823,1.46101141587875,182,42,"Appl;rl;Ptp10D;Wnt5;Rac1;Syx1A;Rac2;CaMKI;Smox;myo;Drp1"
"GOBP_DIGESTIVE_TRACT_MORPHOGENESIS",0.0366285939346199,0.128609115972575,0.52251457785981,1.5036181023105,185,25,"emc;H2.0;pnr;put;so;yrt;N;ci;Wnt5;Ptx1;Smox;Nipped-B"
"GOBP_REGULATION_OF_NEURON_APOPTOTIC_PROCESS",0.0366330520683268,0.128609115972575,-0.341030868432266,-1.34824836131984,177,127,"Abl;acj6;arm;fz;grn;sgg;sr;Egfr;Csp;Ptp99A;neb;hop;fd96Cb;hep;CycD;scat;Mef2;Nos;Nmda1;mtd;Cdk5;Hr38;Set;P5cr;Fak;Srpk79D;Dronc;Eaat1;Cdk5alpha;Madm;cindr"
"GOBP_RESPONSE_TO_NICOTINE",0.0365514501390544,0.128609115972575,0.529753355565723,1.50672510053976,183,24,"nAChRalpha1;nAChRalpha2;Dr;Galphai;rl;nAChRbeta2;TkR86C;Dcp-1;HDAC1"
"GOBP_ACTIN_FILAMENT_BASED_MOVEMENT",0.0368145708196086,0.129092332957436,0.410015338664226,1.41707226546366,189,58,"dnc;Actn;dlg1;Ca-alpha1D;pnr;sei;Sh;Tm1;yrt;up;ex;Mlc-c;Shal;Gel;WASp;Scgdelta;Rok"
"GOBP_SPECIFICATION_OF_ANIMAL_ORGAN_IDENTITY",0.0371243370654095,0.130023571007661,0.573534701332713,1.53072796589648,188,18,"dpp;robo2;pnr;so;tup;sv;Wnt5;sty;Bap60"
"GOBP_SINGLE_FERTILIZATION",0.0371804802478699,0.130065366098969,0.357498044289496,1.35809098373019,191,100,"Ald1;Hsp68;CCT1;Cdk1;Syt1;porin;LysP;LysS;LysX;Fur1;Rop;ash1;Rab3;CanB;CCT5;Hsp70Aa;Hsp70Bb;Syx1A;Ag5r;CanB2;Nlp;Ac3;GluClalpha"
"GOBP_POSITIVE_REGULATION_OF_MOLECULAR_FUNCTION",0.0373521477484955,0.130071780212428,-0.298710431131415,-1.27243934163739,179,231,"acj6;ben;eEF1alpha2;E(z);FER;Galphas;grn;Hsc70-2;Ide;mle;Pkc98E;Pu;rut;sgg;Egfr;bs;neb;mew;Rap1;mys;hop;RpS2;TfIIB;Psc;Dsor1;htl;Ror;mtSSB;pll;Phb2;Rbf;smid;ko;Fak;Rack1;Tsf1;Clk;IKKbeta;RSG7;unc-119;RhoGAP1A;Rlip;Tsc1;CG11403;CSN5"
"GOBP_POSITIVE_REGULATION_OF_PROTEIN_CONTAINING_COMPLEX_ASSEMBLY",0.0372682926829268,0.130071780212428,0.364644246274674,1.36649981427858,190,93,"bsk;EcR;DCTN1-p150;Hsp68;Hsp83;dlg1;rst;sl;sn;mei-41;Ten-m;Rop;drk;Rac1;dock;HLH3B;Hsp70Aa;Hsp70Bb;Rac2;Rho1;sns;HDAC6;wdb;Cand1;msps"
"GOBP_REGULATION_OF_HEART_RATE",0.0373256767842494,0.130071780212428,-0.436336439160183,-1.4468212626693,181,46,"arm;Cam;Gpdh1;Pu;Tm2;TkR99D;alpha-Cat;RyR;Ank;Fkbp12;Acer;Oamb;Eaat1;Amph;Hey"
"GOBP_SENSORY_PERCEPTION_OF_PAIN",0.0373591618897015,0.130071780212428,0.454779308476718,1.45668687461417,188,41,"Acph-1;nAChRalpha1;nAChRalpha2;rl;Sh;nAChRbeta2;Shal;Mgstl;Eph"
"GOBP_NEPHRON_EPITHELIUM_DEVELOPMENT",0.0374745417515275,0.130165409484054,-0.388363061998847,-1.40750524185257,183,72,"arm;salr;exd;grn;LanA;rk;ptc;Ser;Wnt2;Ptp4E;Cbp53E;hh;Mef2;mirr;Drip;caup;Orct;promL;Lim1;cindr;Hey"
"GOBP_REGULATION_OF_CALCIUM_MEDIATED_SIGNALING",0.037456106125634,0.130165409484054,0.436532113841562,1.43779262381281,191,46,"Appl;Pka-C1;Actn;sl;Ptp10D;CanB;heph;Pp2B-14D;Calx;Ptp69D;CanB2;Pdk"
"GOBP_REGULATION_OF_BODY_FLUID_LEVELS",0.0376479720551135,0.130613601162906,0.31331928670701,1.29701406551653,193,189,"Act5C;awd;Pka-C1;cta;EcR;fkh;Actn;for;Galphai;Pkc53E;r;ry;sl;sqh;Syb;Ptp10D;RasGAP1;Galphaq;Rop;Hnf4;Ets65A;Ets21C;SerT;l(2)03659;Pp2B-14D;nSyb;Mlp84B;tap;Xbp1;Pka-R2;Ac3;Ac78C;WASp;stan;p38b;Rab27;alphaCOP;Adk3;drpr;Ilk;Usf;SK;Tsp5D;Atg5"
"GOBP_MYELOID_CELL_HOMEOSTASIS",0.0377247849882721,0.130725933375143,0.3478520631721,1.34486490371017,192,114,"dnc;dpp;emc;tj;Hsp68;l(3)mbt;Myb;put;Sod1;Zw;RpS14a;RpS17;Rac1;Dcp-1;heph;HLH3B;Hsp70Aa;Hsp70Bb;Chi;Rac2;p38a;pug;CG3156;p38b;Actbeta;Irp-1A;HDAC6"
"GOBP_CELL_SURFACE_RECEPTOR_SIGNALING_PATHWAY_VIA_STAT",0.0378312765527008,0.130786857365506,-0.447354818563651,-1.4522287190222,186,41,"Cam;Lar;FER;Su(var)2-10;Egfr;hop;htl;nmo;Stat92E;Fak"
"GOBP_OLEFINIC_COMPOUND_BIOSYNTHETIC_PROCESS",0.0378292731233908,0.130786857365506,0.608941551175438,1.5425828433751,190,15,"Dab;dpp;Wnt5;gbb;Actbeta"
"GOBP_NEGATIVE_REGULATION_OF_EXTRINSIC_APOPTOTIC_SIGNALING_PATHWAY",0.0379954816184021,0.131200360236313,-0.427079061306575,-1.43258622269949,184,49,"grn;Hsc70-2;if;sax;sgg;sina;mew;alpha-Cat;LamC;Dif;babo;Nos;Nmda1;mbt;Cortactin;htt;REG"
"GOBP_SOMITOGENESIS",0.0382341348048877,0.131869665411465,0.465834962608566,1.46282871478549,193,37,"cad;kto;nau;tkv;yrt;N;Wnt5;byn;croc;Abi;PlexA;Smox;Taf10;dmrt11E;Xrcc2"
"GOBP_NEGATIVE_REGULATION_OF_REACTIVE_OXYGEN_SPECIES_METABOLIC_PROCESS",0.038370720188902,0.13203117987807,0.502457529098308,1.4820278337773,194,28,"Zw;porin;sv;Rho1;HDAC6;Trap1;CG14777;CG14778;Pink1;ND-B14.5B"
"GOBP_REGULATION_OF_B_CELL_PROLIFERATION",0.0383323453862873,0.13203117987807,0.582410997594813,1.52595645032232,193,17,"nAChRalpha1;ss;Dcp-1;Ptp69D;Pkn;foi;Pli"
"GOBP_AXO_DENDRITIC_TRANSPORT",0.0385658914728682,0.132238756075965,0.411040416839166,1.41653752335126,198,57,"Appl;g;DCTN1-p150;Khc;dlg1;Sod1;nonA;Klp64D;Klp3A;shot;syd;Spg7;Rab27;HDAC6;Kap3;Atg5"
"GOBP_MORPHOGENESIS_OF_AN_EPITHELIAL_SHEET",0.0385635584574577,0.132238756075965,-0.457646360621879,-1.4640398699672,188,39,"dsh;if;sax;bs;Ser;Wnt2;mys;cher;Vang;chb;Fim;Torsin;RhoGAPp190;Pten"
"GOBP_RESPONSE_TO_HEAT",0.0385220125786164,0.132238756075965,0.392480130398246,1.39544637752208,195,69,"Pka-C1;Hsp23;Hsp67Ba;Hsp68;Hsp83;CG5504;Sod1;mei-41;Hsp70Aa;Hsp70Bb;MAPk-Ak2;Nf1;HDAC1;14-3-3epsilon;eIF2Bepsilon;Sirt1;eIF2Bbeta;HDAC6"
"GOBP_REGULATION_OF_INTRACELLULAR_TRANSPORT",0.038677238445175,0.132466164733067,0.31846457662355,1.30389839597246,199,172,"Pka-C1;Dab;dpp;Actn;Hsp23;Hsp83;hyd;pbl;rl;RanGAP;smo;sub;Syb;Cdk1;Ten-m;Su(fu);Nup214;lark;nSyb;nuf;Oda;Hel25E;Nf1;Rme-8;CaMKI;14-3-3epsilon;Ran;emb;Xbp1;Cbp20;bon;Dlc90F;p38b;mtm;Smox;HDAC3;Cdlc2;CG2082;Eato;robl22E;PGAP1;GIIIspla2;Aladin;Dlic;CG5877;CG3632"
"GOBP_POSITIVE_REGULATION_OF_PROTEIN_LOCALIZATION_TO_PLASMA_MEMBRANE",0.0389294403892944,0.133017159194906,-0.480376883825999,-1.47473972528603,191,32,"Pkc98E;ref(2)P;Egfr;mew;mys;Spn;Moe;Rab11;Rack1;Pi3K21B;Fim;Ptpmeg2"
"GOBP_REGULATION_OF_PROTEIN_SECRETION",0.0389135041417839,0.133017159194906,0.326751915426051,1.31470053528746,201,148,"Ace;Ald1;Pka-C1;EcR;fkh;Gdh;Galphai;Galphao;Pkc53E;Sh;tup;wbl;Hnf4;Rac1;Syx1A;nuf;Rac2;Ork1;Rfx;Osbp;cyc;Ac78C;gbb;Actbeta;moody;Mhcl;Drp1;Rip11;Pfrx;sut2;sut1"
"GOBP_SPERM_EGG_RECOGNITION",0.0389737563650607,0.133017159194906,0.475861229374782,1.47018450008532,198,34,"Ald1;Hsp68;CCT1;porin;LysP;LysS;LysX;Fur1;CCT5;Hsp70Aa;Hsp70Bb"
"GOBP_NEURAL_PRECURSOR_CELL_PROLIFERATION",0.0392761669751182,0.133738985232405,-0.365400480062152,-1.37741076092924,190,92,"arm;asp;grn;hook;numb;tll;Wnt2;Ptp99A;neb;zfh1;hh;elB;Orc3;alpha-Cat;htl;Gug;cher;Nap1;drl;otp;Lis-1"
"GOBP_NEUROINFLAMMATORY_RESPONSE",0.0392504930966469,0.133738985232405,0.482318216356393,1.46601119490903,198,32,"Appl;Galphai;Jra;rl;sl;smo;Ptp69D;Ac78C;Syt4;Sk1"
"GOBP_NEGATIVE_REGULATION_OF_CATABOLIC_PROCESS",0.0393258426966292,0.133753328570501,-0.296811861922693,-1.26455350217702,188,232,"capu;CkIIbeta;mle;mnd;mor;Egfr;trc;mts;Hrb87F;hh;Bx42;Rb97D;gig;nvy;Rbp9;Taf1;pll;kermit;bol;Dif;Uch-L5;Mvl;Nos;RpL11;cher;eIF4E1;snRNP-U1-70K;Gcn5;eIF4G1;Oamb;Irp-1B;Roc1a;mbt;TBPH;Timp;Nsun2;Tsc1;Axn;Madm;Mtch;Tob;Drep4;Drep3;Mt2;Usp30;raptor;Rubicon;CG1785;CG2145;Usp7;hiw;wcy;CG8173;Ubqn;CG1812;Tspo"
"GOBP_STEM_CELL_DEVELOPMENT",0.0395178818415333,0.134251279881976,0.467352980947977,1.4606460373594,199,36,"dpp;rl;smo;tkv;tup;dpn;Sema1a;Sema2a;Aldh;Ptp69D;croc;unpg;Ptx1;gbb"
"GOBP_CELLULAR_RESPONSE_TO_METAL_ION",0.0396578538102644,0.134571402433446,0.357516312974187,1.3545365874142,203,99,"Appl;eag;emc;Jra;dlg1;nau;pbl;Raf;Sh;sl;Sod1;alphaTub85E;Syt1;Wnt5;CalpA;AMPKalpha;Ac78C;gbb;Actbeta;GluClalpha"
"GOBP_CELL_CYCLE_CHECKPOINT_SIGNALING",0.039917695473251,0.134986046071614,-0.341016874790768,-1.34109349467596,193,122,"Mps1;aurA;csw;CycB;dup;mus101;Blm;rod;spn-A;sw;trc;Cdk2;fs(1)h;Xpc;CycD;ctp;Cul1;mre11;Clk;robl;Bub3;Roc1a;Nsun2;Hus1-like"
"GOBP_FOREBRAIN_GENERATION_OF_NEURONS",0.0399065602491727,0.134986046071614,0.418852182960714,1.42178878772715,204,53,"Dll;dpp;emc;robo2;slp2;pros;dpn;Wnt5;Rac1;Dop1R1;Rac2;Rho1;unpg;toy;Pex5;Actbeta;PlexB;PlexA"
"GOBP_REGULATION_OF_EXTRACELLULAR_MATRIX_ORGANIZATION",0.0398854571487012,0.134986046071614,-0.473986270597755,-1.46349777236386,194,33,"Abl;lz;mys;htl;babo;Rbf;chb;Timp;Ndg;Axn"
"GOBP_GLAND_MORPHOGENESIS",0.0401551891367604,0.135351998948416,0.411960790809999,1.41488606597844,206,56,"bi;dpp;Dr;emc;fkh;pros;N;Wnt5;CG10939;CalpA;toy;stck;Xbp1;fus;gbb;PlexB;PlexA;Eph"
"GOBP_REGULATION_OF_STEROID_METABOLIC_PROCESS",0.040162980209546,0.135351998948416,0.402102273925385,1.40298175681626,206,61,"Pka-C1;Dab;Hr3;dpp;EcR;Galphai;Gbeta13F;rl;pros;Wnt5;Lgr1;AMPKalpha;gbb;Sirt1;nes;Eato"
"GOBP_REGULATION_OF_SYNAPSE_ASSEMBLY",0.0401639344262295,0.135351998948416,-0.370993074880336,-1.37917141490264,195,84,"Ama;arm;Lar;fz;numb;pk;stau;ct;Wnt2;Lac;Spn;Mef2;wts;NetB;Fak;CRMP;eIF4G1;Chd3;siz"
"GOBP_RAC_PROTEIN_SIGNAL_TRANSDUCTION",0.0402894582436925,0.135619663790553,0.477286726341664,1.46437332325864,205,33,"Sos;Ras85D;drk;Wnt5;Rac1;Rac2;Nf1;mbc;Abi"
"GOBP_NEGATIVE_REGULATION_OF_ACTIN_FILAMENT_DEPOLYMERIZATION",0.0405650857719475,0.136391408389794,-0.530433976198735,-1.50128862695677,200,22,"fliI;qua;kst;cpb;Moe;tsr"
"GOBP_THYMUS_DEVELOPMENT",0.0406917599186165,0.136505310924253,-0.465778704806664,-1.45778571586876,199,35,"Abl;arm;CycB;exd;grn;bs;hh;Dsor1;babo"
"GOBP_XENOBIOTIC_TRANSPORT",0.0406800242865817,0.136505310924253,-0.462462367503111,-1.45826536077484,200,36,"mnd;Egfr;w;Mdr49;Hr96;Orct;Atet;CNT2;Rlip;CG2930;CG4822;CG5853;MRP;CNT1;Balat;CG4630"
"GOBP_REGULATION_OF_PROTEIN_IMPORT_INTO_NUCLEUS",0.0407560543414058,0.136565275481111,0.454749174098652,1.44984541525165,206,40,"dpp;Hsp83;hyd;pbl;smo;Cdk1;Su(fu);Nf1;14-3-3epsilon;Ran;Xbp1;bon;p38b;Smox;HDAC3"
"GOBP_MITOTIC_NUCLEAR_DIVISION",0.0408798909869574,0.136824390538827,0.315840928412982,1.29400073831387,209,175,"dpp;fzy;Hsp68;twe;Myb;ncd;polo;spn-B;stg;sub;Cdk1;Klp61F;Zw10;wapl;tws;gammaTub37C;Klp3A;pav;BRWD3;Hsp70Aa;Hsp70Bb;Rho1;barr;dod;tap;csul;Nlp;Rca1;lok;Ran;gbb;Sirt1;Dlc90F;Cdc16;Tip60;Cdlc2;Mad1;Nipped-B;CG5498;SMC2;CG3793;robl22E;Nek2;Trf4-1;Aladin;sofe;Dlic;Sk1;Ndc80"
"GOBP_EPIGENETIC_REGULATION_OF_GENE_EXPRESSION",0.0411268764137364,0.137494625465014,-0.318107356272195,-1.29799112720202,199,161,"ash2;CkIIbeta;esc;E(z);gro;l(3)73Ah;Pc;Scm;sgg;sr;Su(var)205;trx;Cdk2;Rrp1;His3.3B;piwi;Psc;LamC;Iswi;Snr1;Nap1;Rbf;mael;Max;Gcn5;Su(z)12;Sin3A;Roc1a;Axn;nito;CG5815;Ythdc1;Acf;Ogg1;chm"
"GOBP_POSITIVE_REGULATION_OF_CANONICAL_WNT_SIGNALING_PATHWAY",0.0412286126571841,0.137530201138126,-0.413334308872653,-1.42369968051695,199,55,"arm;asp;rk;Egfr;zfh1;Su(H);otk;htl;Rel;Nle;DAAM;Madm;Tnks;Kank;Smurf;Dd"
"GOBP_REGULATION_OF_NUCLEOCYTOPLASMIC_TRANSPORT",0.0412310120339317,0.137530201138126,0.381636576561256,1.37705775078961,208,75,"Pka-C1;dpp;Hsp83;hyd;pbl;RanGAP;smo;Cdk1;Su(fu);Nup214;lark;Hel25E;Nf1;CaMKI;14-3-3epsilon;Ran;emb;Xbp1;Cbp20;bon;p38b;Smox;HDAC3"
"GOBP_CELL_MATURATION",0.0413255360623782,0.137533627936105,0.349261442486351,1.34294817645477,211,109,"Appl;Pka-C1;emc;fkh;l(3)mbt;run;stg;tud;usp;Zw;Fur1;Ets65A;Ets21C;dpn;Rac1;l(2)03659;heph;HLH3B;Rac2;fz2;Rca1;Rfx;Xbp1;Bap55;HDAC6;CG2082"
"GOBP_REGULATION_OF_MRNA_METABOLIC_PROCESS",0.0413047674194171,0.137533627936105,0.305274893323318,1.27981900206576,213,213,"bru1;aub;SmF;Hrb98DE;nau;Fib;Pkc53E;pum;tra2;me31B;Hrb27C;orb;Pabp2;Ref1;heph;lark;Mlh1;E2f1;MAPk-Ak2;mof;Psi;csul;Nlp;angel;Cdk9;pcm;Cbp20;qkr58E-3;qkr58E-1;qkr54B;SmD3;Bin1;p38b;Irp-1A;Adar;Rok;Dgp-1;CstF64;Nab2;x16;Fmr1;icln;Trf4-1;Upf1;CG15747;CG5877;CG8565"
"GOBP_CELL_COMMUNICATION_INVOLVED_IN_CARDIAC_CONDUCTION",0.0416328188464663,0.138302050757996,-0.511637886492485,-1.48974074884236,204,25,"arm;Cam;Atpalpha;alpha-Cat;RyR;Ank;cher;mirr;nrv1;caup;Nup154"
"GOBP_MRNA_CATABOLIC_PROCESS",0.0416504476449981,0.138302050757996,0.310492182370126,1.28310819202846,213,187,"bru1;aub;SmF;Hrb98DE;Hsp68;Fib;Pkc53E;pum;me31B;Pabp2;Ref1;pelo;Mlh1;E2f1;Hsp70Aa;Hsp70Bb;MAPk-Ak2;Psi;Nlp;angel;pcm;eRF3;Cbp20;SmD3;MTPAP;p38b;Irp-1A;Adar;Rok;CG3909;CG7139;Dgp-1;CstF64;Cpsf100;Nab2;Fmr1"
"GOBP_ACTIN_FILAMENT_BUNDLE_ORGANIZATION",0.0419925895430218,0.138790389150238,-0.354870983950216,-1.35244186740615,203,99,"Abl;capu;ena;shi;bs;Tm2;zfh1;TkR99D;mys;cdi;Cdc42;Sdc;dia;babo;Moe;tsr;cher;Pi3K21B;chb;CRMP;Fim;Tsc1"
"GOBP_FEMALE_SEX_DIFFERENTIATION",0.0421277421859833,0.138790389150238,0.411069283912661,1.40534382707749,216,55,"bi;Idh;mei-W68;Sod1;tkv;N;Wnt5;Taf4;Rac1;Dcp-1;Rac2;Lgr1;eIF2Bepsilon;Sirt1;Actbeta;eIF2Bbeta;Nup107;CG11700"
"GOBP_INORGANIC_ANION_TRANSPORT",0.0420048701298701,0.138790389150238,-0.379699925892333,-1.38259150328941,206,74,"Axs;ort;Mdr49;Lcch3;Mvl;Esp;Hr96;tty;Drip;CG2187;CG12773;Eaat1;Dic1;CG10353;Clic;Ucp4A;Tspo;hoe2;SLC5A11;CG7627;CG7309;MRP;ClC-b;Mpcp1;MFS16;Eglp2;Eglp3"
"GOBP_MITOCHONDRIAL_OUTER_MEMBRANE_PERMEABILIZATION",0.0420782299486369,0.138790389150238,0.505215905777167,1.47771112136139,212,27,"eya;Hsp68;porin;Dcp-1;Hsp70Aa;Hsp70Bb;Drice;CG14777;Decay;CG14778"
"GOBP_OUTFLOW_TRACT_MORPHOGENESIS",0.0421259842519685,0.138790389150238,0.448394337929842,1.44476049427396,213,42,"bi;eya;dpp;Dr;Jra;robo2;so;tkv;tup;N;dpn;croc;Dad;Ptx1;gbb;PlexB;Nipped-B;Ilk"
"GOBP_POSITIVE_REGULATION_OF_PROTEOLYSIS",0.0419675971110677,0.138790389150238,0.341466663358391,1.33206767457756,214,120,"abo;Appl;bsk;Dab;fzy;Hsp68;dco;l(3)mbt;polo;Cdk1;Fur1;Gel;CalpA;Hsp70Aa;Hsp70Bb;CkIalpha;HDAC1;Tmtc3;Rpt6;Dad;Xbp1;Sirt1;scf;Rad23;Rpt1;Fmr1"
"GOBP_STEROID_HORMONE_RECEPTOR_SIGNALING_PATHWAY",0.0421245421245421,0.138790389150238,-0.375838585541169,-1.38409362344894,206,79,"acj6;dor;per;Rm62;Su(var)2-10;tll;hop;14-3-3zeta;Calr;PpD3;Taf1;Phb2;wts;Hr38;Hydr2;Hr78;Rga;Clk;tna;Kank;Hey"
"GOBP_PHAGOCYTOSIS",0.0422390814025015,0.139001540812259,-0.341313035918505,-1.33828659273299,205,119,"Abl;ck;grn;if;Mp20;Pkc98E;shi;boca;LysB;LysD;LysE;Rap1;mys;Calr;Cdc42;emp;Mvl;Nos;Hem;Shark;ktub;Rab7;crq;mspo;Fak;Rack1;RhoGAP1A;Amph;TM9SF4;ced-6;CG16756;Rubicon"
"GOBP_POSITIVE_REGULATION_OF_CELL_CYCLE_PHASE_TRANSITION",0.0422966898242746,0.139035599400018,-0.372824491496581,-1.37820192582169,206,81,"CycB;exd;E(z);Hsc70-1;spn-D;Egfr;Plc21C;fs(1)h;CycD;CycE;atms;Moe;RnrL;RnrS;Cdc2rk;Rab11;Rbf;Cdk4;ko;Sin3A;eIF4G1"
"GOBP_DORSAL_VENTRAL_PATTERN_FORMATION",0.0425365853658537,0.139668118466899,0.430405952267678,1.42513132960647,217,47,"dpp;en;fkh;in;Lim3;smo;sog;tkv;slp2;ci;Su(fu);jumu;toy;Dad;Smox"
"GOBP_CARDIAC_MUSCLE_CELL_ACTION_POTENTIAL_INVOLVED_IN_CONTRACTION",0.0426731078904992,0.139930579721939,-0.516947074216133,-1.49359566308757,211,24,"arm;Gpdh1;Atpalpha;alpha-Cat;RyR;Nos;Ank;cher;Nup154;Amph"
"GOBP_POSITIVE_REGULATION_OF_SMOOTH_MUSCLE_CELL_PROLIFERATION",0.0428543345783369,0.139930579721939,0.468209074985943,1.45593503002031,217,35,"dpp;emc;Galphai;Jra;Pkc53E;tkv;5-HT1A;N;HDAC1;Xbp1;Mat1;Tak1"
"GOBP_RESPIRATORY_SYSTEM_DEVELOPMENT",0.042854213655936,0.139930579721939,-0.334045781206411,-1.32637349807038,208,131,"arm;LanA;mnd;rb;ush;bs;Pp1-87B;Wnt2;mew;B52;hh;mys;sim;Su(H);otk;14-3-3zeta;slbo;Ets98B;Dsor1;Cdc42;htl;Hmgs;Nos;alpha-Man-IIa;ktub;Vang;Ag5r2;Lip3;wit"
"GOBP_RNA_EXPORT_FROM_NUCLEUS",0.042854213655936,0.139930579721939,-0.391894746837364,-1.39338224412154,208,65,"e(y)2;mago;mle;sbr;e(r);La;eIF4E1;Smg5;drongo;Nup154;Cbp80;qkr58E-2;Dbp80;Nsun2;mbo;Nup93-1;nito;Ythdc1;Nxt1;Upf2;Set2;CG9915"
"GOBP_STRIATED_MUSCLE_CELL_PROLIFERATION",0.0427437410950539,0.139930579721939,-0.434149622276173,-1.42939775502962,209,44,"Abl;CycB;FER;lz;Egfr;ush;hh;Su(H);hop;htl;babo;Mad;Mef2"
"GOBP_NEGATIVE_REGULATION_OF_LIPID_LOCALIZATION",0.0429036193574624,0.139936195287865,-0.484238636421879,-1.46836310576495,210,30,"cact;csw;if;hh;mys;Jhe;Atet;chico;CG4757;CG4822;Tspo;Tsp;CG5853"
"GOBP_MYELOID_LEUKOCYTE_ACTIVATION",0.0430044755789064,0.14010981966018,0.362069087792646,1.35507357028272,220,92,"AnxB10;Appl;EcR;Galphai;Jra;sl;Syb;LysP;LysS;LysX;Galphaq;Rop;N;Wnt5;Rac1;nSyb;Ptp69D;Rac2;mbc;Pdk1;Mhcl;CG2082;Syt4"
"GOBP_PALLIUM_DEVELOPMENT",0.0430661446527921,0.140155528283755,-0.34554714373715,-1.34302058071907,208,113,"Gart;arm;asp;E(z);sgg;tll;Egfr;betaTub85D;bs;neb;zfh1;Plc21C;Spn;tsr;Awh;Cdk5;Nrx-IV;cher;Hr38;Lis-1;Cdk4;Crk;tna;Tsc1;Pten;Lim1;Cdk5alpha;kirre"
"GOBP_RIBOSE_PHOSPHATE_METABOLIC_PROCESS",0.0432265534542648,0.140522121836958,0.300982614062931,1.26951964823195,223,224,"Ald1;Appl;Aprt;awd;bur;Pka-C1;Dhod;dnc;Actn;Galphai;Hsp68;Ldh;dlg1;Pgm1;r;ry;Zw;ATPsynbeta;ATPsynG;ND-SGDH;Hsp70Aa;Hsp70Bb;Gycalpha99B;Pglym78;ATPsynD;CG5989;ND-75;ND-23;ND-42;ATPsyngamma;Ran;pug;Papss;l(2)k01209;AMPKalpha;Ac3;Ac78C;Eph;Drp1;Adk3;Pfrx;Dgp-1;aralar1;Marf;ND-ASHI;Pink1"
"GOBP_ACTOMYOSIN_STRUCTURE_ORGANIZATION",0.0435121951219512,0.140828248678526,0.359408787922957,1.34687999869565,222,93,"Act5C;Actn;pbl;Pgm1;Raf;sqh;Tm1;yrt;up;pros;TkR86C;Wnt5;Rac1;CalpA;Rac2;Rho1;Oda;Mlp84B;WASp;Smox;Mhcl;Rok;Rhp;Six4"
"GOBP_CD4_POSITIVE_ALPHA_BETA_T_CELL_ACTIVATION",0.0433977786918963,0.140828248678526,-0.396615576220153,-1.39816360485207,210,62,"grn;Prosbeta6;lz;trx;ush;tin;fs(1)h;hop;Dif;Hem;Bgb;Bro;Stat92E;Pi3K21B;Prosalpha7;Prosbeta3;Vha100-3;Vha100-2;Vha100-1;Prosbeta5;galectin;CG11374;Prosbeta4R2;Mnn1;Vha100-5;Prosalpha6T"
"GOBP_MULTICELLULAR_ORGANISMAL_RESPONSE_TO_STRESS",0.0434961863533292,0.140828248678526,-0.411184940230065,-1.41629633803103,210,55,"Atpalpha;Pu;tll;TkR99D;Tbh;Hmgs;Mef2;Nos;Ret;Deaf1;Hr38;eIF4E1;Clk;eIF4G1;CalpB;Pten;Eaat1;Tat;Tspo;CG11034;Tsp;CCHa2-R;CG9003;Dh44-R2;Dh44-R1"
"GOBP_PROTEIN_DEPHOSPHORYLATION",0.0434961863533292,0.140828248678526,-0.411268530981077,-1.41658426023578,210,55,"by;csw;Lar;flw;Pp1-87B;mts;Ptp99A;Mbs;PpD3;CanA1;PTP-ER;Sbf;Pten;Ptpmeg2;Dd;ssh"
"GOBP_REGULATION_OF_NEUROTRANSMITTER_TRANSPORT",0.0435676120016441,0.140852653306414,-0.393872474174386,-1.39449223509347,211,64,"nAChRbeta1;Cam;cn;dor;dsh;Atpalpha;per;Wnt2;Syn;TkR99D;Rap1;mys;Mef2;Nos;CASK;Cdk5;Flo1;Torsin"
"GOBP_MICROTUBULE_CYTOSKELETON_ORGANIZATION_INVOLVED_IN_MITOSIS",0.0436477007014809,0.140865216291073,0.350881478245576,1.337269358155,223,103,"fzy;Galphai;DCTN1-p150;Hsp68;Myb;ncd;polo;Cdk1;Klp61F;Zw10;gammaTub37C;Sas-4;Klp3A;pav;Hsp70Aa;Hsp70Bb;Rho1;sty;Ptpa;toy;lok;Ran;Dlc90F;HDAC3;Tip60;CG5498;msps;Ilk;Nek2;Aladin;sofe;Ndc80"
"GOBP_REGULATION_OF_OXIDATIVE_PHOSPHORYLATION",0.0436672594348943,0.140865216291073,0.574958874263125,1.5064313800308,220,17,"Actn;Rho1;Adk3;Shmt;Pink1;ATP7;CG6770;Mondo"
"GOBP_VASCULAR_ASSOCIATED_SMOOTH_MUSCLE_CELL_PROLIFERATION",0.0438561833267483,0.141319705747309,0.502704287256578,1.47036486290426,221,27,"cta;dpp;for;Galphai;Jra;tkv;Tm1;5-HT1A;Xbp1;Tak1;Marf;Pdcd4;Pvf1"
"GOBP_HETEROCHROMATIN_ORGANIZATION",0.0440744368266405,0.141712560813089,0.358446210899538,1.34651915642402,224,95,"aub;brm;His2Av;hyd;Lam;Pcl;Sce;shu;spn-E;Cdk1;Pep;ph-d;ph-p;Dp;mof;HDAC1;spen;Pp2C1;bon;Sirt1;SkpA;HDAC3;wde;MBD-like"
"GOBP_REGULATION_OF_PROTEIN_DEPOLYMERIZATION",0.0440601194152769,0.141712560813089,-0.413378744469402,-1.40662416362588,213,52,"aurA;fliI;qua;kst;dia;cpb;Moe;tsr;chb;aru;pigs;Tao;Klp31E;cyst;LRR;Asph;FAM21;CG2812;CG2765"
"GOBP_LEARNING",0.0441518202943455,0.14180639225542,0.352930676051217,1.34074011503912,227,100,"Ace;nAChRalpha1;Appl;en;Grd;dlg1;Raf;Ras85D;alphaTub85E;porin;GluRIA;TkR86C;ple;SerT;Dop1R1;Calx;Nf1;Gcn2;loco;Pka-R2;Ac3;CG2082;ric8a;Syt4;Nckx30C;CG4701"
"GOBP_POSITIVE_REGULATION_OF_MONOATOMIC_ION_TRANSPORT",0.0442926829268293,0.141948881449599,0.393407475065591,1.3840265024793,226,65,"Actn;Khc;dlg1;Ca-alpha1D;sei;Shaw;sl;tup;Zw;trpl;CanB;SerT;Dop1R1;Pp2B-14D;CalpA;CanB2;nrv2;Pdk1"
"GOBP_PYRIMIDINE_CONTAINING_COMPOUND_BIOSYNTHETIC_PROCESS",0.0442512840774397,0.141948881449599,0.487460316461267,1.44941945925946,223,29,"awd;Dhod;r;Dhfr;l(2)k01209;dnk;Ts;Shmt"
"GOBP_NEGATIVE_REGULATION_OF_MUSCLE_HYPERTROPHY",0.0443476539299149,0.141970400284885,0.587581687048706,1.51687466403536,223,16,"Jra;pho;pnr;Zw;N;Smox;myo"
"GOBP_RECEPTOR_CLUSTERING",0.0446519180028415,0.14278906822213,-0.450360105912044,-1.43555106912962,219,38,"cin;dsh;mnd;ort;boca;mys;Cdk5;cher;Crk;nmdyn-D7;ssh;Lrp4;Fnta;PICK1;Git;Oseg6;Magi"
"GOBP_BINDING_OF_SPERM_TO_ZONA_PELLUCIDA",0.0447790766792154,0.142885079815891,0.533090198558542,1.49037098261731,225,22,"Ald1;Hsp68;CCT1;porin;Fur1;CCT5;Hsp70Aa;Hsp70Bb"
"GOBP_TRANSMISSION_OF_NERVE_IMPULSE",0.0447555205047319,0.142885079815891,0.44073452925886,1.42766277607736,226,43,"nAChRalpha1;nAChRalpha2;na;Sh;Sod1;nAChRbeta2;GluRIA;Shal;Dop1R1;Ork1;GluClalpha;moody;Fmr1"
"GOBP_BONE_DEVELOPMENT",0.0450380191070384,0.143256017075447,0.348909147373557,1.33455695933268,230,105,"Dll;cad;dpp;Dr;Actn;for;run;tkv;N;Sema2a;Ptp69D;Rho1;oxt;tap;p38a;Ptx1;gbb;bbx;p38b;PlexB;Gmap;CG8230;CG15743;CG4239;Pvf1;CG12237;Cbs;Nha1;Tg;CG8419"
"GOBP_POSITIVE_REGULATION_OF_PHOSPHATIDYLINOSITOL_3_KINASE_PROTEIN_KINASE_B_SIGNAL_TRANSDUCTION",0.0450304259634888,0.143256017075447,-0.375566121912369,-1.37443497175314,221,76,"csw;FER;grn;Egfr;mys;hop;Cdc42;htl;babo;Ret;Set;drl;dos;mGluR;Cbl;ko;stumps;Fak;chico;botv;Sec71"
"GOBP_REGULATION_OF_DNA_TEMPLATED_DNA_REPLICATION_INITIATION",0.0450414057766108,0.143256017075447,-0.580007282103342,-1.5160641019616,222,16,"dup;Cdk2;Mcm2;dpa;Mcm7;Roc1a;Mcm6;chm"
"GOBP_POSITIVE_REGULATION_OF_ENDOTHELIAL_CELL_MIGRATION",0.0451065590730395,0.143308311871363,-0.400624418527594,-1.40156967530471,217,60,"Abl;grn;net;Pgi;pnt;Wnt2;mys;Calr;emp;blw;Nos;Pi3K92E;crq;dos;Stat92E;Fak"
"GOBP_SPROUTING_ANGIOGENESIS",0.0453047775947282,0.143782800090281,-0.400891765973711,-1.4001288669634,219,59,"Abl;grn;Gs2;if;sax;tll;bs;mys;hop;Mad;Hr38;Pi3K92E;Past1;Fak;Pi3K21B"
"GOBP_POSITIVE_REGULATION_OF_DEVELOPMENTAL_GROWTH",0.0454187966968148,0.143989331769428,0.369873510605823,1.35709095901046,230,82,"Actn;H2.0;mr;nau;pum;smo;tkv;Cdk1;Syt1;pros;N;trpl;Gel;Sema2a;CalpA;shot;Dad;Dap160;Pex5;p38b;mtm;Nipped-B;mino"
"GOBP_POSTSYNAPTIC_SIGNAL_TRANSDUCTION",0.0454903505317054,0.144060937851752,0.50999854690554,1.46760124936641,230,25,"Ace;nAChRalpha1;nAChRalpha2;Galphai;Gbeta13F;Pkc53E;nAChRbeta2;Galphaq;inaC"
"GOBP_POTASSIUM_ION_HOMEOSTASIS",0.0455706148104498,0.144159944916498,0.5615292112106,1.49868606950989,231,18,"Pka-C1;kel;sei;Sh;slo;nrv2;14-3-3epsilon"
"GOBP_REGULATION_OF_PEPTIDE_TRANSPORT",0.0457554517133956,0.144589193276917,0.33773511394766,1.31997206960914,234,121,"Ald1;Pka-C1;EcR;fkh;Gdh;Galphai;Galphao;Pkc53E;Sh;tup;Hnf4;sv;Rac1;Syx1A;Rac2;Ork1;Rfx;Osbp;cyc;Dap160;Ac78C;gbb;Actbeta;moody;Pfrx;sut2;sut1"
"GOBP_REGULATION_OF_PROTEOLYSIS_INVOLVED_IN_PROTEIN_CATABOLIC_PROCESS",0.0459675764416171,0.145103658681585,-0.307658186764795,-1.27708771747819,223,183,"aurA;CkIIbeta;dsh;Hsc70-2;Prosbeta6;mor;Rpn8;neur;pk;sgg;Su(var)2-10;Cdk2;hh;nvy;slbo;Taf1;kermit;Uch-L5;wts;RpL11;Rpt2;Ubc4;Gcn5;Fak;Rack1;Prosbeta2;Prosalpha7;EloB;Sik2;Roc1a;Pten;Prosbeta3;Axn;STUB1;Rpt5;Rpt4;Rpt3;Rpn6;Rpn5;Rpn2;Rpn12;Rpn11;Rpn1;trbl;Smurf;REG;Prosbeta5"
"GOBP_INSULIN_LIKE_GROWTH_FACTOR_RECEPTOR_SIGNALING_PATHWAY",0.0463654223968566,0.146202650258898,0.50552893144295,1.46730776529815,235,26,"dpp;Sos;Raf;rl;drk;BRWD3;Pdk1;gbb"
"GOBP_MULTICELLULAR_ORGANISM_GROWTH",0.0464733703475221,0.146386140859111,-0.352262772728343,-1.33950971263663,225,98,"adp;by;csw;eas;Galphas;Hsf;pk;ptc;hh;Sply;Gug;Moe;sba;Stat92E;Gcn5;Fim;Optix;X11L;Taf10b;Eaat2;Ercc1;CHOp24;Nep1;Psf3;Clic"
"GOBP_CARTILAGE_DEVELOPMENT",0.0465825874694874,0.146573232444098,-0.368745547227077,-1.36738488490518,228,82,"arm;csw;ftz-f1;grn;lz;prd;sax;tld;zen;bs;Wnt2;zfh1;hh;mys;htl;babo;Mad;Mef2;Cpr;Rbf;Gcn5;wit;Timp;OdsH;Axn"
"GOBP_CARDIAC_MUSCLE_CONTRACTION",0.0467124631992149,0.14671420972363,0.391845648756828,1.3805868803756,237,66,"Pka-C1;dnc;Hsp83;dlg1;Ca-alpha1D;pnr;sei;Sh;Tm1;up;Mlc-c;Shal;Gel;Ance;Calx;Mlp84B;Dad;Scgdelta"
"GOBP_DNA_DAMAGE_RESPONSE_SIGNAL_TRANSDUCTION_BY_P53_CLASS_MEDIATOR",0.0467271293375394,0.14671420972363,0.439343733899754,1.42315759976028,236,43,"Dr;crp;mei-41;Nlp;lok;Spred;Pp2C1;Sirt1;Tip60;CSN3;CG6191;CG2082"
"GOBP_REGULATION_OF_GLIAL_CELL_PROLIFERATION",0.0469540578830196,0.147269550417744,-0.57051433419102,-1.51340407083491,231,17,"mAChR-A;mnd;Pkc98E;Pp1-87B;Lac"
"GOBP_CARDIAC_MUSCLE_CELL_DIFFERENTIATION",0.0471936298310352,0.147863321579239,0.392608583521006,1.37566764922629,242,63,"bi;dpp;Actn;pho;pnr;tkv;tup;usp;Zw;Cdk1;pros;Calx;Mlp84B;ara;Ptx1;Scgdelta;HDAC3;Mhcl"
"GOBP_CALCIUM_ION_TRANSMEMBRANE_TRANSPORT",0.0472764645426516,0.147965275196256,-0.334303691487054,-1.32048330743511,229,126,"Abl;Cam;csw;Hsc70-5;if;Atpalpha;Pkc98E;Plc21C;mys;CanA1;Itpr;Nmdar1;dia;RyR;Nos;Ank;Nmda1;Fkbp12;cher;nrv1;Fak;dimm;Torsin;CalpB;Amph"
"GOBP_MEIOTIC_CHROMOSOME_SEGREGATION",0.047328864513508,0.14797185908474,-0.442479418437491,-1.42740404767282,232,40,"Mps1;asp;aurA;capu;CycB;CycE;glu;mael;Pten"
"GOBP_DNA_BIOSYNTHETIC_PROCESS",0.047562893081761,0.147999891040545,0.369399609169483,1.34651682562069,241,79,"CycA;Hsp83;CCT1;mei-41;aly;Gnf1;PCNA;CCT5;Dp;l(2)dtl;cutlet;Ork1;pcm;dnk;mip130;Sirt1;Ts;l(1)G0020;Usp1;CCT2;Sk1;DNAlig4;CG8142;Pvf1"
"GOBP_NEGATIVE_REGULATION_OF_SYNCYTIUM_FORMATION_BY_PLASMA_MEMBRANE_FUSION",0.047553546865789,0.147999891040545,0.434195817858529,1.41411824725555,241,44,"RpLP0;RpLP1;RpL32;RpLP2;RpL4;RpL40;RpL7;RpL23;RpL18A;RpL7A;RpL10"
"GOBP_PURINE_CONTAINING_COMPOUND_METABOLIC_PROCESS",0.0475004788354721,0.147999891040545,0.277002637106047,1.21510542156901,247,333,"Acph-1;Ald1;Appl;Aprt;awd;bur;Pka-C1;dnc;Actn;Galphai;Got1;Hsp68;Idh;Ldh;dlg1;Pgm1;ry;Zw;mdy;ATPsynbeta;Nmdmc;ATPsynG;fbl;ND-SGDH;Hsp70Aa;Hsp70Bb;Gycalpha99B;Pglym78;ATPsynD;CG5989;Pdk;ND-75;ND-23;ND-42;ATPsyngamma;Ran;pug;Papss;Gpo1;AMPKalpha;Ac3;Taldo;Ac78C;DIP2;Irp-1A;Eph;Drp1;Adk3;bgm;mino;Pfrx;Dgp-1;Pdha;fal;sut2;sut1;aralar1;ScsbetaG;CG7024;Shmt;Marf;ND-ASHI;Pink1;Pdp;spidey"
"GOBP_REPLACEMENT_OSSIFICATION",0.0475532754538279,0.147999891040545,0.549213346891893,1.48540208903817,240,19,"Dll;dpp;run;gbb;CG15743;CG12237;Cbs"
"GOBP_VIRAL_LIFE_CYCLE",0.0475893599334996,0.147999891040545,-0.323714393784537,-1.29659128305653,228,142,"CkIIbeta;dor;Fas2;ftz-f1;Hsc70-2;Ide;if;sta;stau;Su(dx);Egfr;mys;emp;Snr1;Rab19;Rab7;crq;Acer;Cbl;Nmt;CtBP;Vps28;Tsf1;Srpk79D;Eaat1;Dek;Kap-alpha3;PCB;fan;cyp33;Vap33;CG11655;CG9903;CG9784;stas;galectin;CG11374"
"GOBP_ESTABLISHMENT_OF_ENDOTHELIAL_BARRIER",0.0482367247669234,0.149717378320659,-0.548225315893678,-1.49314305029992,237,19,"Vinc;Plc21C;Rap1;Mbs;Moe;IKKbeta"
"GOBP_REGULATION_OF_ENDOCYTOSIS",0.0482811896485129,0.149717378320659,0.312268527475344,1.27965744834329,249,173,"Act5C;Appl;BicD;Pka-C1;Dab;EcR;dlg1;Pkc53E;sl;Sod1;Syt1;Ptp10D;LysP;LysS;LysX;CanB;Wnt5;Rac1;AP-1-2beta;Pp2B-14D;Syx1A;Ptp69D;Rac2;Rala;mbc;CaMKI;Rab4;stnB;CG5989;ArfGAP1;Dap160;Rab27;mtm;Mhcl;Rok;Syt4;Eato;Fmr1;CG4701"
"GOBP_REGULATION_OF_PROTEIN_TARGETING",0.0482942868886149,0.149717378320659,-0.390137672370465,-1.38126929503883,234,64,"Hsc70-1;Hsc70-2;sgg;sina;Egfr;mys;Gdi;Myo61F;Ank;Nca;Cdk5;ubl;ari-2;Ubc10;Eaat1;Cdk5alpha"
"GOBP_CARBOHYDRATE_METABOLIC_PROCESS",0.0484822934232715,0.149945303565213,-0.27807042438996,-1.21603192892744,229,296,"adp;Amy-p;arr;Chc;Eno;flw;Gal;Gapdh1;Gpdh1;Hex-C;Men;Atpalpha;Pepck1;per;Pfk;Pgi;sgg;Pp1-87B;mts;LysB;LysD;LysE;Pgd;Arl2;nvy;Uch;Pglym87;alpha-Man-IIa;PhKgamma;Rel;sfl;Gcn5;Parg;Lip3;Edem1;chico;Sik2;CG13369;Dyrk3;Idh3a;beta4GalNAcTA;PCB;Dic1;LManII;Mtch;O-fut2;CG7985;sut3;onecut;sotv;CG16756;raptor;Rubicon;CG7766;FucT6;Usp7;CG10996"
"GOBP_NEGATIVE_REGULATION_OF_RESPONSE_TO_ENDOPLASMIC_RETICULUM_STRESS",0.0485207100591716,0.149945303565213,0.475032575326137,1.44386641382834,245,32,"EcR;Hsc70-3;Hsp68;CrebA;dock;Hsp70Aa;Hsp70Bb;Xbp1;nes"
"GOBP_PHOTORECEPTOR_CELL_DEVELOPMENT",0.0484800317901848,0.149945303565213,0.518557102760905,1.46451540470658,243,23,"Hr3;tj;Galphai;sn;ple;toy"
"GOBP_NUCLEIC_ACID_CATABOLIC_PROCESS",0.048603138155377,0.150042426498551,0.288880908558785,1.23826109335077,253,260,"bru1;aub;awd;SmF;Hrb98DE;Hsp68;Mtr4;Fib;Pkc53E;pnr;pum;me31B;Pabp2;Dbp45A;Dcp-1;Ref1;pelo;Mlh1;E2f1;Hsp70Aa;Hsp70Bb;MAPk-Ak2;Psi;Nlp;angel;pcm;eRF3;Cbp20;SmD3;rnh1;MTPAP;Drep1;p38b;Irp-1A;CG4045;Adar;Rok;NiPp1;IntS4;Pop1;CG3909;CG7139;Dgp-1;CstF64;Cpsf100;RNaseZ;Nab2;Fmr1"
"GOBP_CYTOPLASMIC_TRANSLATION",0.0487382007320362,0.150127361673414,0.321099646557553,1.29195838579673,252,148,"RpLP0;eEF2;eIF4A;RpLP1;RpL32;RpLP2;RpL4;RpL40;RpS14a;orb;eIF2beta;RpS17;RpL7;GluProRS;RpL23;RpS9;RpL18A;RpS18;dock;RpS4;lark;RpL7A;eIF3i;eIF3h;Cbp20;eIF2Bepsilon;RpL10;eIF2Bbeta;AlaRS;eIF3j;Dgp-1;Fmr1;MCTS1;RpL17"
"GOBP_POSITIVE_REGULATION_OF_G_PROTEIN_COUPLED_RECEPTOR_SIGNALING_PATHWAY",0.0489344909234412,0.150127361673414,0.547734453163521,1.48140227394623,247,19,"Acph-1;Appl;Pkc53E;csul"
"GOBP_POSITIVE_REGULATION_OF_LAMELLIPODIUM_ASSEMBLY",0.0489593657086224,0.150127361673414,0.532340789094213,1.47225686825194,246,21,"Hsp83;sn;Gel;Rac1;Arp2;Rac2;Abi;myo"
"GOBP_POSITIVE_REGULATION_OF_STRESS_FIBER_ASSEMBLY",0.0489878542510121,0.150127361673414,-0.481225791247463,-1.45076186599756,241,29,"Abl;ena;Tm2;TkR99D;cdi;Cdc42;Sdc;babo"
"GOBP_REGULATION_OF_MITOCHONDRIAL_MEMBRANE_PERMEABILITY_INVOLVED_IN_APOPTOTIC_PROCESS",0.0487949427103911,0.150127361673414,0.481980890622898,1.43312687878161,246,29,"eya;Hsp68;porin;Dcp-1;Hsp70Aa;Hsp70Bb;Drice;CG14777;Decay;CG14778"
"GOBP_REGULATION_OF_TRANSFERASE_ACTIVITY",0.0489795918367347,0.150127361673414,0.312855667092084,1.27640400951359,251,167,"Acph-1;fzy;eIF4A;crp;twe;pbl;stg;Ptp10D;Ten-m;Pabp2;Wnt5;CG10939;Cdc37;Sap47;Chi;Ptp69D;Rho1;cutlet;peng;Nlp;Rca1;loco;Abi;Vps25;Pka-R2;CG32809;Ac78C;Sirt1;Mekk1;Taf7;CycK;JTBR;Adar;Traf4;Tak1;XRCC1"
"GOBP_STEROL_METABOLIC_PROCESS",0.0487947122861586,0.150127361673414,0.350085301859902,1.32638241354716,250,99,"Cat;Pka-C1;EcR;Galphai;Gbeta13F;rl;Zw;Cyp18a1;l(2)03659;Cyp4c3;dare;AMPKalpha;Npc1a;Fpps;nes;Ugt37B1;Dp1;Eato;CG33090;CG1998;Mvd;CG1801;Npc2a;CG31689;CG9663"
"GOBP_THYMIC_T_CELL_SELECTION",0.0490635179153094,0.150202778050822,-0.497738797250285,-1.46118556861198,240,26,"grn;Prosbeta6;bs;Ser;hh;Prosalpha7;Prosbeta3;Prosbeta5;Prosbeta4R2;IP3K1;Prosalpha6T"
"GOBP_BLOOD_VESSEL_REMODELING",0.0491504854368932,0.150312607230083,-0.541179225463016,-1.49366024617707,242,20,"sax;Ser;Su(H);Tbh;Mef2;Nos;Acer;wit;RhoGAP1A"
"GOBP_AMYLOID_BETA_METABOLIC_PROCESS",0.0493601462522852,0.150797040783201,-0.441255352039655,-1.42345530506901,242,40,"Ide;sgg;pigeon;Dif;Acer;Atet;Amph;nAChRalpha5;Nep1;Gga;Lrp4;CG4822;aph-1;CG5853;MRP"
"GOBP_MESONEPHROS_DEVELOPMENT",0.0496785505552309,0.151612339972499,0.419616613620239,1.40090055937277,254,49,"Cat;eya;cv-2;dpp;dlg1;smo;so;sv;dpn;Wnt5;Wnt4;croc;sty;Dad;arg;Hs2st;gbb;Smox;Six4;Ilk"
"GOBP_CELL_SURFACE_PATTERN_RECOGNITION_RECEPTOR_SIGNALING_PATHWAY",0.0498783454987835,0.151906928009753,-0.467332241028353,-1.43469314189793,245,32,"cact;Pkc98E;ref(2)P;pll;Dif;Shark;stumps;Pi3K21B;Tsf1;IKKbeta;galectin;CG11374;CG13392;Wdfy2;Myd88;Tsf3"
"GOBP_POSITIVE_REGULATION_OF_ACTIN_FILAMENT_BUNDLE_ASSEMBLY",0.0498783454987835,0.151906928009753,-0.467388699277846,-1.43486646668968,245,32,"Abl;ena;Tm2;TkR99D;cdi;Cdc42;Sdc;babo;cher"
"GOBP_SPLEEN_DEVELOPMENT",0.0500916310323763,0.152241300100466,-0.555695900241605,-1.49228577222812,245,18,"Abl;exd;trx;tin;Rel;Lip3;nito;onecut"
"GOBP_VENTRICULAR_SEPTUM_DEVELOPMENT",0.0500788643533123,0.152241300100466,0.437049666941449,1.41572647334568,253,43,"bi;dpp;emc;robo2;pnr;tkv;pros;N;Su(fu);sv;dpn;Wnt5;AP-1-2beta;Dad;Ptx1"
"GOBP_POSITIVE_REGULATION_OF_STEROID_BIOSYNTHETIC_PROCESS",0.0504669183389628,0.153169257322748,0.516627444518063,1.45906563995085,253,23,"Pka-C1;Dab;Galphai;rl;Wnt5;AMPKalpha;gbb"
"GOBP_REGULATION_OF_B_CELL_ACTIVATION",0.0505010807624288,0.153169257322748,0.432393475595666,1.40824825731809,256,44,"nAChRalpha1;emc;ss;Dcp-1;Mlh1;Ptp69D;spel1;Pkn;Xbp1;foi;Actbeta;Pli;CG6171"
"GOBP_REGULATION_OF_PROTEIN_LOCALIZATION_TO_NUCLEUS",0.0508209538702111,0.153822269841729,0.358368454323154,1.33292824527505,259,89,"Appl;dpp;Hsp83;hyd;pbl;polo;smo;CCT1;Cdk1;Su(fu);bys;CCT5;Nf1;dod;Nlp;14-3-3epsilon;Ran;Xbp1;bon;p38b;Smox;HDAC3;msk"
"GOBP_SEQUESTERING_OF_CALCIUM_ION",0.0508054522924411,0.153822269841729,-0.4013373245287,-1.39148311745803,245,57,"Abl;Cam;csw;Atpalpha;Pkc98E;Plc21C;mys;Calr;Itpr;dia;RyR;Ank;Fkbp12;cher;Fak;CalpB"
"GOBP_REGULATION_OF_DNA_REPLICATION",0.0509168942645337,0.153954268166761,0.360101737762707,1.3383160191765,260,88,"chif;CycA;emc;pho;twe;stg;Cdk1;mei-41;Pep;wapl;ci;PCNA;Lrr47;l(2)dtl;Orc5;Nlp;Rca1;Mcm5;Bap55;Rad17;CG11970;Ulp1;Non1"
"GOBP_NEGATIVE_REGULATION_OF_PROTEIN_MODIFICATION_PROCESS",0.0511219512195122,0.154257210756723,0.336879647654092,1.31204462245364,261,119,"Acph-1;baz;Hsp68;crp;Pkc53E;smo;Cdk1;Ptp10D;Ubc6;Pabp2;CalpA;Hsp70Aa;Hsp70Bb;Ptp69D;sty;phr6-4;fry;Nlp;Rca1;loco;Vps25;CG32809;rasp;Sirt1;Taf7;Adar;Hmg-2;Ulp1;Non1"
"GOBP_REGULATION_OF_DNA_TEMPLATED_TRANSCRIPTION_INITIATION",0.0511201629327902,0.154257210756723,-0.377377124502752,-1.36769001191583,250,72,"cact;RpS3;skd;Su(var)2-10;Tbp;bs;slbo;Taf1;Taf5;Taf6;TfIIA-L;Taf12;Rel;Ssb-c31a;Cdk4;MED6;Taf10b;MED18;MED15;Hey;Ercc1;Rpt4;NC2beta"
"GOBP_MECHANORECEPTOR_DIFFERENTIATION",0.0512924893140647,0.154613220862683,-0.427720295305629,-1.40822978650793,251,44,"acj6;ck;fz;Ser;Su(H);Lcch3;Sdc;dia;jar;Lis-1;Vang;nompB;Fim;Hey;CG12206;Mks1;Hesr"
"GOBP_RAS_PROTEIN_SIGNAL_TRANSDUCTION",0.0517943743937924,0.155966273763088,0.401366457315738,1.37849965451951,266,56,"CycA;Gbeta13F;Sos;Ras85D;Ras64B;RasGAP1;drk;N;Wnt5;sty;Nf1;Rala;rin;Rgl;ics;Marf"
"GOBP_HEMATOPOIETIC_STEM_CELL_PROLIFERATION",0.0520137623962761,0.156466757637877,-0.564684393092609,-1.49793897896552,256,17,"aop;lz;Rnp4F;Acer;ari-2;chm"
"GOBP_RESPONSE_TO_MUSCLE_ACTIVITY",0.0520875557357114,0.156528691495876,-0.544543843164258,-1.4831162141407,256,19,"by;if;mnd;mys;blw;RyR;CalpB"
"GOBP_ORGANELLE_FUSION",0.052293934681182,0.156988526359222,0.348018158529936,1.31855054358695,268,99,"awd;car;lt;Syb;Cdk1;Syt1;Rop;Rab3;Chchd3;nSyb;Syx1A;Rab14;Rab4;CG5498;Syt4;fab1;Marf;CG14435;Rab39;Sk1"
"GOBP_CARDIAC_VENTRICLE_MORPHOGENESIS",0.0528463578861457,0.158323813544848,-0.441891931752201,-1.41364044810262,258,39,"acj6;grn;sgg;ush;Tm2;Ser;Su(H);htl;RyR;babo;Mef2;Fkbp12"
"GOBP_FEMALE_MEIOTIC_NUCLEAR_DIVISION",0.052834008097166,0.158323813544848,-0.478531922079493,-1.44264059998905,260,29,"Mps1;aurA;capu;CycB;Hsf;bol;Wee1"
"GOBP_STEROID_BIOSYNTHETIC_PROCESS",0.0529607191713895,0.158505021161982,0.352729842008036,1.32408141564724,270,94,"Pka-C1;Dab;dpp;EcR;Galphai;rl;Zw;pros;Wnt5;Cyp18a1;l(2)03659;dare;Lgr1;AMPKalpha;gbb;Sirt1;Npc1a;Actbeta;Fpps;nes;Eato;spidey;CG10962;CG1998;Mvd;CG1801;CG31689;CG9663"
"GOBP_LEUKOCYTE_MEDIATED_IMMUNITY",0.0532532117695814,0.159218444132224,-0.323457912562898,-1.29141065610301,256,138,"csw;FER;grn;betaTub85D;Ser;mys;hop;14-3-3zeta;CanA1;Tbh;Snap25;Pms2;Nos;Hem;Hr38;Pi3K59F;Pi3K92E;Shark;tos;Acer;dos;Stat92E;Cbl;sfl;mspo;Pi3K21B;Crk;Hmt4-20;RhoGAP1A;Ercc1;Vha100-3;Vha100-2;Vha100-1;Spt6;Tollo"
"GOBP_POSITIVE_REGULATION_OF_CELL_CYCLE_G2_M_PHASE_TRANSITION",0.0534412955465587,0.159550598673457,-0.477825372413672,-1.44051054933455,263,29,"CycB;exd;Hsc70-1;spn-D;fs(1)h;CycD;RnrL;RnrS;Rab11;Cdk4;ko;Sin3A;Dyrk3"
"GOBP_RESPONSE_TO_LAMINAR_FLUID_SHEAR_STRESS",0.0534727703235991,0.159550598673457,0.541622946737311,1.46487309732655,270,19,"Pka-C1;CalpA;Pdk1;Dad;Pkn;Xbp1;Pka-R2;Ac3;Ac78C;Ass"
"GOBP_REGULATION_OF_CELL_MATRIX_ADHESION",0.0535969023843489,0.159758953206438,-0.382561141626431,-1.36616322102787,262,66,"Abl;arm;sax;sgg;Ser;Vinc;mys;Sdc;msn;tsr;CASK;Pi3K92E;Cdk4;Fak;Pi3K21B;chb;Tsc1;Pten"
"GOBP_POSITIVE_REGULATION_OF_HORMONE_SECRETION",0.0536556603773585,0.159772219463754,0.379677363700143,1.34992668613541,272,69,"Ald1;Pka-C1;Dab;EcR;Gdh;Pkc53E;tup;TkR86C;Rac1;Rac2;Osbp;Dap160;Ac78C;gbb;Actbeta;Pfrx;sut2;sut1"
"GOBP_ARTERY_DEVELOPMENT",0.0543012845465162,0.161150928513696,0.41305585495616,1.38971290985368,278,51,"eya;dpp;robo2;put;so;tkv;pros;N;Su(fu);dpn;AP-1-2beta;croc;Nf1;Dad;PlexB"
"GOBP_DIGESTION",0.0543788187372709,0.161150928513696,-0.376056509029874,-1.35553469073349,266,70,"mAChR-A;Amy-p;tin;Lac;cora;emp;Moe;Hr96;Drip;crq;fray;Lip3;Fim;Irp-1B;sut3;Hml;CG5966"
"GOBP_MITOTIC_CYTOKINESIS",0.0542168674698795,0.161150928513696,0.395375525455651,1.37052328653024,278,59,"sti;pbl;polo;sub;vap;Klp3A;pav;nuf;Rho1;JTBR;Rok;CG5498;CG15365;CG15602;CG3632"
"GOBP_POSITIVE_REGULATION_OF_CELL_MATRIX_ADHESION",0.0545602605863192,0.161150928513696,-0.492571753995851,-1.44601695190482,267,26,"Abl;arm;sgg;mys;Sdc;msn;tsr;Cdk4;Fak;Tsc1"
"GOBP_POSITIVE_REGULATION_OF_G1_S_TRANSITION_OF_MITOTIC_CELL_CYCLE",0.0544534412955466,0.161150928513696,-0.477365080854898,-1.4391228983548,268,29,"Egfr;Plc21C;CycD;CycE;Moe;RnrL;RnrS;Cdc2rk;ko;eIF4G1"
"GOBP_POSITIVE_REGULATION_OF_MITOTIC_CELL_CYCLE_PHASE_TRANSITION",0.0545380545380545,0.161150928513696,-0.376419663010226,-1.35502857268485,267,69,"CycB;exd;Hsc70-1;spn-D;Egfr;Plc21C;fs(1)h;CycD;CycE;Moe;RnrL;RnrS;Cdc2rk;Rab11;Rbf;Cdk4;ko;Sin3A;eIF4G1"
"GOBP_REGULATION_OF_CARDIAC_MUSCLE_CELL_PROLIFERATION",0.0546116504854369,0.161150928513696,-0.535467151433307,-1.47789486291777,269,20,"CycB;lz;Egfr;ush;Su(H);htl;babo;Mef2"
"GOBP_REGULATION_OF_CHONDROCYTE_DIFFERENTIATION",0.0545239035954168,0.161150928513696,0.491402312784623,1.43730760326621,275,27,"Pkg21D;dpp;for;tj;run;so;tkv;bap;Gel;Dad;gbb;Smox"
"GOBP_RESPONSE_TO_FATTY_ACID",0.054324377328888,0.161150928513696,0.426202774062736,1.39616891383106,276,45,"Cat;EcR;emc;Jra;r;dpn;E2f1;Cyp6a8;Cyp6a22;Cyp6a17;Pdk;Ork1;Bap60;Ass"
"GOBP_POSITIVE_REGULATION_OF_WNT_SIGNALING_PATHWAY",0.0547192839707079,0.161306746935694,-0.367612346004191,-1.34749762611959,268,77,"Abl;arm;asp;salr;rk;Egfr;boca;zfh1;hh;Su(H);otk;htl;Rel;Nle;DAAM;Madm;Tnks;Kank;Smurf;Dd"
"GOBP_HISTONE_MRNA_CATABOLIC_PROCESS",0.0548380687462746,0.161405416467867,0.511305599973637,1.44403562054649,275,23,"SmF;pcm;SmD3;MTPAP;CstF64;Cpsf100;Upf1;Lsm11;Lsm10"
"GOBP_REGULATION_OF_CHROMOSOME_ORGANIZATION",0.0548935338933385,0.161405416467867,0.311309874409305,1.2668106388133,280,165,"brm;fzy;Hrb98DE;Hsp83;pho;mr;polo;rl;spn-B;CCT1;Cdk1;nonA;mei-41;Zw10;wapl;CCT5;HLH3B;Cdc27;barr;Lgr1;Rca1;pcm;Sirt1;Mekk1;Dlc90F;Bap60;Bap55;Cdc16;Tip60;Cdlc2;BCL7-like;Mad1;XRCC1;l(1)G0020;CG11970;SMC2;CG3793;robl22E;Nek2;CCT2;Dlic;Upf1;Ndc80;DNAlig4"
"GOBP_SKIN_EPIDERMIS_DEVELOPMENT",0.0549359768690624,0.161405416467867,-0.397183649653449,-1.37708184423703,265,57,"arm;Galphas;Catsup;LanA;rb;rk;Su(var)2-10;Egfr;bs;hh;Su(H);14-3-3zeta;htl;Dif;babo;Vang"
"GOBP_TRANSITION_METAL_ION_TRANSPORT",0.0549722050648548,0.161405416467867,-0.405619959804125,-1.38022296584645,266,52,"Chc;Catsup;rb;shi;Mvl;tty;Rab11;Tsf1;Eaat1;ZnT35C;CG3556;Fer3HCH;MSBP;MRP;Zip42C.1;Zip42C.2;Zip48C;ZnT49B;Tsf3"
"GOBP_REGULATION_OF_PROTEIN_CONTAINING_COMPLEX_DISASSEMBLY",0.0551948051948052,0.16173617219434,-0.371354160151987,-1.35220228271232,271,74,"aurA;fliI;qua;Pp1-87B;kst;pll;dia;cpb;Moe;tsr;chb;aru;pigs;Rubicon;Tao;Ubqn;Klp31E;cyst;LRR;CG13016;CG8155;Asph;FAM21;CG2812;CG2765"
"GOBP_RESPONSE_TO_MECHANICAL_STIMULUS",0.0551568587246258,0.16173617219434,-0.339893350521877,-1.31387090218737,268,108,"arm;cact;csw;CycB;hth;Mp20;Atpalpha;Pgi;ptc;Cbp53E;TkR99D;hh;mys;Xpc;Dif;RyR;Pxn;Nrx-IV;Rel;Drip;dos;Fak;vig;CalpB;Dronc;Eaat1;htt"
"GOBP_POSITIVE_REGULATION_OF_NUCLEOCYTOPLASMIC_TRANSPORT",0.0553149606299213,0.161926979276844,0.436874434563462,1.40764249372462,280,42,"Pka-C1;Hsp83;hyd;pbl;smo;Cdk1;CaMKI;14-3-3epsilon;Ran;Xbp1;Cbp20;bon;p38b;Smox;HDAC3"
"GOBP_CARBOHYDRATE_HOMEOSTASIS",0.0554589371980676,0.162187070811844,0.323825664005778,1.28861173460721,286,137,"Ald1;brm;Pka-C1;EcR;fkh;Raf;pnr;tra2;Ptp10D;Rop;Hnf4;sv;Rac1;lark;Rac2;Mlp84B;phr6-4;Pdk;Ork1;toy;Osbp;Xbp1;AMPKalpha;Ac78C;Sirt1;moody;Smox;Tip60;Rip11;sut2;sut1"
"GOBP_REGULATION_OF_MICROTUBULE_CYTOSKELETON_ORGANIZATION",0.0556920556920557,0.162707078297942,-0.357275863993237,-1.33438684827185,271,87,"Abl;aurA;Chc;FER;Hsc70-2;RpS3;Rcc1;sgg;betaTub97EF;mts;Klp67A;Arl2;128up;dia;Lis-1;CLIP-190;chb;Eb1;Cdk5alpha;nmdyn-D7;pigs;Tat;CG9784;Tao"
"GOBP_EYE_PHOTORECEPTOR_CELL_DEVELOPMENT",0.0558526440879382,0.163014363994756,0.584398918409062,1.48041095813654,281,15,"Hr3;tj;Galphai;sn;ple;toy;CG5921"
"GOBP_REGULATION_OF_UBIQUITIN_DEPENDENT_PROTEIN_CATABOLIC_PROCESS",0.0560856864654333,0.163532298891283,0.329668554665299,1.29499383297135,287,125,"abo;bsk;cta;Dab;fzy;Hsp68;Hsp83;dco;l(3)mbt;Raf;polo;Cdk1;Su(fu);faf;Pabp2;RpL23;Hsp70Aa;Hsp70Bb;CkIalpha;Dad;emb;eIF3h;Sirt1;mtm;Rad23"
"GOBP_REGULATION_OF_INSULIN_SECRETION",0.0565853658536585,0.164825887466795,0.340283494449693,1.30700763401465,289,108,"Ald1;Pka-C1;EcR;fkh;Gdh;Galphai;Galphao;Pkc53E;Sh;tup;Hnf4;Rac1;Syx1A;Rac2;Ork1;Rfx;Osbp;cyc;Ac78C;gbb;Actbeta;moody;Pfrx;sut2;sut1"
"GOBP_RESPONSE_TO_AMPHETAMINE",0.0566875126084325,0.164960100983193,-0.521988648353756,-1.46010237730498,280,21,"Cam;Galphas;Galphaf;Tbh;Spn;Hr38;Eaat1"
"GOBP_RESPONSE_TO_TYPE_II_INTERFERON",0.0568535825545171,0.165279881299792,0.38564517457724,1.35495355638253,291,64,"Act5C;EcR;Khc;CG5504;Raf;Syb;Rop;GluProRS;Wnt5;Gel;Prosbeta1;Cdc37;Arp2;Prosalpha5;arg;WASp;Ass;Atf3"
"GOBP_CELLULAR_RESPONSE_TO_STARVATION",0.0569311756677715,0.165342071880142,0.341492156923943,1.30618740726921,291,105,"bsk;fkh;Hsc70-3;Mybbp1A;lt;nau;rl;Wnt5;Wnt4;Ask1;Pi3K68D;Pdk;Gcn2;Xbp1;Pp2C1;AMPKalpha;Sirt1;Actbeta;Tip60;Atf3;Atg5;Lsd-2;CG3632"
"GOBP_MONOSACCHARIDE_METABOLIC_PROCESS",0.0571311138512125,0.165595799951002,-0.313580909299197,-1.27418642376616,277,156,"adp;arr;Eno;Gal;Gapdh1;Gpdh1;Hex-C;Atpalpha;Pepck1;per;Pfk;Pgi;Pp1-87B;Pgd;Pglym87;alpha-Man-IIa;PhKgamma;Gcn5;Lip3;chico;Sik2;CG13369;Dyrk3;beta4GalNAcTA;PCB;Dic1;LManII;O-fut2;onecut;CG7766;FucT6;Usp7;CG10996;CG7322;CG3544;G6P;CG9109;CG9550"
"GOBP_TYPE_I_INTERFERON_PRODUCTION",0.0571016285302,0.165595799951002,-0.398547858495531,-1.37276883779232,276,55,"csw;dx;Gapdh1;mle;sgg;Su(dx);pll;Dif;Rab2;Shark;IKKbeta;Roc1a;Tollo;Set2;CG5445;cactin;CG1812;CG3165;CCHa2-R;Myd88;Sting;Atg9;nopo"
"GOBP_NEGATIVE_REGULATION_OF_T_CELL_APOPTOTIC_PROCESS",0.0572390572390572,0.165745380312309,0.582098899248738,1.47458450387455,288,15,"Hr3;dpp;arg;mino;CG15890;Zir"
"GOBP_OSTEOBLAST_PROLIFERATION",0.0576806314511233,0.166859801110329,-0.55800810934093,-1.48022879290654,284,17,"Abl;arr;grn;if;mys;htl;Tsf1"
"GOBP_ALPHA_AMINO_ACID_METABOLIC_PROCESS",0.0578609000584454,0.16688898820779,0.33477844567653,1.297378062288,296,115,"b;EcR;MsrA;Gdh;Got1;r;slgA;Hnf4;Sam-S;Hdc;ple;Nmdmc;l(2)03659;Odc1;Odc2;Faa;pug;scu;aay;arg;CG17896;CG17636;Ass;Shmt;CG1440;CG1628;ATP7;CG1764;CG1640;Nadsyn;Ggt-1;Cbs"
"GOBP_INNER_EAR_MORPHOGENESIS",0.0578191695770276,0.16688898820779,0.389630993079739,1.35946800261695,297,61,"Dll;bi;eya;tj;osp;so;Sod1;slp2;pros;sv;Wnt5;Rac1;CG10939;Aldh;Rac2;sty;tap;unpg"
"GOBP_REGULATION_OF_MICROTUBULE_DEPOLYMERIZATION",0.0578478964401294,0.16688898820779,-0.53054370665041,-1.46430610451676,285,20,"aurA;dia;chb;pigs;Tao;Klp31E;cyst;CG2812;CG2765;CG16719"
"GOBP_REGULATION_OF_CELL_MORPHOGENESIS",0.0580724876441516,0.167335219049064,-0.342440433997915,-1.30874081236658,281,101,"Lar;dsh;FER;numb;stau;Tm2;ct;mew;mys;woc;cora;dia;cpb;Moe;tsr;pnut;Lis-1;Fak;Plap;Crk;unc-13;RhoGAPp190;Eb1;fz4;Kank;cindr;Smurf;aru;Grip"
"GOBP_REGULATION_OF_REGULATED_SECRETORY_PATHWAY",0.0581988972840515,0.167535377504579,-0.374713652242718,-1.34402120466595,284,68,"Cam;dor;dsh;FER;grn;Wnt2;Syn;Rap1;mys;Hem;CASK;Cdk5;Shark;dos;RhoGAP1A;Cdk5alpha;CG3168;Rph;Tomosyn;galectin;CG11374"
"GOBP_REGULATION_OF_OSTEOBLAST_DIFFERENTIATION",0.0583382439599293,0.167772349687304,0.372842196739248,1.3400062021638,296,73,"Pka-C1;Hr3;dpp;Dr;emc;Jra;put;run;sog;tkv;twi;N;Su(fu);Wnt5;Sema2a;Pp2B-14D;Rca1;Dad;gbb;Smox;msk"
"GOBP_EXOCYTOSIS",0.0584469227591904,0.167920748786658,-0.307162011628643,-1.26259061396064,282,170,"Cam;comt;dor;dsh;FER;grn;Csp;Wnt2;Syn;Rap1;mys;CanA1;Sdc;Snap25;Ank;Hem;Nca;CASK;Cdk5;Rab2;Hr38;Pi3K92E;Shark;Rab11;Rab7;dos;Cbl;chb;unc-13;RhoGAP1A;CSN5;Cdk5alpha;Sec71"
"GOBP_CELLULAR_RESPONSE_TO_DEXAMETHASONE_STIMULUS",0.058573165788407,0.168114413801458,-0.537271118000441,-1.46330826525495,288,19,"Pepck1;hop;Psc;blw;Smyd3;eIF4E1;Drip;Axn"
"GOBP_INSULIN_RECEPTOR_SIGNALING_PATHWAY",0.0587429018993538,0.168114413801458,0.374238045011416,1.3391006408148,299,71,"EcR;Sos;ninaB;Raf;Pkc53E;Ras85D;rl;Ptp10D;drk;inaC;dock;lark;BRWD3;croc;Mlp84B;Pi3K68D;Pdk;Pdk1;AMPKalpha;Sirt1;myo"
"GOBP_MEMBRANE_REPOLARIZATION",0.0587426326129666,0.168114413801458,0.492119017123281,1.42838522261188,298,26,"dlg1;Ca-alpha1D;sei;Sh;Shal;nrv2;Ork1;14-3-3epsilon"
"GOBP_REGULATION_OF_MYOTUBE_DIFFERENTIATION",0.0586719524281467,0.168114413801458,0.520767172653819,1.44024854455411,295,21,"Actn;nau;N;HDAC1;Xbp1;p38b;HDAC3"
"GOBP_NEGATIVE_REGULATION_OF_PROTEIN_CONTAINING_COMPLEX_ASSEMBLY",0.0590519002860646,0.168672847186417,-0.362027352457306,-1.33828867399223,288,81,"fliI;Gapdh1;Hsf;qua;sgg;betaTub97EF;kst;neb;Cdc42;l(2)efl;cpb;Moe;tsr;Eb1;Kank;Sec71;NC2beta;aru;ssh;CG1785"
"GOBP_PEPTIDYL_SERINE_MODIFICATION",0.0590526963297109,0.168672847186417,-0.414225832714553,-1.377986691702,287,47,"aurA;Pepck1;sgg;Egfr;Cdk2;Dsor1;babo;ko;fray;IKKbeta;Srpk79D;Pten;Cdk5alpha;Tnks"
"GOBP_REGULATION_OF_OLIGODENDROCYTE_DIFFERENTIATION",0.0592431147216168,0.16905261252279,0.513124706832299,1.43455305611455,298,22,"Dll;emc;Ten-m;N;dpn;Nf1;HDAC1;csul"
"GOBP_ESTABLISHMENT_OF_PROTEIN_LOCALIZATION_TO_ORGANELLE",0.0593301435406699,0.169136901450243,0.274293982174076,1.20025937972306,309,324,"bsk;dpp;g;Hsc70-3;Hsp68;Hsp83;hyd;lt;pbl;smo;so;CCT1;Cdk1;N;Su(fu);faf;CanB;RpL23;Rac1;Nup214;SsRbeta;eff;SrpRbeta;Dop1R1;Trp1;E2f1;Pp2B-14D;Hsp70Aa;Hsp70Bb;Pex1;Rac2;Mlp84B;Roe1;Nf1;Rala;Srp19;dod;Rab10;Vsp37A;Tom40;Nlp;fz2;14-3-3epsilon;Ran;Xbp1;Vps25;bon;AMPKalpha;Pex5;p38b;Kap-alpha1;Smox;HDAC3;msk;Nipped-B;Tim9b;Tim8;Stam;Rab3-GAP;OXA1L;Nup107;l(1)G0320;asf1;Aos1;CG14270;Marf;Pink1"
"GOBP_POSITIVE_REGULATION_OF_MYELOID_CELL_DIFFERENTIATION",0.0597199341021417,0.170083297317039,-0.389408826506025,-1.36002428914237,289,59,"acj6;FER;grn;Gs2;Hsc70-2;Hsf;lz;pnt;Ser;babo;Hem;Rbf;Stat92E"
"GOBP_ASSOCIATIVE_LEARNING",0.0601115472009915,0.170702868595866,-0.391050214752107,-1.3601188734074,290,58,"Abl;hth;mnd;Atpalpha;Su(var)2-10;trx;bs;TkR99D;mys;fd96Cb;Tbh;Nmdar1;Snap25;Cdk5;Deaf1;Tsc1;Eaat1;beta4GalNAcTA;Sur"
"GOBP_CELLULAR_RESPONSE_TO_KETONE",0.0600040958427196,0.170702868595866,-0.3396183866127,-1.3052482304513,292,104,"Galphas;Pepck1;Pkc98E;rut;Rap1;Ac76E;hop;Psc;blw;scat;Smyd3;eIF4E1;Ugt36A1;Drip;Cdk4;CG2187;Ugt35B1;Ugt35A1;Axn;Ugt37C1;Ugt37A1;Ugt49B1"
"GOBP_NEGATIVE_REGULATION_OF_CELL_PROJECTION_ORGANIZATION",0.0600975609756098,0.170702868595866,0.349614604685591,1.31017641784499,307,93,"Acph-1;Appl;Dab;Ptp10D;trpl;dpn;Wnt5;Sema1a;Sema2a;Pp2B-14D;Syx1A;sty;Rab10;HDAC1;Abi;DIP2;Rtca;PlexB;PlexA"
"GOBP_LIMBIC_SYSTEM_DEVELOPMENT",0.0606490872210953,0.171897509252854,-0.365471988089622,-1.33749412505245,298,76,"arm;E(z);Atpalpha;sgg;tll;bs;neb;zfh1;fd96Cb;htl;Spn;tsr;Cdk5;Nrx-IV;Hr38;otp;Lis-1;Cdk4;Crk;Tsc1;Pten;Lim1;Cdk5alpha;kirre"
"GOBP_POSITIVE_REGULATION_OF_PROTEIN_SECRETION",0.0606001176701314,0.171897509252854,0.363020163436087,1.32134014680149,308,78,"Ace;Ald1;Pka-C1;EcR;Gdh;Pkc53E;tup;Rac1;Rac2;Osbp;Ac78C;gbb;Mhcl;Drp1;Pfrx;sut2;sut1;SK"
"GOBP_REGULATION_OF_RAC_PROTEIN_SIGNAL_TRANSDUCTION",0.0608917697898252,0.172419236498235,0.540243719685315,1.4418764343302,309,18,"Sos;Ras85D;drk;Wnt5;Nf1"
"GOBP_POSITIVE_REGULATION_OF_RECEPTOR_MEDIATED_ENDOCYTOSIS",0.0609756097560976,0.172490619136961,0.469213899762526,1.40429225342196,309,30,"Appl;BicD;Dab;sl;Fmr1;CG4701"
"GOBP_SIGNAL_TRANSDUCTION_IN_RESPONSE_TO_DNA_DAMAGE",0.0611966478269343,0.172949604137215,0.332915326252719,1.29174301440513,313,116,"chif;Dr;crp;polo;rl;Cdk1;mei-41;drk;E2f1;l(2)dtl;spel1;p38a;phr6-4;Nlp;lok;Gcn2;Spred;Pp2C1;Sirt1;p38b;SkpA;Rad9;Rad17;Tip60;Tak1;Rad1;CSN3;CG6191;CG2082"
"GOBP_NEURAL_TUBE_FORMATION",0.0612956129561296,0.173063045409725,-0.375336617002809,-1.34167033444931,298,67,"Abl;dsh;ena;pk;ptc;zfh1;otk;gig;Sdc;tsr;Hem;Deaf1;ktub;Vang;Gcn5;Tsc1;RhoGAPp190;CG4935;Las;CHOp24"
"GOBP_G0_TO_G1_TRANSITION",0.0615942028985507,0.173572935754345,-0.497080781883324,-1.43619673474484,305,24,"Act42A;mor;Cdk2;CycC;RnrL;RnrS;Snr1"
"GOBP_MRNA_EXPORT_FROM_NUCLEUS",0.0615606341362981,0.173572935754345,-0.401622588375221,-1.36662091368941,298,52,"e(y)2;mago;sbr;e(r);eIF4E1;Smg5;drongo;Nup154;Cbp80;Dbp80;Nsun2;mbo;Nup93-1;nito;Ythdc1;Nxt1;Upf2;Set2;CG9915"
"GOBP_MEMORY",0.0617839607201309,0.17394106453457,-0.35816298996174,-1.32940222384596,301,83,"if;rut;sr;bs;ct;mew;Cbp53E;Plc21C;TkR99D;nmd;CanA1;Itpr;Lcch3;CycD;Tbh;AcCoAS;Gcn5;mbt;Fen1;Eaat1;beta4GalNAcTA;sut3;Sur;nAChRalpha5;Nep1;BTBD9;MSBP"
"GOBP_B_CELL_RECEPTOR_SIGNALING_PATHWAY",0.0619843026765949,0.173970129780615,-0.50238185897377,-1.43808801693744,307,23,"Abl;cact;csw;Pkc98E;Mef2;Hem;Rel;Pi3K92E;Shark"
"GOBP_REGULATION_OF_ALPHA_BETA_T_CELL_DIFFERENTIATION",0.0619307832422587,0.173970129780615,-0.440844303045784,-1.39009792320511,305,36,"grn;lz;rb;hh;fs(1)h;hop;Hem;Bgb;Bro;Shark;Stat92E"
"GOBP_REGULATION_OF_CHROMOSOME_SEGREGATION",0.0618657298985168,0.173970129780615,0.350582316273328,1.30575431544824,316,90,"brm;fzy;mr;polo;pum;spn-B;Cdk1;Zw10;wapl;tws;Cdc27;barr;Rca1;Sirt1;Dlc90F;Bap60;Bap55;Cdc16;Tip60;Cdlc2;BCL7-like;Mad1;SMC2;CG3793;robl22E"
"GOBP_REGULATION_OF_NITRIC_OXIDE_METABOLIC_PROCESS",0.0620308178585539,0.173970129780615,0.483680390606306,1.41472167485282,313,27,"Appl;Hsp83;put;Rac1;Rac2;Psi;Smox;Rok;Ass"
"GOBP_RECEPTOR_MEDIATED_ENDOCYTOSIS",0.0624154589371981,0.174882171612606,0.321798979032709,1.27925628288709,322,136,"Ace;Appl;Arr1;BicD;Dab;dlg1;sl;GluRIA;drk;CanB;Rac1;AP-1-2beta;Ance;Rac2;Rala;Rme-8;stnB;sktl;Dap160;Clc;PlexB;mtm;Eato;Fmr1;fab1;CG4701"
"GOBP_EMBRYONIC_FORELIMB_MORPHOGENESIS",0.0628334321280379,0.175718590609019,0.554324529255517,1.45236799181773,317,17,"bi;Dr;en;Ca-alpha1D;run;Aldh;Nipped-B"
"GOBP_REGULATION_OF_APOPTOTIC_SIGNALING_PATHWAY",0.0628282435323867,0.175718590609019,0.302049913319672,1.24677666516432,322,185,"Appl;bsk;eya;dpp;Dr;Galphai;Hsp68;Raf;pnr;slgA;Sod1;tkv;wbl;nonA;CrebA;scrt;Wnt5;dock;CG10939;BRWD3;Hsp70Aa;Hsp70Bb;Ptp69D;Su(Tpl);Nf1;HDAC1;Usp47;Xbp1;gbb;Sirt1;Actbeta;Pli;Rad9;Trap1;CG14777;GlnRS;Atf3;CG14778;CG11700;Pink1;fh;CG2076"
"GOBP_MONOATOMIC_ION_TRANSMEMBRANE_TRANSPORT",0.0629397223806807,0.1758486830427,0.261008976462539,1.17544750983194,330,436,"nAChRalpha1;nAChRalpha2;AnxB10;Appl;Pka-C1;dnc;eag;Actn;g;Gbeta13F;Grd;dlg1;Ca-alpha1D;na;sei;Sh;Shaw;sl;slo;Zw;nAChRbeta2;porin;GluRIA;Shal;trpl;CanB;ATPsynbeta;SerT;l(2)03659;ATPsynG;ND-SGDH;Dop1R1;Pp2B-14D;CalpA;Calx;Ptp69D;CanB2;nrv2;ATPsynD;Ork1;ND-75;ND-23;Mo25;COX5A;ND-42;ATPsyngamma;14-3-3epsilon;Pdk1;RFeSP;Vha36-1;foi;GluClalpha;Spg7;goe;CG6230;CG7601;VhaSFD;sut2;sut1;aralar1;VhaPPA1-1;VhaM9.7-b;Nhe3;Nckx30C;Fmr1;Surf1;CG10804;SK;ND-ASHI;Atg5;CG2076;ATP7;Nep6;CG15890;CG8916;ND-20;Nipsnap;CG4239;CG9981;ppk28;CG16700;ND-24;Frq1"
"GOBP_AXONAL_TRANSPORT",0.063273727647868,0.175946414688117,0.424265036432449,1.38177500799224,321,44,"g;DCTN1-p150;Khc;dlg1;Sod1;Klp64D;Klp3A;shot;syd;Spg7;Rab27;HDAC6"
"GOBP_POSITIVE_REGULATION_OF_PROTEIN_CATABOLIC_PROCESS",0.0630982613791756,0.175946414688117,0.325883454447464,1.28377613574483,322,129,"abo;Appl;bsk;Dab;fzy;Hsp68;Hsp83;dco;polo;Fur1;gol;Wnt5;Hsp70Aa;Hsp70Bb;l(2)dtl;Oda;CkIalpha;Tmtc3;Rpt6;Dad;Xbp1;Sirt1;Rilpl;Rad23;Eato;Rpt1;Fmr1"
"GOBP_REGULATION_OF_DOUBLE_STRAND_BREAK_REPAIR",0.0632678132678133,0.175946414688117,-0.353421273775916,-1.31999036922067,308,87,"Abl;Act42A;ben;capu;Hsf;mor;mus301;spn-A;Su(var)2-10;Snr1;mre11;Pp4-19C;Hmt4-20;Dek;CG11403;RecQ5;Ogg1;CG3473;Bap111;Set2;Ing3;Ubqn;Art2;Gas41;CG4968;YL-1"
"GOBP_REGULATION_OF_NEURAL_PRECURSOR_CELL_PROLIFERATION",0.0631681243926142,0.175946414688117,0.403999801907028,1.3655540859475,324,52,"emc;Galphai;kar;smo;slp2;pros;N;Wnt5;SerT;heph;Rho1;Su(Tpl);Nf1;toy;stck;Ptx1;Bap60;Ilk"
"GOBP_REGULATION_OF_POSTSYNAPTIC_MEMBRANE_POTENTIAL",0.0630841121495327,0.175946414688117,0.381653085458545,1.34092746269498,323,64,"nAChRalpha1;nAChRalpha2;Appl;Grd;dlg1;Sh;nAChRbeta2;Syt1;GluRIA;Shal;Pp2B-14D;Syx1A;Calx;GluClalpha;mtm"
"GOBP_SYNAPTIC_TRANSMISSION_GABAERGIC",0.0638883428346766,0.177487728630424,0.450194196614832,1.39991626856669,324,35,"Grd;Khc;na;Ras85D;Rop;TkR86C;Rac1;Rac2;Nf1;Ork1"
"GOBP_REGULATION_OF_ALPHA_BETA_T_CELL_ACTIVATION",0.0640973630831643,0.177900417161009,-0.419714563231641,-1.37660681480178,315,43,"grn;lz;rb;Su(dx);hh;fs(1)h;hop;Hem;Bgb;Bro;Shark;Stat92E"
"GOBP_EXTRINSIC_APOPTOTIC_SIGNALING_PATHWAY",0.0643250969981621,0.178038377781986,-0.346005898551402,-1.31240214155507,314,95,"grn;Hsc70-2;if;sax;sgg;sina;Egfr;Pp1-87B;mew;hop;alpha-Cat;Tbh;htl;LamC;Dif;babo;Nos;Ret;Nmda1;Pi3K21B;mbt;Cortactin;Dronc;htt;Tollo;REG;ND-B16.6"
"GOBP_REGULATION_OF_POTASSIUM_ION_TRANSPORT",0.0642273258077073,0.178038377781986,0.405400679527812,1.36395732258304,329,51,"Actn;Gbeta13F;Khc;dlg1;Ca-alpha1D;sei;Shaw;Dop1R1;nrv2;Mo25;14-3-3epsilon;goe;SK;Nep6"
"GOBP_RESPONSE_TO_HYDROGEN_PEROXIDE",0.0643286184847898,0.178038377781986,0.391443428995075,1.35288506165174,331,58,"Cat;eEF2;Hsp23;pbl;pnr;Sh;Sod1;Cdk1;PCNA;Dcp-1;CalpA;Ask1;Rho1;p38a;HDAC1;AMPKalpha;Sirt1;p38b;HDAC6"
"GOBP_CELL_SURFACE_RECEPTOR_SIGNALING_PATHWAY_VIA_JAK_STAT",0.0644766374209345,0.178280326402622,-0.433553016346313,-1.38696372634324,315,39,"Cam;Lar;FER;Su(var)2-10;Egfr;hop;htl;Stat92E;Fak"
"GOBP_LOCOMOTORY_BEHAVIOR",0.0646219135802469,0.178514243899612,0.318103654002003,1.27154113519687,334,141,"nAChRalpha1;nAChRalpha2;Appl;emc;en;fkh;Gbeta13F;Galphao;dlg1;pum;Sod1;alphaTub85E;nAChRbeta2;GluRIA;Shal;ple;Dcp-1;HLH3B;Dop1R1;Aldh;unpg;Lgr1;Ptx1;Ac78C;Npc1a;GluClalpha"
"GOBP_CELLULAR_RESPONSE_TO_INTERLEUKIN_1",0.0650671004473363,0.179407131692655,-0.463216199844932,-1.40461649832577,319,30,"cact;cn;sr;Plc21C;Psc;hep;pll;Dif;tsr;IKKbeta"
"GOBP_CYTOSKELETON_DEPENDENT_CYTOKINESIS",0.0650550314465409,0.179407131692655,0.372718238253443,1.32518381218287,330,69,"sti;pbl;polo;spir;sub;vap;Klp3A;pav;Arp2;nuf;Rho1;Orc4;JTBR;Rok;CG5498;CG15365;CG15602;CG3632"
"GOBP_TYPE_B_PANCREATIC_CELL_DIFFERENTIATION",0.0652045050385299,0.179617653392655,0.5519860246022,1.44624095047652,329,17,"dpp;smo;Wnt5;toy;Rfx;Pdk1;cyc;gbb"
"GOBP_PTERIDINE_CONTAINING_COMPOUND_METABOLIC_PROCESS",0.0653685674547983,0.179901146353617,0.500742400364413,1.41420290112498,328,23,"Pkg21D;for;pr;Dhfr;Nmdmc;pug;Ts;Shmt"
"GOBP_DEVELOPMENT_OF_PRIMARY_FEMALE_SEXUAL_CHARACTERISTICS",0.0655897236278708,0.180192900339123,0.404263654661303,1.36013183962026,336,51,"Idh;mei-W68;Sod1;tkv;N;Wnt5;Taf4;Rac1;Dcp-1;Rac2;Lgr1;eIF2Bepsilon;Sirt1;Actbeta;eIF2Bbeta;Nup107;CG11700"
"GOBP_EPIBOLY",0.0655970755483347,0.180192900339123,-0.487387335965585,-1.41913019740441,322,25,"if;sax;Wnt2;mys;cher;chb;Fim;Torsin;RhoGAPp190;Pten"
"GOBP_NEGATIVE_REGULATION_OF_PROTEIN_LOCALIZATION",0.0657325365753142,0.180396569593819,-0.332604755860509,-1.29271805732388,318,113,"aurA;bic;cact;Chc;csw;numb;Pfk;sgg;Su(var)2-10;Cdk2;hop;Gdi;14-3-3zeta;alpha-Cat;babo;fra;wts;Nca;Cdk5;Fkbp12;Sin3A;chico"
"GOBP_CELLULAR_RESPONSE_TO_CORTICOSTEROID_STIMULUS",0.0659049173638033,0.180532836950009,-0.432466957754575,-1.38348935570198,322,39,"Pepck1;sgg;hop;Psc;Hmgs;blw;Smyd3;eIF4E1;Drip;Ubc10;Axn;Ugt37C1;Ugt37A1"
"GOBP_NEGATIVE_REGULATION_OF_SECRETION",0.0658670861187574,0.180532836950009,0.356155356967102,1.30675812428831,334,82,"EcR;Galphai;Galphao;Raf;Syb;wbl;5-HT1A;Syt1;Rop;N;nuf;Nf1;tap;phr6-4;gbb;Actbeta;moody;Rip11;Syt4;Fmr1;ppk28;CG11601;CG3625;CG7420"
"GOBP_CYTOSKELETON_DEPENDENT_INTRACELLULAR_TRANSPORT",0.0660869565217391,0.180702488161709,0.320062307706489,1.27235244586419,341,136,"Appl;BicD;Actn;fy;g;DCTN1-p150;in;Khc;dlg1;Sod1;alphaTub84B;alphaTub84D;alphaTub85E;nonA;Klp64D;Klp98A;Klp3A;shot;syd;Dlc90F;Spg7;Rab27;Cdlc2;HDAC6;Kap3;robl22E;CG11700;Atg5"
"GOBP_POSITIVE_REGULATION_OF_OSSIFICATION",0.0660896931549961,0.180702488161709,0.46505898166567,1.39185715868165,335,30,"dpp;Actn;put;tkv;usp;TkR86C;Wnt5;Calx;gbb;Smox;Nipped-B"
"GOBP_AMIDE_METABOLIC_PROCESS",0.0663109756097561,0.180917055009369,0.281447566886805,1.21144035071873,347,269,"Ace;Ald1;awd;EcR;Hsp23;Idh;ifc;r;ry;Sod1;Zw;Dhfr;Fur1;Fur2;mdy;Nmdmc;Dcp-1;fbl;Ance;dod;wun;Pdk;pug;Osbp;AMPKalpha;arg;DIP2;NitFhit;CG17636;ApepP;Rok;Ass;bgm;mino;Pdha;CG17841;Eato;CG33090;ScsbetaG;CG7024;CG15771;CG3097;Shmt;Pdp;spidey;Aladin;CG1628;Sk1;CG1492;dob;Mvd;CG4829;Gss1;Ggt-1;CG1801;CG31689;CG9663;Oscillin;CG9547;CG8673;Argl;Hacd1;Ance-3;Jwa;TM9SF2;CG8665;CG2528;Dgat2;CG1946;ACC"
"GOBP_REGULATION_OF_LEUKOCYTE_CHEMOTAXIS",0.0662615173495393,0.180917055009369,0.43672700668286,1.38798511990398,337,39,"Appl;rl;Ptp10D;Wnt5;Rac1;Rac2;CaMKI;myo;Drp1"
"GOBP_REGULATION_OF_RNA_SPLICING",0.066352652058161,0.180917055009369,-0.321172848543383,-1.27332522840251,323,129,"e(y)2;fl(2)d;Hsc70-2;mago;Rm62;sm;su(w[a]);vls;B52;fs(1)h;Bx42;U2af50;Rox8;RpS13;Taf12;Pitslre;snRNP-U1-70K;Gcn5;Pi3K21B;Cbp80;qkr58E-2;vig;Srpk79D;Taf10b;nito;Ythdc1;CG4119;hfp"
"GOBP_MUSCLE_CELL_APOPTOTIC_PROCESS",0.0665354330708661,0.181079781771034,0.428565069847706,1.3808690917025,337,42,"Hsp83;pnr;tkv;GluRIA;N;sv;E2f1;CalpA;Pdk1;gbb;Sirt1;Mkk4;Marf;Pdcd4;CG4887;Hand;CG6770"
"GOBP_STEROL_HOMEOSTASIS",0.0665014456836018,0.181079781771034,-0.388188405295887,-1.34589428729685,321,57,"arr;ftz-f1;skd;Mdr49;Jhe;Lac;htl;emp;crq;Past1;Atet;CG4757;CG5966;CG6847;CG4822;Tspo;Tango14;G6P"
"GOBP_DOPAMINE_METABOLIC_PROCESS",0.0669695772421968,0.18119288817951,0.479123944007752,1.40139447803345,338,27,"nAChRalpha1;Ddc;Galphai;5-HT1A;ple;Dop1R1;Aldh"
"GOBP_DOPAMINE_TRANSPORT",0.0670851314240879,0.18119288817951,0.4594471607713,1.38701898507509,341,31,"nAChRalpha1;nAChRalpha2;Galphai;Sh;nAChRbeta2;Syt1;Rab3;Dop1R1"
"GOBP_ERYTHROCYTE_HOMEOSTASIS",0.0668225209429184,0.18119288817951,0.33863188409373,1.28902397469946,342,102,"dpp;emc;tj;Hsp68;l(3)mbt;Myb;put;Zw;RpS14a;RpS17;Rac1;Dcp-1;heph;HLH3B;Hsp70Aa;Hsp70Bb;Chi;Rac2;p38a;CG3156;p38b;Actbeta;Irp-1A;HDAC6"
"GOBP_HEART_GROWTH",0.0668443715398811,0.18119288817951,-0.410619523972701,-1.36598974448151,325,47,"Abl;CycB;FER;lz;sgg;Egfr;ush;Su(H);htl;babo;Mad;Mef2"
"GOBP_NEGATIVE_REGULATION_OF_NEURON_APOPTOTIC_PROCESS",0.06704456606724,0.18119288817951,0.350289512211458,1.30287914356781,342,89,"Dll;en;Jra;Raf;Pkc53E;Ras85D;so;Sod1;tup;vap;nonA;Rop;B-H2;Rho1;spel1;Sirt1;Mkk4;moody;PlexB;Rok;AlaRS;Six4;CenG1A;Pink1;GIIIspla2;ATP7;DNAlig4"
"GOBP_POSITIVE_REGULATION_OF_MONOATOMIC_ION_TRANSMEMBRANE_TRANSPORT",0.0667454223272298,0.18119288817951,0.433527732879482,1.3821865584376,338,40,"Actn;sei;Shaw;sl;Zw;trpl;CanB;Dop1R1;Pp2B-14D;CalpA;CanB2;nrv2;Pdk1"
"GOBP_PROTEIN_LOCALIZATION_TO_CHROMOSOME_CENTROMERIC_REGION",0.0671928759360453,0.18119288817951,-0.54648628265084,-1.44966482917904,331,17,"Mps1;aurA;rod;Rbf;Bub3"
"GOBP_REGULATION_OF_LONG_TERM_NEURONAL_SYNAPTIC_PLASTICITY",0.0669174420906751,0.18119288817951,0.562711528801402,1.45267097326792,337,16,"Appl;dlg1;Ras85D;Nf1;Fmr1"
"GOBP_REGULATION_OF_SYNAPTIC_VESICLE_EXOCYTOSIS",0.0670731707317073,0.18119288817951,-0.471836208874409,-1.40925172047907,329,28,"Cam;dor;dsh;Wnt2;Syn;Rap1;CASK;Cdk5"
"GOBP_RESPONSE_TO_UV",0.0671612651308083,0.18119288817951,0.352997704314961,1.30238137636406,343,84,"bsk;Cat;Galphai;Hsp23;pho;mei-41;Ubc6;Xpac;PCNA;Dcp-1;l(2)dtl;spel1;p38a;Nlp;Drice;Gcn2;AMPKalpha;Sirt1;Mekk1;p38b"
"GOBP_CD8_POSITIVE_ALPHA_BETA_T_CELL_DIFFERENTIATION",0.067379463385112,0.181363569331198,-0.511844509190797,-1.43172727421747,333,21,"Prosbeta6;lz;Hem;Bgb;Bro;Prosalpha7;Prosbeta3;Prosbeta5;Prosbeta4R2;Prosalpha6T"
"GOBP_POSTSYNAPSE_ASSEMBLY",0.0673649620045184,0.181363569331198,-0.405174952678825,-1.35911147976869,327,49,"Abl;Lar;numb;pk;Wnt2;Spn;wts;Fak;CRMP;Crk;Pten"
"GOBP_REGULATION_OF_EPITHELIAL_CELL_DIFFERENTIATION",0.0675480272670936,0.181421380099318,-0.386435527801562,-1.34406844668591,326,58,"arm;E(z);grn;net;Pkc98E;sax;ptc;Ser;Vinc;B52;zfh1;Plc21C;14-3-3zeta;Mbs;Hr96;Stat92E;IKKbeta;promL;Lim1;botv;Hey"
"GOBP_SMOOTH_MUSCLE_CELL_PROLIFERATION",0.0675859390172849,0.181421380099318,0.379621256052727,1.33016113969512,347,63,"cta;dpp;emc;for;Galphai;Jra;Pkc53E;tkv;Tm1;5-HT1A;N;TkR86C;Ance;HDAC1;Xbp1;Mat1;Tak1;CG2082"
"GOBP_SUPEROXIDE_ANION_GENERATION",0.0675381263616558,0.181421380099318,0.570608751409712,1.44547743294121,340,15,"Appl;Galphai;Sod1;Rac1;Rac2"
"GOBP_ATTACHMENT_OF_SPINDLE_MICROTUBULES_TO_KINETOCHORE",0.0677210056772101,0.181618230357659,-0.451456484496712,-1.38595514135197,333,32,"aurA;CycB;dup;rod;Cdc42;Rbf;Gcn5;aurB;Bub3;Eb1"
"GOBP_RESPIRATORY_SYSTEM_PROCESS",0.0679075475557374,0.181787083629645,-0.447618164108119,-1.38208261858658,331,33,"exd;Atpalpha;rb;Ser;C15;14-3-3zeta;Dhc93AB;Vang"
"GOBP_VACUOLAR_LOCALIZATION",0.0678952473326867,0.181787083629645,0.391907956874332,1.34601428023599,349,56,"car;Galphai;Khc;Syb;Galphaq;Rop;Rab3;Rac1;nSyb;Rac2;Pdk1;syd;HDAC6"
"GOBP_POSITIVE_REGULATION_OF_CHOLESTEROL_BIOSYNTHETIC_PROCESS",0.0681053256780835,0.182150789222656,0.561314972670609,1.44906568627822,343,16,"Pka-C1;Galphai;rl;AMPKalpha;CG31689;CG9663"
"GOBP_PLATELET_AGGREGATION",0.0684541945967906,0.182917566306774,-0.426153630686106,-1.37473833137789,336,40,"Act42A;csw;Galphas;grn;mnd;betaTub85D;Vinc;mys;hop;cher;Pi3K92E;Shark"
"GOBP_PRODUCTION_OF_MOLECULAR_MEDIATOR_INVOLVED_IN_INFLAMMATORY_RESPONSE",0.0687614772495409,0.183430097573184,-0.429848087285327,-1.37511142219006,336,39,"cact;per;Ac76E;hop;Dif;Snap25;Nos;Rel;Shark;Lip3;IKKbeta;nAChRalpha5;Tollo"
"GOBP_REGULATION_OF_EPITHELIAL_TO_MESENCHYMAL_TRANSITION",0.0687706993960647,0.183430097573184,0.406336867516715,1.35656579487369,352,49,"Dab;dpp;fkh;fy;tup;N;noc;Su(Tpl);mof;sty;HDAC1;Dad;Spred;gbb;Smox;CG6171"
"GOBP_CEREBRAL_CORTEX_RADIALLY_ORIENTED_CELL_MIGRATION",0.0689724919093851,0.18349532820874,-0.518635286152902,-1.4314387410723,340,20,"arm;tll;Awh;Cdk5;Lis-1;tna;Cdk5alpha"
"GOBP_GENERATION_OF_PRECURSOR_METABOLITES_AND_ENERGY",0.0690446391322486,0.18349532820874,-0.273024703869726,-1.19314386106096,330,291,"CycB;Eno;flw;Gapdh1;Gpdh1;Hex-C;Ide;per;Pfk;Pgi;sesB;sgg;Pp1-87B;mts;Pgd;Su(H);Scsalpha1;Arl2;nvy;slbo;Uch;wal;Hmgs;blw;ox;scat;Pglym87;ND-ACP;Nos;PhKgamma;Fdx1;SdhB;sun;Hr38;Cpr;ATPsynCF6;ATPsynO;T3dh;ATPsynB;ND-PDSW;Lip3;chico;CG13369;ND-B14.5A;Dyrk3;Idh3a;NP15.6;Mtch;ATPsyndelta;Sur;CG3626;Sirt4;raptor;ND-B16.6;ND-MNLL;Rubicon;CG1785;CG7766"
"GOBP_REGULATION_OF_STRIATED_MUSCLE_CELL_DIFFERENTIATION",0.068985965605851,0.18349532820874,0.429767013936411,1.37657091401146,348,41,"dpp;Dr;Actn;pho;nau;Zw;pros;N;HDAC1;Xbp1;p38b;HDAC3"
"GOBP_TUBE_CLOSURE",0.068901303538175,0.18349532820874,-0.382797842630743,-1.33920406043937,332,60,"Abl;dsh;ena;pk;ptc;zfh1;otk;gig;Sdc;Hem;Deaf1;ktub;Vang;Gcn5;Tsc1;RhoGAPp190;CG4935;Las;CHOp24"
"GOBP_DETECTION_OF_LIGHT_STIMULUS",0.0695703586913678,0.184410133133045,0.440274135244771,1.38256184938738,352,37,"Arr1;Galphai;Ca-alpha1D;ninaB;Galphaq;Cds;Nckx30C;CG1847;ppk28"
"GOBP_ORGANIC_ACID_METABOLIC_PROCESS",0.069620253164557,0.184410133133045,-0.251889022582495,-1.15490128139821,329,494,"Pfas;adp;cn;Cyp6a2;Eno;Fbp2;ftz-f1;Gapdh1;Got2;Gpdh1;Gs2;Hex-C;Hn;Men;mnd;Atpalpha;Pepck1;per;Pfk;Pgi;v;mts;Su(P);Mdr49;Gad1;Pgd;Scsalpha1;Arl2;nvy;Vha55;Jhe;GstS1;Uch;htl;wal;Sply;poe;Pglym87;ND-ACP;Nos;Pxn;AcCoAS;Cyp6a9;SdhB;CG11899;Hydr2;Cyp9b2;Cyp9c1;Shark;Cpr;Ugt36A1;P5cr;Nurf-38;Stat92E;T3dh;ATPCL;Sp1;Gcn5;Oat;Lip3;CG11596;chico;Plap;Pcd;fidipidine;Ugt35B1;Ugt35A1;Eaat1;Ugt37C1;Ugt37A1;Ugt49B1;Idh3a;CG4757;glob1;Mtch;ppl;Sur;Cyp28a5;trbl;Men-b;Las;CG3603;CG3626;Sirt4;CG5966;raptor;Btnd"
"GOBP_POSITIVE_REGULATION_OF_BLOOD_CIRCULATION",0.0696395846059866,0.184410133133045,-0.536127617905293,-1.43973640250139,341,18,"Atpalpha;Pu;sgg;Tm2;TkR99D;RyR;Acer;Oamb;Eaat1;Hey"
"GOBP_STRESS_FIBER_ASSEMBLY",0.0695220360024829,0.184410133133045,-0.382138417313044,-1.3368970854132,335,60,"Abl;ena;shi;bs;Tm2;zfh1;TkR99D;mys;cdi;Cdc42;Sdc;babo;Pi3K21B;chb;Tsc1"
"GOBP_MYOBLAST_DIFFERENTIATION",0.0697539236582058,0.184546801620901,0.387702009559495,1.33995417537588,359,58,"bi;brm;dpp;emc;nau;tup;N;byn;CalpA;Ask1;Mlp84B;p38a;Ptx1;p38b;Bap60;Bap55;Tip60;myo;drpr"
"GOBP_RESPONSE_TO_GAMMA_RADIATION",0.0699471329808865,0.184891702812011,-0.459518980493365,-1.39340537207224,343,30,"grn;Hsf;spn-A;sr;Top1;l(2)efl;Irbp;Set;Cbl"
"GOBP_CARBOHYDRATE_DERIVATIVE_BIOSYNTHETIC_PROCESS",0.0706082518077414,0.185804540982446,-0.26666806023593,-1.18242141890378,331,341,"Pfas;Gart;arm;Chc;Eno;grn;Hex-C;Pgant35A;lace;Pepck1;pip;ras;r-l;rt;rut;boca;Plc21C;Ac76E;hop;Prat;Dsor1;blw;Stt3B;ND-ACP;RnrL;RnrS;alpha-Man-IIa;Gycbeta100B;Rel;SdhB;Uggt;sun;Vang;ATPsynCF6;ATPsynO;ATPsynB;sfl;Paics;ND-PDSW;Ac13E;Lip3;wit;NTPase;ND-B14.5A;Taz;botv;beta4GalNAcTA;Dic1;NP15.6;O-fut2;ATPsyndelta;Sec71;sut3;nmdyn-D7;sotv;ND-B16.6;xit;ND-MNLL;FucT6;nmdyn-D6;ND-B18;Hs3st-B;CG17065;Stt3A;ND-15;PGAP2;Tango14;CG18558;CG3165;CG9662;Gmd;CG3792;CG9109;ND-51;CG9550;CG8668;PGAP5;CG7840;C1GalTA;CG9541"
"GOBP_CELLULAR_RESPONSE_TO_OXIDATIVE_STRESS",0.0705927488969883,0.185804540982446,0.314033727325325,1.26058076845004,367,144,"bsk;Cat;MsrA;Hsp68;pbl;pnr;Sod1;Tm1;Zw;Dhfr;Cdk1;PCNA;Hsp70Aa;Hsp70Bb;Syx1A;Calx;Ask1;Rho1;p38a;HDAC1;Pdk;Xbp1;cyc;AMPKalpha;Pex5;gbb;Sirt1;Mkk4;p38b;Mgstl;HDAC6;Trap1;ball;CenG1A;Pink1;fh;Sk1;ATP7"
"GOBP_EMBRYONIC_AXIS_SPECIFICATION",0.0705304518664047,0.185804540982446,0.483481160739176,1.40331367287535,358,26,"bi;tud;yrt;Fur1;Fur2;Wnt5;byn;tap;fz2;Dad;Smox"
"GOBP_POSITIVE_REGULATION_OF_PROTEIN_IMPORT_INTO_NUCLEUS",0.0705304518664047,0.185804540982446,0.483444897836582,1.40320841908025,358,26,"Hsp83;hyd;pbl;smo;Cdk1;Ran;Xbp1;bon;p38b;Smox;HDAC3"
"GOBP_RECEPTOR_METABOLIC_PROCESS",0.0704691454156122,0.185804540982446,0.402951735035053,1.35051093463017,361,50,"Ace;Syb;Klp98A;Fur1;Fur2;GluRIA;faf;CalpA;Pex1;Pex5;mtm;Eato;cathD;RhoGAP15B;Mvb12;CG1801"
"GOBP_RESPONSE_TO_STARVATION",0.0708722741433022,0.186332645692221,0.326332593643452,1.27540753455449,363,121,"bsk;fkh;Hsc70-3;Mybbp1A;lt;nau;r;rl;Wnt5;Wnt4;Ask1;Pi3K68D;Pdk;Gcn2;Xbp1;Pp2C1;AMPKalpha;Sirt1;Actbeta;Tip60;TyrRS;Atf3"
"GOBP_SENSORY_PERCEPTION_OF_LIGHT_STIMULUS",0.0710689388071263,0.186682873188005,0.338130041216271,1.28451432850993,366,100,"nAChRalpha1;Arr1;eya;Hr3;tj;Galphai;Hsp23;Ca-alpha1D;ninaB;sn;sv;ple;Cyp4c3;toy;GluClalpha;CG4025;Rep"
"GOBP_REGULATION_OF_BIOMINERAL_TISSUE_DEVELOPMENT",0.071137026239067,0.186695032288435,0.398891064888052,1.34828611532631,365,52,"dpp;Actn;put;tkv;usp;N;Wnt5;l(2)03659;Calx;Rca1;gbb;Smox;Rok"
"GOBP_INHIBITORY_POSTSYNAPTIC_POTENTIAL",0.0713297767239676,0.187034049128264,0.544901522471184,1.42767907274963,360,17,"nAChRalpha1;nAChRalpha2;nAChRbeta2;Syt1;GluClalpha"
"GOBP_GLOMERULUS_DEVELOPMENT",0.0713995943204868,0.187050406492317,-0.41507000133443,-1.36137328201645,351,43,"rk;sr;Ser;Ptp4E;mys;Mef2;Ret;Vang;Drip;vkg;promL;Ndg;Lim1;cindr;Hey;kirre"
"GOBP_MRNA_METABOLIC_PROCESS",0.0716451857467779,0.187526811803399,0.256171080827976,1.16114294519094,377,475,"Appl;bru1;aub;Pka-C1;crn;SmF;EcR;Hrb98DE;Hsp68;Mtr4;lds;nau;Fib;Pkc53E;pum;snf;tra2;usp;nonA;me31B;Hrb27C;orb;Pabp2;Taf4;Xe7;Ref1;pelo;heph;Taf11;lark;Mlh1;E2f1;Taf2;Hsp70Aa;Hsp70Bb;MAPk-Ak2;Hel25E;mof;Psi;Ddx1;Clp;csul;hrg;Nlp;angel;Atu;Cdk9;pcm;eRF3;Nnp-1;Taf8;Cbp20;qkr58E-3;qkr58E-1;qkr54B;SmD3;fus;sip1;MTPAP;Bin1;p38b;kin17;Taf7;Irp-1A;CG2685;SF1;Adar;Rok;NiPp1;CG3909;CG7139;CG5808;Dgp-1;CstF64;Cpsf100;Taf10;Nab2;x16;Fmr1;CG16890;icln"
"GOBP_CARBOHYDRATE_CATABOLIC_PROCESS",0.0721479958890031,0.188006557932194,-0.329902526168594,-1.28116074812875,350,112,"Amy-p;arr;Eno;Gal;Gapdh1;Gpdh1;Hex-C;Pfk;Pgi;Pp1-87B;mts;Arl2;nvy;Uch;Pglym87;PhKgamma;Lip3;CG13369;Mtch;raptor;CG7766;FucT6;CG10996;CG3544;G6P;CG3165"
"GOBP_DOUBLE_STRAND_BREAK_REPAIR_VIA_NONHOMOLOGOUS_END_JOINING",0.0719073735527118,0.188006557932194,-0.424194932954527,-1.36841972546375,353,40,"Hsf;mei-9;mus101;mus301;LamC;Irbp;ast;mre11;Hmt4-20;Dek;Ercc1;Rpn11"
"GOBP_HOMOPHILIC_CELL_CELL_ADHESION",0.0721021611001965,0.188006557932194,0.482685661606881,1.40100472084214,366,26,"ft;robo2;rst;Ten-m;tutl;sdk;stan;PlexB"
"GOBP_NEGATIVE_REGULATION_OF_KINASE_ACTIVITY",0.0719859539602029,0.188006557932194,0.412255016466818,1.3578318822632,368,46,"Acph-1;crp;Ptp10D;Ptp69D;Nlp;loco;Vps25;CG32809;Taf7;Adar"
"GOBP_POSITIVE_REGULATION_OF_DNA_TEMPLATED_TRANSCRIPTION_ELONGATION",0.0720887245841035,0.188006557932194,-0.402022299702747,-1.34060181062567,350,48,"arm;dre4;Pp1-87B;fs(1)h;Dsor1;TfIIFalpha;Cbp80;MED6;CycT;MED18;MED15;chm;spt4"
"GOBP_ORGANELLE_MEMBRANE_FUSION",0.0722844234924376,0.188137895371887,0.364558937421859,1.31023591608432,367,73,"car;lt;Syb;Syt1;Rop;Rab3;nSyb;Syx1A;Rab14;Rab4;CG5498;Syt4;fab1;CG14435;Rab39;Sk1"
"GOBP_POSITIVE_REGULATION_OF_ENDOTHELIAL_CELL_PROLIFERATION",0.072390243902439,0.188137895371887,0.410082111246001,1.3578363899679,370,47,"dpp;Jra;Pkc53E;Ras85D;sl;pros;Wnt5;Nf1;Pdk1;gbb;Sirt1;PlexB"
"GOBP_VASCULAR_ENDOTHELIAL_CELL_RESPONSE_TO_FLUID_SHEAR_STRESS",0.0723550871503851,0.188137895371887,-0.524305684773197,-1.42799569220124,356,19,"Abl;Galphas;rut;mts;Ac76E;Fak;Ac13E;CalpB"
"GOBP_APPENDAGE_DEVELOPMENT",0.0724578015644298,0.188147265845148,-0.338159197522965,-1.28875190495339,351,99,"arm;arr;salr;exd;mnd;pk;Su(var)2-10;ptc;Wnt2;mew;hh;mys;htl;Itgbn;scat;Cul1;ktub;Sp1;Gcn5;btv;wit;Roc1a;Taf10b;lili"
"GOBP_NEGATIVE_REGULATION_OF_CYTOKINE_PRODUCTION",0.0725856059052696,0.188312921140479,-0.331387107935052,-1.28422780549533,353,110,"cact;csw;grn;Hsf;rk;Su(dx);ush;Ac76E;hop;Rox8;pll;Dif;Mvl;Hem;Pxn;Rel;Tsf1;IKKbeta;Roc1a;homer;cindr;nAChRalpha5;trbl;Spn55B;PGRP-LE;CG5445;cactin;CG1812;galectin;CG11374;Tspo;CG13994;Tsp"
"GOBP_REGULATION_OF_SYNAPTIC_TRANSMISSION_GABAERGIC",0.0726664040961008,0.188356441278175,0.486078008579593,1.39876612788286,368,25,"Grd;Khc;na;Ras85D;Rop;TkR86C;Nf1;Ork1"
"GOBP_CELLULAR_RESPONSE_TO_FLUID_SHEAR_STRESS",0.0729674796747967,0.188887798849775,-0.468260247360295,-1.39857125589973,358,28,"Abl;Galphas;rut;mts;Ac76E;Mef2;Fak;Ac13E;CalpB"
"GOBP_STEROL_BIOSYNTHETIC_PROCESS",0.0729998053338524,0.188887798849775,0.401956058258382,1.34717387895492,374,50,"Pka-C1;Galphai;rl;Zw;l(2)03659;AMPKalpha;Npc1a;Fpps;nes;Eato;CG1998;Mvd;CG1801;CG31689;CG9663"
"GOBP_COLLAGEN_FIBRIL_ORGANIZATION",0.0732793522267206,0.189444511644123,-0.473163802715525,-1.40307366850432,361,27,"Col4a1;tld;babo;Pxn;Rbf;vkg;AdamTS-B"
"GOBP_VENTRICULAR_SEPTUM_MORPHOGENESIS",0.0738479716423789,0.190746911827813,0.484874096264582,1.39530168033029,374,25,"bi;dpp;emc;robo2;tkv;pros;N;dpn;Dad;Ptx1"
"GOBP_DIGESTIVE_SYSTEM_PROCESS",0.0740436034553682,0.190752745810595,-0.376556990911385,-1.32745235288659,359,62,"mAChR-A;tin;Lac;cora;emp;Moe;Hr96;Drip;crq;fray;Lip3;Fim;Irp-1B;sut3;Hml;CG5966"
"GOBP_REGULATION_OF_DEFENSE_RESPONSE",0.0739881956155143,0.190752745810595,-0.269370922866479,-1.18396961610113,350,311,"aurA;cact;csw;dx;ftz-f1;Galphas;grn;Hsc70-2;mle;Pkc98E;pnt;rb;ref(2)P;rk;Su(dx);mts;fs(1)h;Ac76E;hop;Gdi;14-3-3zeta;slbo;pll;Phb2;Dif;Mef2;wts;Irbp;Rel;Hr38;Pi3K59F;Shark;Ubc4;abs;Cul1;nonA-l;Rbf;Acer;Stat92E;stumps;Pi3K21B;Tsf1;Sin3A;Clk;fray;IKKbeta;Crk;Roc1a;RhoGAP1A;drosha;LysRS;botv;CG2930;AlaRS-m;Tollo;Mkrn1;AdamTS-B;Ppt1;CG1785;CG12121;Tat;PGRP-LE;CG5445;CG8173;rictor;Ubqn;cactin;galectin;CG11374;CG4238;CG3165;OtopLb"
"GOBP_RESPONSE_TO_SALT",0.0740447436151257,0.190752745810595,0.554950112918417,1.43263444835668,373,16,"Dab;run;p38a;emb;p38b"
"GOBP_REGULATION_OF_GRANULOCYTE_CHEMOTAXIS",0.0741399762752076,0.190830980053946,0.51620696712445,1.41357976195295,374,20,"rl;Ptp10D;Rac1;Rac2;CaMKI;myo;Drp1"
"GOBP_NEGATIVE_REGULATION_OF_PROTEIN_UBIQUITINATION",0.0742259585810949,0.190885288588795,-0.404763490298135,-1.34650873718452,361,47,"Abl;Hsc70-2;RpS3;per;Pkc98E;ref(2)P;U2af50;Taf1;Cdk5;Vps28;Plap"
"GOBP_REGULATION_OF_STEROID_BIOSYNTHETIC_PROCESS",0.074420416910189,0.19121822406094,0.40301332992027,1.34547008148478,381,49,"Pka-C1;Dab;dpp;EcR;Galphai;rl;pros;Wnt5;Lgr1;AMPKalpha;gbb;Sirt1;nes;Eato"
"GOBP_CRANIAL_NERVE_DEVELOPMENT",0.0746209883835401,0.191277885429249,0.427914359910472,1.36428982870885,378,40,"nAChRalpha1;tj;Sh;Shaw;so;tup;sv;dpn;Sema2a;tap;PlexB;PlexA;Eph;Adar;Six4"
"GOBP_OPTIC_NERVE_DEVELOPMENT",0.0746386854088299,0.191277885429249,0.554434555969682,1.43130350954317,376,16,"nAChRalpha1;Sh;Shaw;sv;Eph"
"GOBP_PROTEIN_TARGETING_TO_VACUOLE",0.0746147607461476,0.191277885429249,-0.446697738851653,-1.37134596368004,367,32,"cm;rb;ref(2)P;scat;Pi3K59F;Rab7;Sara;Smurf;Gga;Hrs;Mon1;Lamp1;Vps13"
"GOBP_REGULATION_OF_RELEASE_OF_SEQUESTERED_CALCIUM_ION_INTO_CYTOSOL",0.0748728382502543,0.191451652886694,-0.436720108713404,-1.36683865051175,367,35,"Abl;Cam;csw;Atpalpha;Pkc98E;mys;dia;RyR;Ank;Fkbp12;Fak;CalpB"
"GOBP_RHO_PROTEIN_SIGNAL_TRANSDUCTION",0.0749017173598179,0.191451652886694,-0.379134377047927,-1.32638756191871,361,60,"Abl;Egfr;mew;mys;kermit;jar;tsr;NetB;Vang;RhoGEF2;CG3630;Flo1;RhoGAP1A;Rlip;RhoGAPp190;Kank;aru;alpha-Catr"
"GOBP_TEMPERATURE_HOMEOSTASIS",0.0748509150730002,0.191451652886694,-0.343948244824101,-1.29654458456885,363,92,"Galphas;gro;Hsf;kn;LanA;per;ref(2)P;rk;sr;Su(H);hop;Tbh;Shark;ksr;Rbf;Stat92E;yps;Pgam5"
"GOBP_REGULATION_OF_SMALL_GTPASE_MEDIATED_SIGNAL_TRANSDUCTION",0.0750923266311038,0.191772243879086,-0.316733191409707,-1.25615602278489,365,130,"Abl;flw;if;ref(2)P;Egfr;Pp1-87B;mts;neb;mew;mys;gig;Dsor1;msn;Moe;Pi3K92E;Cbl;RhoGEF2;CG3630;trio;Flo1;Crk;RhoGAP1A;Rlip;siz;RhoGAPp190;Kank;cindr;Sec71;aru;RhoGAP5A;CG4615"
"GOBP_ATP_METABOLIC_PROCESS",0.0752688172043011,0.191847012313652,-0.305821113176559,-1.23711207233637,363,152,"Eno;Gapdh1;Gpdh1;Hex-C;Hsc70-2;Atpalpha;Pfk;Pgi;mts;Arl2;nvy;Vha55;Dsor1;Uch;blw;Pglym87;ND-ACP;SdhB;sun;nrv1;ATPsynCF6;ATPsynO;ATPsynB;ND-PDSW;Parg;Lip3;ND-B14.5A;Taz;NP15.6;Mtch;ATPsyndelta;Sur;raptor;ND-B16.6;ND-MNLL;CG1354"
"GOBP_REGULATION_OF_POSTSYNAPSE_ORGANIZATION",0.0753172329103561,0.191847012313652,-0.347991995665917,-1.29765904057198,367,86,"Lar;dsh;numb;pk;stau;ct;Wnt2;Cdc42;Spn;tsr;wts;Cdk5;Lis-1;Fak;CRMP;homer;Eb1;Cdk5alpha"
"GOBP_REGULATORY_NCRNA_PROCESSING",0.0752603654942032,0.191847012313652,0.415867628998571,1.35442576464749,382,44,"aub;dpp;Hrb98DE;pum;shu;spn-E;tud;Cbp20;Smox;mino"
"GOBP_ACTIN_FILAMENT_DEPOLYMERIZATION",0.0756800981795868,0.19224002495693,-0.441707248618693,-1.363831854402,369,33,"fliI;qua;kst;Spn;cpb;Moe;tsr"
"GOBP_COCHLEA_DEVELOPMENT",0.0756800981795868,0.19224002495693,-0.441694261363613,-1.3637917544665,369,33,"ck;dsh;fz;grn;ninaC;Cbp53E;zfh1;otk;Lcch3;Mcm2;Lis-1;Vang"
"GOBP_PHOSPHATIDYLINOSITOL_3_KINASE_PROTEIN_KINASE_B_SIGNAL_TRANSDUCTION",0.0756042140053708,0.19224002495693,-0.314643898786094,-1.2538035076675,365,135,"csw;FER;grn;Egfr;mts;mys;hop;gig;Cdc42;htl;babo;Ret;Set;Pi3K59F;Pi3K92E;drl;dos;mGluR;Cbl;ko;stumps;Fak;Rack1;Pi3K21B;chico;Srpk79D;Pten;botv;cindr;Sec71;Lnk;Mkrn1;Rubicon;CG1785"
"GOBP_PROSTANOID_METABOLIC_PROCESS",0.0757328990228013,0.19224002495693,-0.474827882579643,-1.39392720324969,371,26,"Cyp6a2;Fbp2;Su(P);Vha55;GstS1;Cyp6a9;Cyp9c1;Plap;Cyp28a5"
"GOBP_CELL_SURFACE_TOLL_LIKE_RECEPTOR_SIGNALING_PATHWAY",0.0760603588907015,0.192325292541021,-0.451949352569121,-1.38076242918244,372,31,"cact;Pkc98E;ref(2)P;pll;Dif;stumps;Pi3K21B;Tsf1;IKKbeta;galectin;CG11374;CG13392;Wdfy2;Myd88;Tsf3"
"GOBP_LAMELLIPODIUM_ASSEMBLY",0.0760463745333071,0.192325292541021,0.415492720390514,1.35320473698692,386,44,"Hsp83;sn;Ptp10D;Gel;Rac1;dock;Arp2;Rac2;RtGEF;Abi;WASp;PlexB;Eph;myo"
"GOBP_MUSCLE_HYPERTROPHY",0.076093351637576,0.192325292541021,0.412770174637234,1.35216596760183,387,45,"Jra;pho;Pkc53E;pnr;Zw;N;Pp2B-14D;Mlp84B;HDAC1;Smox;Rok;myo"
"GOBP_NEGATIVE_REGULATION_OF_AUTOPHAGY",0.0759232514957706,0.192325292541021,-0.384036618537369,-1.32625788120984,367,56,"mnd;trc;gig;eIF4E1;snRNP-U1-70K;eIF4G1;Oamb;Roc1a;Tsc1;Madm;Usp30;raptor;Rubicon;Ubqn;CG1812;Tspo;Vps13;RagC-D;CG12384;wash;CG13016"
"GOBP_POSITIVE_REGULATION_OF_DNA_TEMPLATED_TRANSCRIPTION_INITIATION",0.0758323057953144,0.192325292541021,-0.372831750890858,-1.31999826264431,368,64,"cact;RpS3;skd;Su(var)2-10;Tbp;bs;slbo;Taf1;Taf5;Taf6;TfIIA-L;Taf12;Rel;Ssb-c31a;MED6;Taf10b;MED18;MED15;Ercc1;Rpt4"
"GOBP_CELLULAR_RESPONSE_TO_RADIATION",0.076290355747481,0.192400249886479,-0.338063184162673,-1.28551454689191,370,98,"aurA;grn;Hsf;mei-9;Blm;spn-A;sr;mys;Xpc;CycD;Taf1;l(2)efl;Irbp;Set;Drip;Rh6;Nmt;Pi3K21B;Clk;Roc1a;Timp;Hus1-like;Mtch;Ercc1;Nep1;Gbeta5"
"GOBP_POSITIVE_REGULATION_OF_ERK1_AND_ERK2_CASCADE",0.0763239875389408,0.192400249886479,0.374787433262975,1.31680518534646,391,64,"Appl;cv-2;dpp;Galphai;Jra;Raf;Pkc53E;Ras85D;rl;N;Ptp69D;sty;Lgr1;Actbeta;CG2082"
"GOBP_REGULATION_OF_MRNA_CATABOLIC_PROCESS",0.0761886204208885,0.192400249886479,0.319453866287983,1.25836121584932,390,128,"bru1;aub;Hrb98DE;Fib;Pkc53E;pum;me31B;Pabp2;Ref1;Mlh1;E2f1;MAPk-Ak2;Psi;Nlp;angel;pcm;p38b;Irp-1A;Adar;Rok;Dgp-1;Nab2;Fmr1;Trf4-1;Upf1;CG5877"
"GOBP_REGULATION_OF_NEUROTRANSMITTER_SECRETION",0.0763845995470455,0.192400249886479,-0.391710171495845,-1.3328914457644,370,52,"nAChRbeta1;Cam;cn;dor;dsh;Wnt2;Syn;TkR99D;Rap1;Mef2;CASK;Cdk5"
"GOBP_GLYCOPROTEIN_CATABOLIC_PROCESS",0.0764883955600404,0.192496886003113,-0.496490098295917,-1.40521718331452,378,22,"Gal;Stt3B;Edem1;LManII;AdamTS-B;Edem2;Pngl;CG18278;CG7402;beta-Man;Sgsh;Oga"
"GOBP_ANDROGEN_RECEPTOR_SIGNALING_PATHWAY",0.0766495456341367,0.192608914456216,0.472684613923593,1.38256001623074,387,27,"brm;Dab;Rho1;HDAC1;wun;Pkn;Sirt1;HDAC6;Fkbp59"
"GOBP_CHONDROCYTE_DIFFERENTIATION",0.0767293160240264,0.192608914456216,0.384568467921879,1.32912420261972,395,58,"Pkg21D;dpp;Dr;for;tj;run;so;tkv;CrebA;bap;Wnt5;Gel;Dad;gbb;p38b;Smox;Gmap"
"GOBP_REGULATION_OF_NUCLEAR_DIVISION",0.0767273439029164,0.192608914456216,0.343174390385475,1.27977459446015,391,91,"dpp;Dr;fzy;twe;polo;spn-B;stg;sub;Ubc6;Zw10;Wnt5;BRWD3;dod;csul;Nlp;Rca1;gbb;Dlc90F;Cdc16;Cdlc2;Mad1;Rad1;CG3793;robl22E;Nek2;Dlic;Sk1;Ndc80"
"GOBP_NEGATIVE_REGULATION_OF_CELL_CYCLE_G1_S_PHASE_TRANSITION",0.076860512403416,0.192652933584532,-0.454666239740925,-1.37869034326872,377,30,"E(z);sax;Cdk2;CycD;Wee1;Rbf;Pten;Kank;SoxN;wcy;CG3165"
"GOBP_NEGATIVE_REGULATION_OF_CELLULAR_RESPONSE_TO_GROWTH_FACTOR_STIMULUS",0.0768778191802314,0.192652933584532,0.412189648864438,1.35026426238783,391,45,"Dll;cv-2;fy;sog;CrebA;N;Wnt5;eff;Sema1a;sty;Dad;bon"
"GOBP_ECTODERM_DEVELOPMENT",0.0771561300747324,0.192713788565269,-0.547596687389849,-1.43134699463466,381,16,"arm;fz;pnt;mew;hh;Lim1;Smurf"
"GOBP_KETONE_BIOSYNTHETIC_PROCESS",0.0771641206423815,0.192713788565269,0.443999508579495,1.37174696164408,393,34,"Dab;dpp;Wnt5;dare;gbb;Actbeta;heix;Coq7;Coq6;CG6565;CG17597;Coq3"
"GOBP_REGULATION_OF_CALCIUM_ION_TRANSMEMBRANE_TRANSPORT",0.077088212334114,0.192713788565269,0.369174910889958,1.30632852805778,394,67,"Appl;Pka-C1;dnc;Ca-alpha1D;sl;Zw;porin;trpl;CanB;Dop1R1;Pp2B-14D;CalpA;Calx;CanB2;Ork1;14-3-3epsilon;Pdk1;Spg7;CG7601;Fmr1;SK;Atg5"
"GOBP_REGULATION_OF_KINASE_ACTIVITY",0.0770564438451165,0.192713788565269,0.312413584851776,1.24761392812393,399,140,"Acph-1;crp;twe;pbl;stg;Ptp10D;Ten-m;Wnt5;CG10939;Cdc37;Sap47;Chi;Ptp69D;Rho1;Nlp;loco;Abi;Vps25;Pka-R2;CG32809;Ac78C;Sirt1;Mekk1;Taf7;CycK;JTBR;Adar;Traf4;Tak1"
"GOBP_INORGANIC_ION_HOMEOSTASIS",0.0773628048780488,0.193046117006972,0.278197187614007,1.19744967867362,405,269,"AnxB10;Appl;Pka-C1;dnc;dpp;eag;kel;Ca-alpha1D;Pkc53E;put;sei;Sh;sl;slo;Sod1;inaC;trpl;Wnt5;CG10939;Dop1R1;CalpA;Cyp6a8;Cyp6a22;Calx;Ptp69D;gcm;Mlp84B;Diap2;Cyp6a17;nrv2;CG5989;Ork1;Mitofilin;14-3-3epsilon;Pdk1;KrT95D;CG3740;Ac78C;gbb;foi;Irp-1A;Scgdelta;SkpA;goe;CG6230;CG7601;Rh50;Nckx30C"
"GOBP_GMP_METABOLIC_PROCESS",0.0777306682818494,0.193235238615602,-0.554020545828693,-1.42530980516292,384,15,"Pfas;Gart;ras;Prat;CASK;Paics"
"GOBP_MEIOTIC_SPINDLE_ORGANIZATION",0.0775146731430885,0.193235238615602,-0.538300862181297,-1.42795135430611,382,17,"asp;aurA;CycB"
"GOBP_NEGATIVE_REGULATION_OF_LIPID_STORAGE",0.077964047667138,0.193235238615602,-0.546614054922622,-1.42877852031554,385,16,"cact;if;mys;Jhe;Atet;CG4757;CG4822;CG5853"
"GOBP_NEGATIVE_REGULATION_OF_PLASMA_MEMBRANE_BOUNDED_CELL_PROJECTION_ASSEMBLY",0.0776816260817066,0.193235238615602,-0.487964088026665,-1.39681657518527,385,23,"ena;Gdi;cdi;tsr;Cdc2rk;Kank"
"GOBP_POTASSIUM_ION_TRANSPORT",0.0778466305189775,0.193235238615602,0.335869679180385,1.2759274918826,401,100,"eag;Actn;Gbeta13F;Khc;dlg1;Ca-alpha1D;na;sei;Sh;Shaw;slo;Shal;Dop1R1;nrv2;Ork1;Mo25;14-3-3epsilon;goe;Nhe3;Nckx30C;SK;CG2076;Nep6;CG4239"
"GOBP_REGULATION_OF_RESPIRATORY_GASEOUS_EXCHANGE",0.077919449504149,0.193235238615602,-0.536999233301699,-1.42449852178807,384,17,"exd;Atpalpha;C15;Hr38;PHDP;tio"
"GOBP_SMOOTHENED_SIGNALING_PATHWAY",0.0778361548939482,0.193235238615602,0.347537716286415,1.28679058757446,399,85,"Pka-C1;fkh;fy;in;hyd;run;smo;alphaTub85E;tup;ci;Su(fu);dpn;Sas-4;toy;rasp;Gas8;slpr;CG15208;Cluap1;IFT57;CG14020;ihog;Wnt10"
"GOBP_SPLICEOSOMAL_COMPLEX_ASSEMBLY",0.0778918814183298,0.193235238615602,0.383929433263258,1.32691560648682,401,58,"bru1;crn;SmF;snf;heph;Hel25E;Ddx1;SmD3;SF1;CG8565;Usp39;Sf3b1;CG4887;Sf3b2;Dim1;CG3294;Phf5a"
"GOBP_MAMMARY_GLAND_MORPHOGENESIS",0.0780998389694042,0.193408860478104,-0.482641838478045,-1.39447884073723,387,24,"arr;bsh;ptc;htl;Phb2;Rel;Hr96;NetB;Stat92E"
"GOBP_ADAPTIVE_THERMOGENESIS",0.0782786885245902,0.19368873140399,-0.34843788653045,-1.29532221895756,381,84,"Galphas;gro;Hsf;kn;LanA;per;rk;sesB;Su(H);hop;Tbh;Shark;ksr;Rbf;Stat92E;yps;Lip3;Pgam5"
"GOBP_AORTA_DEVELOPMENT",0.0784275376491297,0.193731163529588,0.445838860669422,1.367887473093,400,33,"eya;robo2;so;tkv;pros;N;Su(fu);dpn;AP-1-2beta;Dad;PlexB"
"GOBP_CELLULAR_RESPONSE_TO_CHEMICAL_STRESS",0.0783628136569313,0.193731163529588,-0.294004563016088,-1.22075541324575,380,184,"Abl;E(z);FER;Hsc70-2;CIAPIN1;RpS3;mnd;Atpalpha;Pu;stau;Tm2;PpD3;Ccs;Aldh-III;Dif;Mvl;Nos;tsr;Irbp;nmo;Pxn;mtd;Hr38;Cul1;P5cr;Drip;ko;Gcn5;Rack1;Sin3A;fray;Roc1a;CalpB;Eaat1;glob1;Ogg1;sut3;Sur;Spn27A"
"GOBP_EPIGENETIC_PROGRAMMING_OF_GENE_EXPRESSION",0.0785382596406218,0.193841912636501,-0.553701514717946,-1.4244890446808,388,15,"esc;gro;sgg;Axn"
"GOBP_MONOCARBOXYLIC_ACID_METABOLIC_PROCESS",0.0788302606484425,0.194355206872909,-0.263448721151147,-1.17046337467158,371,346,"adp;cn;Cyp6a2;Eno;Fbp2;ftz-f1;Gapdh1;Gpdh1;Hex-C;Men;Pepck1;per;Pfk;Pgi;mts;Su(P);Mdr49;Gad1;Pgd;Arl2;nvy;Vha55;Jhe;GstS1;Uch;htl;wal;Sply;poe;Pglym87;ND-ACP;AcCoAS;Cyp6a9;Hydr2;Cyp9b2;Cyp9c1;Cpr;Ugt36A1;ATPCL;Gcn5;Lip3;chico;Plap;fidipidine;Ugt35B1;Ugt35A1;Eaat1;Ugt37C1;Ugt37A1;Ugt49B1;CG4757;glob1;Mtch;Sur;Cyp28a5;trbl;Men-b;Las;CG3603;CG3626;Sirt4;CG5966;raptor;Btnd"
"GOBP_POSITIVE_REGULATION_OF_VASOCONSTRICTION",0.0788783538430502,0.194355206872909,-0.504226051391719,-1.41041698638092,390,21,"Abl;Cyp6a2;TkR99D;Tbh;Cyp6a9;Cyp9c1;Oamb;Cyp28a5"
"GOBP_NUCLEOTIDE_EXCISION_REPAIR",0.0793391800938201,0.195163769093661,-0.40643514697384,-1.34353541995153,388,45,"Act42A;hay;mei-9;mor;Xpc;Snr1;Roc1a;Hus1-like;Ogg1;chm;Ercc1;Usp16-45;Bap111;Usp7"
"GOBP_POSITIVE_REGULATION_OF_DENDRITIC_SPINE_DEVELOPMENT",0.0793075684380032,0.195163769093661,-0.481916824215778,-1.39238408440373,393,24,"Lar;neur;stau;ct;tsr;Lis-1;Eb1"
"GOBP_CD8_POSITIVE_ALPHA_BETA_T_CELL_ACTIVATION",0.0794069861900894,0.195167379591682,-0.475648183393817,-1.38494919868492,390,25,"Prosbeta6;lz;Hem;Bgb;Bro;Prosalpha7;Prosbeta3;Prosbeta5;Prosbeta4R2;Prosalpha6T;CG12384"
"GOBP_REGULATION_OF_T_CELL_APOPTOTIC_PROCESS",0.0798494154943531,0.196090968601324,0.497593841277468,1.39113310313017,402,22,"Hr3;dpp;Wnt5;arg;mino;CG15890;Zir"
"GOBP_PROTEIN_LOCALIZATION_TO_CHROMOSOME",0.0799588900308325,0.196196042094003,-0.387457680564435,-1.32486014332788,388,53,"Mps1;aurA;E(z);mus101;rec;rod;Su(var)2-10;Cdk2;hop;Rbf;CG14803;Bub3;Tnks"
"GOBP_IMPORT_INTO_NUCLEUS",0.0800701344243133,0.196305279563608,0.325496393057874,1.26140701458177,410,115,"dpp;Hsp83;hyd;pbl;smo;so;Cdk1;N;Su(fu);CanB;RpL23;Nup214;Dop1R1;E2f1;Pp2B-14D;Nf1;Nlp;14-3-3epsilon;Ran;Xbp1;bon;dlt;p38b;Kap-alpha1;Smox;HDAC3;msk;Nup107"
"GOBP_CELLULAR_RESPONSE_TO_GAMMA_RADIATION",0.0802594244021078,0.1966055175612,-0.516748477284575,-1.40741292903038,395,19,"Hsf;spn-A;sr;l(2)efl;Irbp;Set"
"GOBP_BONE_MORPHOGENESIS",0.0805659265081548,0.196864581218432,0.412846094456479,1.34458502700114,409,44,"Dll;cad;dpp;Dr;Actn;run;tkv;tap;gbb;Gmap;CG15743;CG12237;Cbs"
"GOBP_EMBRYONIC_HEART_TUBE_MORPHOGENESIS",0.0805276629257728,0.196864581218432,0.42416751137158,1.35234401003524,408,40,"bi;pnr;sd;smo;N;Su(fu);lbl;dpn;Wnt5;jumu;Smox;CG2082"
"GOBP_VACUOLAR_ACIDIFICATION",0.0804947283049473,0.196864581218432,-0.4426763611451,-1.35900047901184,396,32,"Vha55;Mvl;Rbcn-3A;Rbcn-3B;CREG;Vha100-3;Vha100-2;Vha100-1;Ppt1;Clic;Vha100-5;Lamp1"
"GOBP_REGULATION_OF_ESTABLISHMENT_OR_MAINTENANCE_OF_CELL_POLARITY",0.0806647750304013,0.19694254617381,-0.516515066094699,-1.40677721176976,397,19,"Abl;grn;Rap1;tsr;Rack1;Kank;Sec71"
"GOBP_RESPONSE_TO_RETINOIC_ACID",0.0815318097591106,0.198733372960771,-0.388516400412454,-1.32202384398494,395,52,"Abl;fz;sgg;ptc;Wnt2;otk;Bx42;htl;Ret;Drip;snRNP-U1-70K;Fak"
"GOBP_SULFUR_COMPOUND_METABOLIC_PROCESS",0.0815333722514108,0.198733372960771,0.30257213366653,1.22728978996963,418,161,"Acph-1;awd;b;MsrA;Hsp23;Idh;r;Sod1;Zw;mdy;Sam-S;Nmdmc;fbl;AhcyL2;Pdk;pug;Papss;DIP2;CG17636;bgm;mino;Pdha;ScsbetaG;CG7024;Pdp;spidey;CG1440;Aladin;CG1492;Mvd;CG4829;Gss1;Ggt-1;shop;Cbs"
"GOBP_POSITIVE_REGULATION_OF_MYELOID_LEUKOCYTE_DIFFERENTIATION",0.0816368078175896,0.19882076870807,-0.470650678684839,-1.38166440581064,400,26,"acj6;FER;Hsf;lz;Rbf;Stat92E;trbl;raptor"
"GOBP_LIPID_HOMEOSTASIS",0.0817248459958932,0.198870551629378,-0.336096270298558,-1.27739768086966,397,97,"arr;ftz-f1;skd;Mdr49;Mdr65;mys;slbo;Jhe;Lac;Dsor1;htl;emp;crq;Past1;Atet;Lip3;chico;cert;CG4757;Mtch;CG5966;Slc25A46a;Ucp4A;CG6847;CG4822;Tspo;Tango14;G6P;CG5853;CG5676;Slc25A46b;CG1941;puml;Sec24AB"
"GOBP_MOLTING_CYCLE_PROCESS",0.0819512195121951,0.198927795218546,0.403845496897366,1.33718613071362,419,47,"Dll;Dr;fy;in;Sos;pum;smo;N;ci;Wnt5;Chi;Nf1;HDAC1;Actbeta"
"GOBP_NEUTROPHIL_MEDIATED_IMMUNITY",0.0818863456985004,0.198927795218546,0.514880383357738,1.39254517642831,414,19,"AnxB10;Syb;Rop;Ance;nSyb;arg"
"GOBP_REGULATION_OF_ANIMAL_ORGAN_MORPHOGENESIS",0.081864473168821,0.198927795218546,0.441121586210663,1.36285555255689,417,34,"dpp;Dr;robo2;pnr;run;smo;so;tkv;sv;Wnt5;sty;gbb;Six4"
"GOBP_NEGATIVE_REGULATION_OF_DNA_REPAIR",0.0822643046222765,0.199358800822683,-0.525056377123472,-1.41000529400763,403,18,"Abl;Hsf;RpS3;mre11;RecQ5;Ogg1;Ubqn;CG4968"
"GOBP_RESPONSE_TO_CADMIUM_ION",0.0822459470146303,0.199358800822683,0.510182680353957,1.39708287136194,415,20,"bsk;Cat;Got1;Sod1;Cdk1;PCNA;Npc1a"
"GOBP_PHENOL_CONTAINING_COMPOUND_METABOLIC_PROCESS",0.0827478532396565,0.200294838704894,0.366581934835732,1.29715326047516,423,67,"nAChRalpha1;Ddc;Galphai;kar;5-HT1A;sv;trpl;Hdc;ple;Wnt5;Dop1R1;Aldh;Faa"
"GOBP_POST_GOLGI_VESICLE_MEDIATED_TRANSPORT",0.0828064450336529,0.200294838704894,-0.352720867987656,-1.29480573244806,405,78,"cm;comt;or;shi;scat;Snap25;Ank;Rab11;Past1;Khc-73;Rack1;AP-1mu;fidipidine;Amnionless;Sec71;pod1;Gga;Tomosyn"
"GOBP_T_CELL_DIFFERENTIATION_INVOLVED_IN_IMMUNE_RESPONSE",0.0828547990155866,0.200294838704894,-0.400738877173443,-1.3287854880713,403,46,"grn;Prosbeta6;Pepck1;trx;ush;fs(1)h;hop;Dif;Stat92E;Pi3K21B;Prosalpha7;Tsc1;Prosbeta3;Prosbeta5;galectin;CG11374;Prosbeta4R2;Mnn1;Prosalpha6T"
"GOBP_REGULATION_OF_BEHAVIOR",0.0829565559268724,0.200376180243726,0.437493496219164,1.36042238517197,421,35,"nAChRalpha1;Gbeta13F;dlg1;Sh;5-HT1A;GluRIA;HDAC1;Gcn2;moody;Fmr1"
"GOBP_FORELIMB_MORPHOGENESIS",0.0832675611681137,0.200962399472182,0.513737358053048,1.38945375087389,421,19,"bi;Dr;en;Ca-alpha1D;run;Aldh;Nipped-B"
"GOBP_ANTEROGRADE_AXONAL_TRANSPORT",0.0836284927194018,0.201527201527202,0.462181484059362,1.36323128615803,424,28,"g;Khc;dlg1;Sod1;Klp64D;Klp3A;syd;Spg7;Rab27"
"GOBP_CELL_KILLING",0.0836385836385836,0.201527201527202,-0.359890548207041,-1.29552736953198,410,69,"csw;Gapdh1;betaTub85D;LysB;LysD;LysE;CanA1;Gug;Nos;Hem;Pi3K59F;Pi3K92E;Stat92E;Pi3K21B;Tsf1;Crk;Torsin"
"GOBP_LYMPHOCYTE_ACTIVATION_INVOLVED_IN_IMMUNE_RESPONSE",0.0837599836166291,0.201654559574569,-0.328162516896367,-1.26368555044821,408,106,"Abl;grn;Prosbeta6;Pepck1;trx;ush;tin;fs(1)h;hop;Dif;fng;Pms2;Mvl;Hem;tos;Stat92E;Fak;Pi3K21B;Prosalpha7;Fim;Hmt4-20;Tsc1;Prosbeta3;Ercc1;Spt6;Prosbeta5"
"GOBP_CELLULAR_RESPONSE_TO_XENOBIOTIC_STIMULUS",0.0840007814026177,0.201731623109708,0.316736833379288,1.24774419337471,429,129,"Ace;Hr3;dnc;Raf;r;ry;sei;Shaw;ss;5-HT1A;Hnf4;gol;Su(fu);PCNA;Cyp18a1;l(2)03659;E2f1;Aldh;Cyp9b1;AMPKalpha;Ugt37B1;Ugt36E1;Ugt36F1"
"GOBP_ESTABLISHMENT_OF_EPITHELIAL_CELL_POLARITY",0.0840253064452353,0.201731623109708,0.508853704692385,1.39344360800641,424,20,"baz;dpn;Wnt5;CG10939;Rho1;Mhcl;Graf;BBS8"
"GOBP_FOREBRAIN_CELL_MIGRATION",0.0840662712211086,0.201731623109708,-0.435532054730353,-1.34476509432876,410,33,"arm;tll;Egfr;bs;fd96Cb;Awh;Cdk5;Lis-1;tna;Cdk5alpha"
"GOBP_NADPH_REGENERATION",0.0839754989132582,0.201731623109708,0.534273496616244,1.39983292170765,424,17,"Ald1;Idh;Zw;Taldo;Irp-1A"
"GOBP_REGULATION_OF_RESPONSE_TO_BIOTIC_STIMULUS",0.0844581565753953,0.202506843231306,0.285371550842258,1.20254664083895,437,221,"Appl;bsk;EcR;Hsp68;Hsp83;CG5504;Pkc53E;PpV;pum;rl;sl;ss;nonA;drk;Wnt5;Dcp-1;Cdc37;Hsp70Aa;Hsp70Bb;not;MAPk-Ak2;Hel25E;CkIalpha;Diap2;Rala;CG5989;Drice;Gcn2;14-3-3epsilon;Pdk1;AMPKalpha;arg;gbb;Pli;SkpA;Smox;Tip60;Tak1;Rip11;fal;Decay;Syt4;ECSIT;Spn42Dd;CG14435;Atg5;AP-1gamma"
"GOBP_INTRINSIC_APOPTOTIC_SIGNALING_PATHWAY",0.0846138883485703,0.202715032183627,0.299483300822751,1.22203013649627,434,168,"Appl;Dr;Hsp68;Mybbp1A;pnr;Ras85D;slgA;Sod1;wbl;nonA;CrebA;Xpac;Dcp-1;dock;CG10939;Mlh1;E2f1;Hsp70Aa;Hsp70Bb;Ask1;Su(Tpl);Diap2;spel1;HDAC1;Usp47;Pdk;lok;Drice;Xbp1;Sirt1;Mkk4;Rad9;Eph;Trap1;Decay;Coa8;CG11700;Pink1"
"GOBP_NEGATIVE_REGULATION_OF_RESPONSE_TO_EXTERNAL_STIMULUS",0.0848746403616934,0.203174281484216,-0.30265662087217,-1.22979730571005,412,156,"aurA;csw;dsh;dx;ftz-f1;Galphas;grn;Su(dx);Ptp4E;14-3-3zeta;alpha-Cat;pll;fra;Nos;CASK;Nrx-IV;Rel;Hr38;Shark;drl;Rbf;chb;Tsf1;Crk;RhoGAP1A;Pten;botv;Lnk;trbl;Mkrn1;AdamTS-B;CG5445;CG8173;cactin;galectin;CG11374;CG3165;OtopLb;CG11034;Tsp;CG17633;Prosalpha6T;loqs"
"GOBP_INTERLEUKIN_1_PRODUCTION",0.0854043392504931,0.204276069979635,0.444562441928559,1.35125212899234,432,32,"Appl;EcR;tup;Wnt5;HDAC1;fz2;arg;Smox;HDAC3;Spn42Dd;Sk1"
"GOBP_T_CELL_RECEPTOR_SIGNALING_PATHWAY",0.0860613547457278,0.205680345785484,-0.386608518673337,-1.31553180105461,417,52,"Abl;ben;csw;grn;janA;Moe;Pi3K92E;Cbl;qkr58E-2;Lip3;IKKbeta;Crk;cindr;CG3473"
"GOBP_REGULATION_OF_ACTOMYOSIN_STRUCTURE_ORGANIZATION",0.0862371033677243,0.205869865144591,0.388801447742033,1.31978192197593,442,53,"Act5C;pbl;Raf;Tm1;pros;TkR86C;Wnt5;Rac1;Rac2;Rho1;Oda;WASp;Smox;Rok;Rhp"
"GOBP_REGULATION_OF_CELL_SHAPE",0.0862806062961523,0.205869865144591,0.378109917731282,1.31067406491979,443,59,"Ald1;cta;dlg1;sqh;Tm1;vap;Gel;Rac1;CG10939;Sema2a;BRWD3;Rac2"
"GOBP_C21_STEROID_HORMONE_METABOLIC_PROCESS",0.0865175212829143,0.206089781364798,0.543966459998888,1.40427954009554,436,16,"Dab;dpp;Wnt5;scu;gbb"
"GOBP_REGULATION_OF_CELL_PROJECTION_ASSEMBLY",0.086652977412731,0.206089781364798,-0.310621121919363,-1.23737596944397,421,134,"ena;FER;neur;ninaC;sgg;stau;bs;Gdi;cdi;Cdc42;msn;babo;tsr;Hem;Cdc2rk;pnut;Rab11;nompB;Pi3K21B;CRMP;inc;DAAM;Cortactin;RhoGAPp190;Kank;htt"
"GOBP_REGULATION_OF_IMMUNE_EFFECTOR_PROCESS",0.086652977412731,0.206089781364798,-0.314112412917742,-1.24359813272249,421,128,"csw;FER;grn;Hex-C;mnd;Pepck1;Pgi;fs(1)h;mys;hop;14-3-3zeta;CanA1;pll;Phb2;Pms2;Nos;Hem;Hr38;Pi3K59F;Shark;dos;Stat92E;mspo;Crk;Hmt4-20;RhoGAP1A"
"GOBP_SIGNAL_TRANSDUCTION_IN_ABSENCE_OF_LIGAND",0.0865853658536585,0.206089781364798,-0.458827988462745,-1.37039955811696,425,28,"grn;Hsc70-2;if;sgg;Egfr;Pp1-87B;alpha-Cat;Ret;Dronc"
"GOBP_NEGATIVE_REGULATION_OF_FATTY_ACID_METABOLIC_PROCESS",0.0867810292633703,0.206227615583874,-0.488998948083046,-1.38401496188444,429,22,"adp;poe;Ugt37C1;Ugt37A1;trbl;Sirt4"
"GOBP_NEGATIVE_REGULATION_OF_MITOTIC_CELL_CYCLE_PHASE_TRANSITION",0.0870636550308008,0.206565542823077,-0.330678030559396,-1.26848204402365,423,103,"Mps1;aurA;CycB;E(z);mus101;Blm;rod;sax;sw;Cdk2;CycD;Wee1;ctp;Rbf;mre11;robl;Bub3;Pten;Hus1-like;Kank"
"GOBP_SYNAPTIC_TRANSMISSION_DOPAMINERGIC",0.0870163032802986,0.206565542823077,0.519264160050064,1.38588331208102,442,18,"nAChRalpha1;Rab3;ple;SerT;Dop1R1"
"GOBP_LUNG_EPITHELIUM_DEVELOPMENT",0.0871494855759532,0.206602567739286,-0.496326692643735,-1.38832096470786,431,21,"Wnt2;B52;hh;Su(H);Ets98B;Dsor1;Cdc42;htl"
"GOBP_CYTOKINE_PRODUCTION_INVOLVED_IN_INFLAMMATORY_RESPONSE",0.0873371335504886,0.206736354899584,-0.467170864145881,-1.37144889756845,428,26,"cact;per;Ac76E;hop;Dif;Nos;Rel;IKKbeta;nAChRalpha5;Tollo"
"GOBP_RESPONSE_TO_TEMPERATURE_STIMULUS",0.0873464612984987,0.206736354899584,0.328208926818479,1.2553798336842,447,105,"Pka-C1;Hsp23;Hsp67Ba;Hsp68;Hsp83;Jra;CG5504;Sod1;mei-41;Hsp70Aa;Hsp70Bb;MAPk-Ak2;Nf1;HDAC1;Gcn2;14-3-3epsilon;AMPKalpha;eIF2Bepsilon;Sirt1;eIF2Bbeta;Eph;HDAC6"
"GOBP_POSITIVE_REGULATION_OF_RESPONSE_TO_BIOTIC_STIMULUS",0.0877084620135886,0.207426282350464,-0.29734831253211,-1.21997867977745,425,167,"aurA;cact;csw;Hsc70-2;mle;Pkc98E;rb;ref(2)P;rk;Su(dx);mts;Ac76E;Gdi;14-3-3zeta;pll;Phb2;Dif;wts;Irbp;Pi3K59F;Shark;Ubc4;abs;nonA-l;Stat92E;stumps;Pi3K21B;Tsf1;Sin3A;IKKbeta;CG2930;AlaRS-m;Tollo;Ppt1;CG1785;CG12121;Tat;Ubqn;cactin;CG1812;galectin;CG11374"
"GOBP_NEGATIVE_REGULATION_OF_NERVOUS_SYSTEM_DEVELOPMENT",0.0878712871287129,0.207644439142709,-0.371069800168549,-1.30263933067396,425,61,"arm;hook;tll;Wnt2;C15;Gdi;14-3-3zeta;alpha-Cat;Lac;fra;Cdk5;drl;NetB;CRMP;DAAM;Pten;Sur;Lrp4;Hesr;shv;Tspo"
"GOBP_HEMATOPOIETIC_PROGENITOR_CELL_DIFFERENTIATION",0.0882352941176471,0.207670588235294,-0.350753983662159,-1.28363159907029,434,76,"Abl;csw;grn;Hsc70-5;rb;Su(dx);zen;bs;Ptp99A;hh;Acer;Cdk4;Sp1;Sin3A;Lip3;Rbcn-3B"
"GOBP_HOST_MEDIATED_PERTURBATION_OF_VIRAL_TRANSCRIPTION",0.0882004735595896,0.207670588235294,0.509637497632856,1.37836527083716,446,19,"brm;Jra;crp;Taf11;HDAC1;Cdk9;Nnp-1"
"GOBP_INNATE_IMMUNE_RESPONSE_ACTIVATING_CELL_SURFACE_RECEPTOR_SIGNALING_PATHWAY",0.0880976602238047,0.207670588235294,-0.429477752483496,-1.34417165575171,432,35,"cact;Pkc98E;ref(2)P;pll;Dif;Shark;stumps;Pi3K21B;Tsf1;IKKbeta;galectin;CG11374;CG13392;Wdfy2"
"GOBP_INTEGRATED_STRESS_RESPONSE_SIGNALING",0.0881771451166469,0.207670588235294,0.505902160494578,1.38536110736181,445,20,"tj;Hsc70-3;Jra;dock;Gcn2"
"GOBP_STARTLE_RESPONSE",0.0880630175722076,0.207670588235294,-0.537441834545054,-1.40480352124435,435,16,"dsh;ort;alpha-Cat;Lcch3;Nrx-IV;Pten"
"GOBP_POSITIVE_REGULATION_OF_FILOPODIUM_ASSEMBLY",0.088569112282124,0.208123265442499,-0.5104097272873,-1.39014874908168,436,19,"neur;ninaC;bs;Cdc42;babo;Pi3K21B;CRMP"
"GOBP_TISSUE_MIGRATION",0.088532015647519,0.208123265442499,-0.385239204186281,-1.31087236737335,429,52,"csw;ena;Pkc98E;Ptp99A;zfh1;TkR99D;cdi;msn;Rab11;Fak;chb;wit;DAAM;siz;Pten;Kank"
"GOBP_DISRUPTION_OF_ANATOMICAL_STRUCTURE_IN_ANOTHER_ORGANISM",0.0888077858880779,0.208351280767723,-0.436659306532118,-1.34052833814547,437,32,"CkIIbeta;Gapdh1;LysB;LysD;LysE;Tsf1;Torsin;CG16756;Usp7"
"GOBP_REGULATED_EXOCYTOSIS",0.0887840885790445,0.208351280767723,-0.323929984989853,-1.255329141649,432,110,"Cam;dor;dsh;FER;grn;Csp;Wnt2;Syn;Rap1;mys;CanA1;Snap25;Hem;CASK;Cdk5;Hr38;Pi3K92E;Shark;Rab11;dos;Cbl;unc-13;RhoGAP1A;Cdk5alpha"
"GOBP_NEGATIVE_REGULATION_OF_MOLECULAR_FUNCTION",0.0890397672162949,0.208517512777781,0.303784417024532,1.22448683523736,458,151,"Acph-1;bsk;emc;Galphai;Jra;eIF4A;Ca-alpha1D;crp;Sce;smo;up;Ptp10D;N;wapl;Dp;E2f1;Ptp69D;Nlp;Rca1;Gcn2;loco;Vps25;Nnp-1;Hel89B;CG32809;Sirt1;Taf7;PlexB;Adar;Rok;XRCC1;Ublcp1;Cand1;OXA1L;Fmr1;Spn42Dd"
"GOBP_REGULATION_OF_RECEPTOR_RECYCLING",0.0890912690556326,0.208517512777781,0.541504893276478,1.39792486928575,449,16,"Ace;Syb;Klp98A;GluRIA"
"GOBP_TRABECULA_MORPHOGENESIS",0.0889897395422257,0.208517512777781,0.509279197039638,1.37739621126736,450,19,"Dr;Sos;tkv;N;Sema2a;Rho1;gbb"
"GOBP_REGULATION_OF_REACTIVE_OXYGEN_SPECIES_BIOSYNTHETIC_PROCESS",0.0892927696562623,0.208822995491831,0.463323946712856,1.35518090586922,451,27,"sl;Rho1;arg;Rab27;Trap1;CG14777;fab1;CG14778;ND-B14.5B"
"GOBP_HAIR_CELL_DIFFERENTIATION",0.0895067992693322,0.209068610595328,-0.417800489023121,-1.33176524924514,440,38,"acj6;arm;ck;hay;Ser;Su(H);Lcch3;jar;Lis-1;Fim;Hey;CG12206"
"GOBP_OSTEOCLAST_DIFFERENTIATION",0.0895399216009903,0.209068610595328,-0.37698481318535,-1.30190470244139,433,56,"acj6;arm;Su(var)2-10;Lis-1;dos;Pi3K21B;Tsf1;Irp-1B;CG14818;Tob;Vha100-3;Vha100-2;Vha100-1;Tollo;raptor"
"GOBP_PYRUVATE_METABOLIC_PROCESS",0.0902087978917494,0.2102965795543,-0.350209104531923,-1.27807057458621,444,75,"Eno;Gapdh1;Gpdh1;Hex-C;Men;Pepck1;Pfk;Pgi;mts;Arl2;nvy;Uch;Pglym87;Lip3;Mtch;Men-b;CG3626;Sirt4;raptor"
"GOBP_VENTRICULAR_CARDIAC_MUSCLE_TISSUE_DEVELOPMENT",0.090138067061144,0.2102965795543,0.44147761924493,1.34187577861795,456,32,"bi;emc;tkv;Tm1;tup;up;pros;N;Mlc-c;croc;ara;Dad"
"GOBP_REGULATION_OF_CARTILAGE_DEVELOPMENT",0.0902859381120251,0.210309762411384,0.435800606132971,1.34641625901376,460,34,"Pkg21D;dpp;for;tj;run;so;tkv;bap;Wnt5;Gel;Dad;gbb;Smox"
"GOBP_REGULATION_OF_CELL_CYCLE_CHECKPOINT",0.0906882591093117,0.21107979295854,-0.448542703203334,-1.35223144917483,447,29,"aurA;CycB;spn-A;sw;fs(1)h;ctp;Cul1;robl;Roc1a"
"GOBP_EYE_PHOTORECEPTOR_CELL_DIFFERENTIATION",0.0909450375642546,0.211188631459802,0.504756047118703,1.38222259359462,459,20,"Hr3;tj;Galphai;sn;ple;toy;sdk"
"GOBP_NEURAL_NUCLEUS_DEVELOPMENT",0.0910344827586207,0.211188631459802,0.424066264179101,1.33789915084391,461,38,"nAChRalpha1;Gdh;Gbeta13F;Hsc70-3;Ldh;rst;Shaw;Zw;Aldh;Rho1;14-3-3epsilon;Ptx1;Rad1;CG2082"
"GOBP_POSITIVE_REGULATION_OF_CALCIUM_ION_TRANSPORT",0.0909446508898885,0.211188631459802,0.438351253874327,1.34491459109012,464,33,"Ca-alpha1D;sl;tup;Zw;trpl;CanB;Dop1R1;Pp2B-14D;CalpA;CanB2;Pdk1"
"GOBP_POSITIVE_REGULATION_OF_DNA_BINDING_TRANSCRIPTION_FACTOR_ACTIVITY",0.0910026765493103,0.211188631459802,-0.384239875672058,-1.30747190313973,441,52,"ben;FER;Hsc70-2;mle;Pkc98E;rut;bs;Ror;pll;Phb2;Tsf1;Clk;IKKbeta;CSN5;CG3473"
"GOBP_REGULATION_OF_OSTEOCLAST_DIFFERENTIATION",0.0910939406262708,0.211188631459802,-0.445297605742765,-1.35028171273076,447,30,"acj6;arm;Su(var)2-10;Pi3K21B;Tsf1;Tob;Tollo;raptor"
"GOBP_CELLULAR_RESPONSE_TO_OXYGEN_LEVELS",0.091424106270756,0.211362320241303,0.327585407181821,1.25013705892381,467,104,"CycA;Jra;nau;nonA;N;orb;Shal;E2f1;Calx;dod;Pdk;Ork1;AMPKalpha;gbb;Sirt1;Actbeta;CG4025;Rok;myo;Tak1;Adk3;CG2082;sut2;sut1;Pink1;CG1764;jub"
"GOBP_EMBRYONIC_HEART_TUBE_DEVELOPMENT",0.091475282210977,0.211362320241303,0.390140255229549,1.31261412431415,469,51,"bi;pnr;sd;smo;N;Su(fu);lbl;dpn;Wnt5;croc;jumu;Ptx1;PlexB;PlexA;Smox;CG2082"
"GOBP_NUCLEOSIDE_DIPHOSPHATE_METABOLIC_PROCESS",0.0913915094339623,0.211362320241303,0.346609664689572,1.26344406935505,464,79,"Ald1;Appl;awd;Pka-C1;Dhod;Actn;Ldh;dlg1;Pgm1;r"
"GOBP_REGULATION_OF_MICROTUBULE_BASED_PROCESS",0.091249220536271,0.211362320241303,-0.30687043621808,-1.22710262608692,438,140,"Abl;aurA;Chc;FER;Hsc70-2;RpS3;Rcc1;sgg;Egfr;betaTub97EF;mts;Klp67A;TkR99D;Arl2;128up;dia;Dhc93AB;Cul1;Lis-1;Rab6;Pitslre;Gcn5;CLIP-190;chb;Roc1a;Eb1;Cdk5alpha"
"GOBP_RESPIRATORY_GASEOUS_EXCHANGE_BY_RESPIRATORY_SYSTEM",0.0915999178476073,0.211362320241303,-0.392348756169977,-1.30834397322514,445,48,"exd;Atpalpha;rb;Ser;C15;14-3-3zeta;dac;alpha-Man-IIa;Dhc93AB;Hr38;Vang;sfl;PHDP"
"GOBP_RESPONSE_TO_GLUCAGON",0.0915548539857932,0.211362320241303,0.507676762348168,1.37306226736063,463,19,"Pka-C1;CycA;r;phr6-4;Pka-R2;Ac3;Ac78C;Ass"
"GOBP_POSITIVE_REGULATION_OF_DEFENSE_RESPONSE",0.0919185687847008,0.211765410622232,-0.288772732821958,-1.20491199157185,446,191,"aurA;cact;Hsc70-2;mle;Pkc98E;pnt;rb;ref(2)P;rk;Su(dx);mts;Ac76E;Gdi;slbo;pll;Phb2;Dif;Mef2;wts;Irbp;Pi3K59F;Shark;Ubc4;abs;nonA-l;Stat92E;stumps;Pi3K21B;Tsf1;Sin3A;Clk;IKKbeta;LysRS;CG2930;AlaRS-m;Tollo;Ppt1;CG1785;CG12121;Tat;Ubqn;cactin;galectin;CG11374;CG3165;LUBEL;CG13392;Wdfy2;MRP;loqs;Lrch;Lamp1;CCHa2-R;CG8046;Myd88;Sting;Tsp47F;CG9003"
"GOBP_RESPONSE_TO_MUSCLE_STRETCH",0.0919006261361341,0.211765410622232,-0.534263527846109,-1.39649583815144,454,16,"arm;cact;Pgi;Dif;RyR;Rel;Fak"
"GOBP_POSITIVE_REGULATION_OF_MRNA_METABOLIC_PROCESS",0.0920412531620938,0.211882133648576,0.336011311512724,1.25755018281949,472,92,"bru1;aub;pum;tra2;me31B;Hrb27C;Pabp2;Mlh1;Psi;csul;pcm;Cbp20;Rok;Dgp-1;Fmr1;icln;Trf4-1;Upf1"
"GOBP_ADULT_BEHAVIOR",0.0922537952510705,0.212091590447154,0.334571131715061,1.25998158901158,473,96,"nAChRalpha1;nAChRalpha2;Appl;emc;en;fkh;Grd;pum;alphaTub85E;nAChRbeta2;sv;SerT;Dop1R1;unpg;HDAC1;sdk;Npc1a;GluClalpha"
"GOBP_CELL_MIGRATION_INVOLVED_IN_SPROUTING_ANGIOGENESIS",0.0922764227642276,0.212091590447154,-0.455818146385074,-1.36140994467367,453,28,"Abl;grn;tll;bs;mys;Hr38;Past1;Pi3K21B"
"GOBP_DIOL_METABOLIC_PROCESS",0.0927691696464045,0.212608783709141,0.476543463544176,1.3553854647195,466,24,"Pkg21D;for;ifc;pr;Dhfr;wun;Eato;Sk1;CG1801"
"GOBP_NEGATIVE_REGULATION_OF_CELL_MATRIX_ADHESION",0.0928107229894395,0.212608783709141,-0.467315484267941,-1.3606868018543,456,25,"sax;Ser;msn;CASK;Pi3K21B;chb;Pten"
"GOBP_REGULATION_OF_ORGAN_GROWTH",0.0928627760252366,0.212608783709141,0.409850027741495,1.32761921187513,470,43,"H2.0;pho;smo;Sod1;tkv;Zw;Cdk1;pros;N;SerT;croc;p38a;Ork1;p38b"
"GOBP_REGULATION_OF_PROTEASOMAL_UBIQUITIN_DEPENDENT_PROTEIN_CATABOLIC_PROCESS",0.0928376800311405,0.212608783709141,0.334124402685649,1.25829922523605,476,96,"abo;bsk;cta;Dab;fzy;Hsp68;Hsp83;dco;Raf;polo;faf;Pabp2;Hsp70Aa;Hsp70Bb;CkIalpha;Dad;emb;eIF3h;Sirt1;mtm;Rad23"
"GOBP_RETINA_MORPHOGENESIS_IN_CAMERA_TYPE_EYE",0.0925853275794429,0.212608783709141,0.442471489379363,1.33577135419304,471,31,"Hr3;fj;tj;Galphai;ninaB;pros;jumu;sdk;drpr;CG5921"
"GOBP_ANTIGEN_PROCESSING_AND_PRESENTATION_OF_PEPTIDE_ANTIGEN",0.093037336024218,0.212842801386663,-0.484336991970598,-1.37082021568596,460,22,"Ide;shi;Calr;Mvl;Acer;IKKbeta"
"GOBP_CELLULAR_RESPONSE_TO_HEAT",0.0934397508273311,0.212857866598969,0.390583999219955,1.30905990959995,479,50,"Pka-C1;Hsp68;Hsp83;mei-41;Hsp70Aa;Hsp70Bb;MAPk-Ak2;Nf1;HDAC1;14-3-3epsilon;Sirt1;HDAC6"
"GOBP_MONOAMINE_TRANSPORT",0.0934215648112106,0.212857866598969,0.389330812638946,1.30989078120099,479,51,"nAChRalpha1;nAChRalpha2;Galphai;Sh;nAChRbeta2;5-HT1A;Syt1;Rab3;SerT;Dop1R1;Syx1A"
"GOBP_NEGATIVE_REGULATION_OF_LEUKOCYTE_CELL_CELL_ADHESION",0.0935503812075005,0.212857866598969,-0.365598144121065,-1.29122184990494,453,63,"csw;dx;Prosbeta6;lz;Su(dx);Egfr;hh;hop;Sdc;Bgb;Bro;Stat92E;Cbl;Prosalpha7;Prosbeta3"
"GOBP_NUCLEOTIDE_BIOSYNTHETIC_PROCESS",0.0934675431388661,0.212857866598969,-0.310265437970765,-1.23319167098831,454,132,"Pfas;Gart;cn;Eno;Men;ras;r-l;rut;Ac76E;Prat;Dsor1;blw;ND-ACP;RnrL;RnrS;Gycbeta100B;SdhB;sun;ATPsynCF6;ATPsynO;ATPsynB;Paics;ND-PDSW;Ac13E;Lip3;ND-B14.5A;Taz;LysRS;GlyRS;NP15.6;ATPsyndelta;nmdyn-D7;ND-B16.6;ND-MNLL;nmdyn-D6;ND-B18"
"GOBP_PROTEIN_O_LINKED_GLYCOSYLATION_VIA_XYLOSE",0.0932410423452769,0.212857866598969,-0.462877943223837,-1.35884639574794,457,26,"arm;pip;Vang;sfl;botv;sotv;Hs3st-B;CG9550"
"GOBP_SENSORY_PERCEPTION_OF_MECHANICAL_STIMULUS",0.0933384972889233,0.212857866598969,0.329949343877442,1.25343686816027,481,100,"nAChRalpha1;eya;ec;Ca-alpha1D;osp;Sh;so;Sod1;drk;B-H2;Rab3;Dcp-1;CG10939;sty;Ork1;Nipped-B;l(1)G0196;Tim8;PGAP1;CG5921;Tim9a;ppk28;CG17660;VGlut"
"GOBP_T_CELL_DIFFERENTIATION_IN_THYMUS",0.0935251798561151,0.212857866598969,-0.381191373424925,-1.30343333727542,454,53,"arm;fz;grn;Prosbeta6;Egfr;bs;Ser;zfh1;hh;Psc;Cdk4;Stat92E;Prosalpha7;Prosbeta3;Prosbeta5;Btnd"
"GOBP_PYRIMIDINE_NUCLEOTIDE_BIOSYNTHETIC_PROCESS",0.093719041014464,0.213076830498109,0.489184386139454,1.36762262038033,472,22,"awd;Dhod;r;l(2)k01209;Ts;Shmt"
"GOBP_PHARYNGEAL_SYSTEM_DEVELOPMENT",0.0938428034052663,0.213092742168626,0.536635579662123,1.38535446653893,473,16,"eya;dpp;so;tkv;tup;dpn;gbb;PlexA;Six4"
"GOBP_POSITIVE_T_CELL_SELECTION",0.0938709020566076,0.213092742168626,-0.514675629682227,-1.38212846118427,460,18,"ush;bs;hh;fs(1)h;hop;Stat92E"
"GOBP_ENDOSOMAL_TRANSPORT",0.0939871570344425,0.213149450336918,0.289632632573852,1.19948471056556,482,191,"Arl1;Dab;Actn;g;DCTN1-p150;rl;Syb;Klp98A;nuf;Rme-8;Rab10;Rab14;Vsp37A;Rab4;Surf4;Vps25;Dap160;syd;WASp;Rilpl;mtm;Stam;CG18659;CG5498;CG2082;Rich;CenG1A;fab1;GIIIspla2;Arfrp1;CG12106;Dlic;CG3632;SWIP;Mvb12;Syx16;CG1695;Tbc1d15-17;TBC1D23;Vps29;CG17660;Snx1;Vps53;CCDC53;mon2;Reps;Wdr81"
"GOBP_NEGATIVE_REGULATION_OF_ORGAN_GROWTH",0.0940407840031677,0.213149450336918,0.53624187807716,1.38433810409506,474,16,"pho;Zw;SerT;p38a;Ork1;fh"
"GOBP_KIDNEY_MORPHOGENESIS",0.0945253229444331,0.213938648396138,-0.392425653720999,-1.3054650038754,460,47,"arm;salr;exd;grn;LanA;rk;Egfr;ptc;Wnt2;Cbp53E;hh;mirr;Vang;caup"
"GOBP_WNT_SIGNALING_PATHWAY_PLANAR_CELL_POLARITY_PATHWAY",0.0945344129554656,0.213938648396138,-0.459030628987861,-1.36116453725658,466,27,"Abl;dsh;fz;pk;Wnt2;Cdc42;drl;Vang;DAAM;Smurf;Mks1"
"GOBP_REGULATION_OF_PROTEIN_BINDING",0.0946136776275973,0.213953450868863,-0.491215400856643,-1.3740237011314,468,21,"aurA;Lar;Ide;sgg;TfIIFalpha;smid;Rack1;CG11403"
"GOBP_REGULATION_OF_SMALL_MOLECULE_METABOLIC_PROCESS",0.0947368421052632,0.214067426631094,0.289857161158923,1.19809834653112,485,188,"Ald1;Appl;awd;Pka-C1;Dab;Hr3;dpp;EcR;Actn;Galphai;Gbeta13F;rl;pros;Hnf4;Wnt5;fbl;phr6-4;Lgr1;Pdk;AMPKalpha;gbb;Sirt1;flfl;Drp1;nes;Ugt37B1;Pfrx;CG3793;Eato;Efr;Pink1;Pdp;GIIIspla2"
"GOBP_REGULATION_OF_NEUROTRANSMITTER_RECEPTOR_LOCALIZATION_TO_POSTSYNAPTIC_SPECIALIZATION_MEMBRANE",0.0949200566686906,0.214316812524396,-0.52286080346413,-1.38699349169671,468,17,"Rap1;Dsor1;cora;Vps26;siz;Klp10A"
"GOBP_NEGATIVE_REGULATION_OF_CANONICAL_NF_KAPPAB_SIGNAL_TRANSDUCTION",0.0950932684509327,0.214543248299574,-0.433782791558588,-1.33169754081805,468,32,"cact;gro;per;Su(dx);Su(var)2-10;mts;pll;Roc1a;nAChRalpha5"
"GOBP_TAXIS",0.0954331353676019,0.215145045403437,-0.309816270038015,-1.22830081869664,465,129,"acj6;FER;if;betaTub85D;Wnt2;Ptp4E;Plc21C;mys;gig;Calr;Dsor1;Srp54k;Hem;CASK;Hr38;Pi3K92E;Shark;drl;NetB;dos;Rh6;Fak;fray;wit;Crk;Cortactin;Rlip;Amph"
"GOBP_NEGATIVE_REGULATION_OF_PROTEASOMAL_UBIQUITIN_DEPENDENT_PROTEIN_CATABOLIC_PROCESS",0.0956362153344209,0.215437783701276,-0.438443781587951,-1.33950120181381,468,31,"CkIIbeta;mor;hh;kermit;Uch-L5;RpL11;Gcn5;CG1785;Usp7;wcy;CG8173"
"GOBP_PROTEIN_IMPORT_INTO_MITOCHONDRIAL_MATRIX",0.0957679316511027,0.215569437580371,0.480821013629861,1.3579406734927,481,23,"Hsp83;Roe1;Tom40;CG12379;Tom70;ttm3;tomboy40;Tom7;Tom20;Tim17a2;tomboy20;Tim17a1;blp;CG11779"
"GOBP_NEGATIVE_REGULATION_OF_WNT_SIGNALING_PATHWAY",0.0960875734846949,0.216123578892945,-0.348062722121518,-1.27023745955565,473,75,"arm;BicC;fz;gro;pk;sgg;sina;sr;mts;Ptp4E;hh;gig;wts;nmo;Rack1;Optix;Roc1a;Axn;lili"
"GOBP_PIRNA_PROCESSING",0.0962185705800832,0.216252891250271,0.534673503722115,1.38028925884456,485,16,"aub;shu;spn-E;tud;mino"
"GOBP_CELLULAR_RESPONSE_TO_RETINOIC_ACID",0.096306876147725,0.216286129485959,-0.41439169988543,-1.32566545397924,471,39,"Abl;fz;sgg;Wnt2;otk;Bx42;htl;Ret;Drip;snRNP-U1-70K;Fak;fz4"
"GOBP_NUCLEOTIDE_SUGAR_METABOLIC_PROCESS",0.0964170692431562,0.216368434563971,-0.469137768287772,-1.3554620406116,478,24,"Hex-C;Uggt;Parg;NTPase;FucT6;CG17065;Gmd"
"GOBP_ENDOSOME_ORGANIZATION",0.0969450101832994,0.217387362773831,-0.351249769768414,-1.27299926415251,475,72,"dor;hook;ref(2)P;shi;poe;Rab5;Pi3K59F;Rab11;Rab7;Vps28;rush;CG3558;Sec71;Vha100-1"
"GOBP_POSITIVE_REGULATION_OF_COLD_INDUCED_THERMOGENESIS",0.0970834183153172,0.217531924359225,-0.396111975498452,-1.30941055002656,475,45,"Galphas;Hsf;kn;per;hop;Tbh;Shark;ksr;Stat92E;yps"
"GOBP_RESPONSE_TO_ANTIBIOTIC",0.0973325188352678,0.217924102293271,-0.512539650166263,-1.37639242490964,477,18,"E(z);pnt;mts;hop;scat;Mef2;Eaat1;chm"
"GOBP_MRNA_TRANSPORT",0.0974706971005552,0.218067521574018,-0.334365193891788,-1.26042039153425,473,92,"e(y)2;Hsf;mago;mle;sbr;e(r);eIF4E1;Smg5;drongo;Nup154;Cbp80;Sec13;Dbp80;Nsun2;mbo;Tnks;Nup93-1;nito;Ythdc1;Nxt1;Spt6;Upf2;BORCS5;Set2;CG9915;Nup35;Elys;Ntf-2"
"GOBP_POSITIVE_REGULATION_OF_RNA_SPLICING",0.0976006506710045,0.21819233607454,-0.442148838908954,-1.34073366616928,479,30,"Hsc70-2;sm;vls;B52;Bx42;U2af50;snRNP-U1-70K;Pi3K21B;Cbp80;vig"
"GOBP_NEGATIVE_REGULATION_OF_BMP_SIGNALING_PATHWAY",0.0979340484704013,0.218674277899181,0.473958476574372,1.34803324181982,492,24,"Dll;cv-2;sog;N;Wnt5;eff;Dad;bon"
"GOBP_OLIGODENDROCYTE_DIFFERENTIATION",0.0980392156862745,0.218674277899181,0.379001699385268,1.29571271687653,504,55,"Dll;emc;kto;Ptp10D;Ten-m;N;dpn;Calx;Nf1;HDAC1;csul;toy;eIF2Bepsilon;eIF2Bbeta"
"GOBP_REGULATION_OF_BINDING",0.0980311730926989,0.218674277899181,-0.393114635731748,-1.30350473304017,477,46,"acj6;aurA;Lar;grn;Ide;sgg;TfIIB;TfIIFalpha;Rbf;smid;Rack1;CG11403;CG3224;CG13001;CG5445"
"GOBP_POSITIVE_REGULATION_OF_EMBRYONIC_DEVELOPMENT",0.098122350090854,0.218693904520676,-0.540856367267987,-1.39144277095135,485,15,"gro;Plc21C;tsr;Hr78;Lis-1;Rack1;Lim1;beta4GalNAcTA"
"GOBP_VESICLE_CARGO_LOADING",0.0983506414172266,0.219036780506798,-0.511666067668948,-1.37404647502762,482,18,"cm;or;rb;Khc-73;Sec13;CHOp24"
"GOBP_AMYLOID_PRECURSOR_PROTEIN_METABOLIC_PROCESS",0.0986441344075457,0.219147156232452,0.402656637392791,1.311399315461,501,44,"Ace;Appl;dlg1;Dcp-1;dod;Rok;Eato;CG1801;CG3662;CG31689;CG9663;Aatf"
"GOBP_MITOCHONDRIAL_CALCIUM_ION_HOMEOSTASIS",0.0985971151946256,0.219147156232452,0.522658123707291,1.36939985418916,498,17,"AnxB10;Calx;Mitofilin;CG3740;Tg;CG14744;CG5348;CG3776"
"GOBP_ODONTOGENESIS_OF_DENTIN_CONTAINING_TOOTH",0.0987726475745178,0.219147156232452,0.393656170708008,1.30846508304407,506,48,"Dll;dpp;Dr;put;run;smo;tkv;ci;l(2)03659;HDAC1;gbb"
"GOBP_POSITIVE_REGULATION_OF_FIBROBLAST_PROLIFERATION",0.0985772357723577,0.219147156232452,-0.451561353117958,-1.34869601318097,484,28,"Abl;CycB;mle;Egfr;mys;Psc;Drip;Cdk4;tna"
"GOBP_VITAMIN_D_METABOLIC_PROCESS",0.0987280436099334,0.219147156232452,-0.539880986541757,-1.38893344214879,488,15,"sad;Su(var)2-10;Rel;Ugt37C1;Ugt37A1"
"GOBP_LONG_TERM_SYNAPTIC_POTENTIATION",0.0990657843518879,0.21963190471986,0.385652652140729,1.29751573054487,508,51,"Appl;Raf;Pkc53E;rl;Syb;tsh;GluRIA;Dop1R1;nSyb;Syx1A;Calx;Nf1;Gcn2;loco;Ac78C;Nckx30C;Fmr1"
"GOBP_POSITIVE_REGULATION_OF_GLIOGENESIS",0.0992141453831041,0.219795192558051,0.461335376661939,1.33903509468914,504,26,"dpp;emc;Ten-m;N;dpn;E2f1;HDAC1;csul"
"GOBP_RESPONSE_TO_ACTIVITY",0.0995530272247054,0.220379989537309,-0.402644387558921,-1.31309042632581,489,42,"by;Col4a1;if;mnd;mys;blw;RyR;tsr;Cbl;CalpB;Sur"
"GOBP_CHAPERONE_MEDIATED_PROTEIN_COMPLEX_ASSEMBLY",0.0999802410590792,0.221062321850988,0.52134691231764,1.36596439111233,505,17,"Hsp68;Hsp83;Hsp70Aa;Hsp70Bb;CG13920;CCT2;CG12379;Hsp60C"
"GOBP_COLLAGEN_BIOSYNTHETIC_PROCESS",0.100495540138751,0.221062321850988,0.491263698318195,1.35865289451605,506,21,"dpp;Got1;CrebA;N;Wnt5;Actbeta;scf"
"GOBP_LIPID_CATABOLIC_PROCESS",0.100474520321849,0.221062321850988,-0.298093544557224,-1.20530495019165,486,151,"Fbp2;Gal;Pkc98E;sad;Mdr49;Plc21C;14-3-3zeta;Jhe;emp;wal;Aldh-III;Sply;scat;Hydr2;Lis-1;Rab7;crq;T3dh;Lip3;chico;mbt;Paf-AHalpha;CG4757;CG5966;Ppt1;CG2145;CG11095;Mfe2;CG6847;CG9577;CG8814;CG2818;CG11029;Cyp4d21;PAPLA1;CG7840;CG4598;Snx17;Lip4;CG10194;puml;CG8839;St4;Jhedup;CG15111;Hacl;St1;CG3376;CG7049;CPT2;Fitm;Mcad;Pex7;iPLA2-VIA;CG6149;CG8745;bmm"
"GOBP_NEGATIVE_REGULATION_OF_MUSCLE_CONTRACTION",0.100970104929717,0.221062321850988,0.530752804780375,1.37016775740719,509,16,"for;Sod1;up;Gycalpha99B;mbc"
"GOBP_NUCLEOSIDE_TRIPHOSPHATE_BIOSYNTHETIC_PROCESS",0.101213782302271,0.221062321850988,0.341873763130995,1.25265227917654,516,81,"Ald1;awd;Ldh;r;ATPsynbeta;ATPsynG;ND-SGDH;ATPsynD;CG5989;ND-75;ND-23;ND-42;ATPsyngamma;l(2)k01209;Ts;Adk3;aralar1;ND-ASHI;Pink1;ND-20;ND-24;ND-18;ND-B17.2;ND-B14.5B;ND-13A;ATPsynGL"
"GOBP_POSITIVE_REGULATION_OF_APOPTOTIC_SIGNALING_PATHWAY",0.10048971596474,0.221062321850988,0.358557375008503,1.27097640139155,512,68,"Appl;bsk;Dr;Sod1;tkv;nonA;Wnt5;dock;CG10939;Ptp69D;Nf1;Sirt1;Actbeta;Rad9;Atf3;CG11700"
"GOBP_POSITIVE_REGULATION_OF_GLUCONEOGENESIS",0.101168085527618,0.221062321850988,0.530615618323695,1.3698136029722,510,16,"Pka-C1;phr6-4;Sirt1;flfl"
"GOBP_POSTSYNAPTIC_MEMBRANE_ORGANIZATION",0.100607287449393,0.221062321850988,-0.456362087950771,-1.35325150662961,496,27,"cin;dsh;mnd;ort;boca;Crk;ssh;Lrp4;Fnta;CG4537"
"GOBP_PROTEIN_MONOUBIQUITINATION",0.101119023397762,0.221062321850988,-0.42142393995218,-1.31896497982325,496,35,"ben;neur;Su(dx);Cul1;Cbl;Roc1a;STUB1;CG10254;CG3473;HUWE1;CG13001;CG1812;Pex12"
"GOBP_REGULATION_OF_CD4_POSITIVE_ALPHA_BETA_T_CELL_DIFFERENTIATION",0.10093419983753,0.221062321850988,-0.46333862711621,-1.34910735023887,496,25,"grn;lz;fs(1)h;hop;Hem;Bgb;Bro;Stat92E"
"GOBP_REGULATION_OF_DENDRITIC_SPINE_DEVELOPMENT",0.101141924959217,0.221062321850988,-0.434615926815305,-1.32780662138264,495,31,"Lar;neur;stau;ct;Mef2;tsr;Lis-1;Eb1"
"GOBP_REGULATION_OF_DNA_TEMPLATED_DNA_REPLICATION",0.100508646998983,0.221062321850988,-0.421679168512996,-1.31976378952923,493,35,"dup;Cdk2;dac;mtSSB;ctp;Mcm2;dpa;Mcm7;EloB;Roc1a;Mcm6;chm"
"GOBP_REGULATION_OF_INTRINSIC_APOPTOTIC_SIGNALING_PATHWAY",0.100878048780488,0.221062321850988,0.332322128929336,1.24537307828663,516,93,"Appl;Dr;Hsp68;pnr;slgA;Sod1;wbl;nonA;CrebA;dock;CG10939;Hsp70Aa;Hsp70Bb;Su(Tpl);HDAC1;Usp47;Xbp1;Sirt1;Rad9;Trap1"
"GOBP_REGULATION_OF_PROTEIN_SUMOYLATION",0.100989699050697,0.221062321850988,-0.527310783362509,-1.37832226232413,499,16,"arm;sr;Su(var)2-10;Dif;CalpB"
"GOBP_REGULATION_OF_TRANSCRIPTION_BY_RNA_POLYMERASE_I",0.100122349102773,0.221062321850988,-0.43527493883261,-1.32981998643937,490,31,"disco;Egfr;Myo61F;Iswi;Snr1;Arp6;cher;Dek;CG11403;CG1785"
"GOBP_RESPONSE_TO_CORTICOSTEROID",0.100732600732601,0.221062321850988,-0.343342900530459,-1.26442238121029,494,79,"Cam;Gal;Pepck1;sgg;v;Wnt2;hop;Psc;Dsor1;CycD;Hmgs;blw;Smyd3;eIF4E1;Cpr;Drip;fray;Ubc10;Axn;Ugt37C1;Ugt37A1"
"GOBP_RIBOSE_PHOSPHATE_BIOSYNTHETIC_PROCESS",0.100234009360374,0.221062321850988,0.320403234020266,1.23546420766831,513,111,"Ald1;Aprt;awd;bur;Dhod;Ldh;r;Zw;ATPsynbeta;ATPsynG;ND-SGDH;Gycalpha99B;ATPsynD;CG5989;ND-75;ND-23;ND-42;ATPsyngamma;pug;Papss;l(2)k01209;Ac3;Ac78C;Adk3;aralar1;ND-ASHI;Pink1;ND-20;ND-24;ND-18;ND-B17.2;ND-B14.5B;ND-13A;ATPsynGL;CG8353"
"GOBP_TISSUE_REGENERATION",0.100122349102773,0.221062321850988,-0.435034285957849,-1.32908476147211,490,31,"CycB;E(z);fz;lz;prd;Egfr;Wnt2;scat"
"GOBP_ORGANIC_HYDROXY_COMPOUND_TRANSPORT",0.101536544850498,0.221602755897749,-0.298776309891539,-1.20593346118182,488,150,"mAChR-A;nAChRbeta1;Act42A;cact;csw;ptc;Mdr49;Mdr65;hh;mys;Jhe;emp;scat;Nos;Rel;Shark;Drip;crq;Orct;mGluR;Atet;Lip3;Torsin;Rlip;CG4757;fan;rtet;Vap33;CG11655;CG9903;CG4822;Ent1;Tspo;Tango14;Vps52;CG7627;CG5853;CG17134;CG17036;MRP;CG10383;Sec24AB;Prip;Sln;Dh44-R2;CG4630;DJ-1alpha;Dh44-R1;CG10104;Jhedup"
"GOBP_GLIAL_CELL_PROLIFERATION",0.102320887991927,0.222962787843087,-0.478841131358709,-1.3552652674696,506,22,"mAChR-A;mnd;Pkc98E;Pp1-87B;Lac"
"GOBP_POSITIVE_REGULATION_OF_UBIQUITIN_DEPENDENT_PROTEIN_CATABOLIC_PROCESS",0.102387058591438,0.222962787843087,0.347824521556885,1.25505384635929,518,75,"abo;bsk;Dab;fzy;Hsp68;dco;l(3)mbt;polo;Cdk1;Hsp70Aa;Hsp70Bb;CkIalpha;Dad;Sirt1;Rad23"
"GOBP_SARCOMERE_ORGANIZATION",0.102304330552245,0.222962787843087,0.471374818717618,1.340684799185,514,24,"Act5C;Actn;Tm1;up;pros;CalpA;Mlp84B;Six4"
"GOBP_REGULATION_OF_CALCINEURIN_MEDIATED_SIGNALING",0.102523345916948,0.223094440597383,0.476063915485329,1.3445056178792,515,23,"Actn;sl;CanB;heph;Pp2B-14D;Calx;CanB2"
"GOBP_ARTERY_MORPHOGENESIS",0.102614507568311,0.223127776249795,0.426480955897711,1.32617797582558,521,35,"eya;dpp;so;tkv;pros;N;dpn;croc;Nf1;Dad"
"GOBP_ENDODERM_DEVELOPMENT",0.102771596196642,0.223139509970863,-0.404677386189429,-1.3136868046935,507,41,"arm;Col4a1;E(bx);if;LanA;Poxm;mew;mys;atms;Hem;Lim1;onecut;SoxN"
"GOBP_VASCULAR_ENDOTHELIAL_GROWTH_FACTOR_RECEPTOR_SIGNALING_PATHWAY",0.10271546635183,0.223139509970863,0.452295816748889,1.33407293294184,521,28,"robo2;Pkc53E;inaC;MAPk-Ak2;croc;Xbp1;p38b;lqf"
"GOBP_POSITIVE_REGULATION_OF_MUSCLE_CONTRACTION",0.102977161500816,0.223256307395283,-0.433356783607419,-1.32395977964135,504,31,"mAChR-A;Eno;Atpalpha;bs;TkR99D;Dsor1;Acer;Oamb;Cortactin"
"GOBP_REGULATION_OF_PROTEIN_LOCALIZATION_TO_SYNAPSE",0.102965069049553,0.223256307395283,-0.461422694451223,-1.34352871144291,506,25,"dsh;Wnt2;Rap1;Dsor1;cora;Vps26;siz;Klp10A"
"GOBP_NEGATIVE_REGULATION_OF_STEM_CELL_DIFFERENTIATION",0.103169796083182,0.223416317734151,-0.53715417556824,-1.38191826834947,510,15,"Hsc70-5;pk;sgg;Ser;NELF-B;Hesr"
"GOBP_REGULATION_OF_HEART_RATE_BY_CARDIAC_CONDUCTION",0.103202846975089,0.223416317734151,0.495413439063572,1.3566388209769,521,20,"Ca-alpha1D;sei;Sh;tup;Shal;Ance;14-3-3epsilon"
"GOBP_CARBOHYDRATE_BIOSYNTHETIC_PROCESS",0.104008221993833,0.224383776722126,-0.317825344842879,-1.2342595896495,505,112,"Chc;Eno;Gpdh1;Hex-C;Pepck1;per;Pgi;sgg;Pp1-87B;LysB;LysD;LysE;Pgd;Pglym87;Rel;sfl;Gcn5;chico;Sik2;Dyrk3;beta4GalNAcTA;PCB;Dic1;sotv;CG16756;FucT6;Usp7"
"GOBP_PLASMA_LIPOPROTEIN_PARTICLE_CLEARANCE",0.104066022544283,0.224383776722126,-0.464299768576609,-1.34148379071519,516,24,"if;mys;emp;crq;Past1;Lip3;Sur"
"GOBP_REGULATION_OF_CALCIUM_ION_TRANSPORT",0.104050997326753,0.224383776722126,-0.327281071409875,-1.24451462900887,505,98,"Abl;arm;Cam;csw;Atpalpha;Pkc98E;mys;CanA1;Nmdar1;cora;dia;RyR;Nos;Ank;CASK;Fkbp12;nrv1;Fak;Torsin;homer;CalpB;Amph"
"GOBP_SYNAPTIC_VESICLE_TRANSPORT",0.104107360715738,0.224383776722126,-0.437316157511233,-1.32607946360758,511,30,"arm;cm;or;rb;shi;Cdk5;Torsin;htt;sut3;BORCS5"
"GOBP_UROGENITAL_SYSTEM_DEVELOPMENT",0.103861788617886,0.224383776722126,-0.448443193427537,-1.33938288327316,510,28,"arm;exd;grn;mor;ptc;vls;hh;fd96Cb;htl;Stat92E;Crk;Lim1;Spn55B"
"GOBP_VESICLE_TRANSPORT_ALONG_MICROTUBULE",0.104107360715738,0.224383776722126,-0.437250436897445,-1.32588017813691,511,30,"cm;or;rb;sw;Klp68D;Dsor1;Lis-1;Khc-73;htt;BORCS5"
"GOBP_PYRIMIDINE_CONTAINING_COMPOUND_TRANSMEMBRANE_TRANSPORT",0.104423348818421,0.224900067513758,-0.525553405391692,-1.37372870335109,516,16,"Orct;CNT2;Ent1;Rim2;CG17036;CNT1;CG4630;Tpc2"
"GOBP_BONE_REMODELING",0.104620394870751,0.224995030489583,-0.395295450269728,-1.30147396242473,513,44,"arm;arr;rk;hh;mys;Shark;Rab7;Fak;CG14818;Vha100-3;Vha100-2;Vha100-1"
"GOBP_ESTABLISHMENT_OF_SPINDLE_ORIENTATION",0.104568727845609,0.224995030489583,0.463154707267539,1.33280071317864,530,25,"DCTN1-p150;l(2)gl;Zw10;sty;toy;Dlc90F;HDAC3;Tip60"
"GOBP_EPITHELIAL_CELL_APOPTOTIC_PROCESS",0.105263157894737,0.226046868997311,-0.441175864242465,-1.33002247943181,519,29,"Abl;Su(var)2-10;Ser;B52;hop;RyR;Rbf;Optix;Mtch"
"GOBP_MONOATOMIC_ANION_TRANSPORT",0.105241688761982,0.226046868997311,-0.34030384668918,-1.25568699355474,515,80,"Axs;ort;Mdr49;Lcch3;Esp;tty;Rab11;Drip;CG2187;Orct;CG12773;Eaat2;Eaat1;CAH1;CG10353;Clic;Ucp4A;Tspo;hoe2;SLC5A11;CG7627;CG7309"
"GOBP_CELLULAR_RESPONSE_TO_IONIZING_RADIATION",0.105540897097625,0.22647798633203,-0.409908182458301,-1.30660802732806,519,38,"grn;Hsf;Blm;spn-A;sr;mys;CycD;l(2)efl;Irbp;Set;Clk;Hus1-like"
"GOBP_EXOCRINE_SYSTEM_DEVELOPMENT",0.105877616747182,0.226869591019817,-0.463565188294047,-1.33936139564044,525,24,"ftz-f1;LanA;Egfr;hh;htl;Srp54k"
"GOBP_NEGATIVE_REGULATION_OF_CELL_GROWTH",0.105852317360566,0.226869591019817,0.350469075970325,1.25731154183027,538,72,"brm;Dab;Dr;Hsp68;pho;Zw;Ptp10D;Hnf4;Wnt5;Sema1a;Hsp70Aa;Hsp70Bb;DIP2;Actbeta;PlexA;Smox;CG2082"
"GOBP_MODULATION_OF_PROCESS_OF_ANOTHER_ORGANISM",0.106387109299165,0.22762972767865,0.375624575234686,1.28416716783156,547,55,"brm;Jra;crp;Gel;Taf11;Pi3K68D;HDAC1;Cdk9;Gcn2;Nnp-1;arg;CycK;Rok;Fmr1;CG16863"
"GOBP_REGULATION_OF_SMOOTHENED_SIGNALING_PATHWAY",0.106370543541788,0.22762972767865,0.386318684689463,1.28973459084109,545,49,"Pka-C1;fkh;fy;in;hyd;run;smo;tup;Su(fu)"
"GOBP_ADAPTIVE_IMMUNE_RESPONSE",0.107230895645029,0.2278896736891,-0.305554258940279,-1.2144664569299,521,132,"csw;grn;Prosbeta6;Ser;fs(1)h;Ac76E;hop;14-3-3zeta;CanA1;Dif;Mef2;Pms2;Mvl;Hem;Rel;Pi3K92E;Shark;tos;Stat92E;Fak;Prosalpha7;Hmt4-20;Tsc1;Prosbeta3;Ercc1;Vha100-3;Vha100-2;Vha100-1;Spt6;Prosbeta5"
"GOBP_AORTIC_VALVE_MORPHOGENESIS",0.107248084855628,0.2278896736891,0.506075411667805,1.35068337398314,545,18,"dpp;robo2;pnr;N;Rho1;Dad;Smox;Rok"
"GOBP_BASEMENT_MEMBRANE_ORGANIZATION",0.107620591811917,0.2278896736891,-0.498573480841432,-1.35791162210137,530,19,"pk;mys;Pxn;chb;Ndg"
"GOBP_FERTILIZATION",0.106885118002731,0.2278896736891,0.314969423895062,1.22392504976,547,117,"Ald1;Hsp68;spn-E;CCT1;Cdk1;Syt1;porin;LysP;LysS;LysX;Fur1;Rop;ash1;Rab3;CanB;CCT5;Hsp70Aa;Hsp70Bb;Syx1A;Ag5r;CanB2;Nlp;Ac3;GluClalpha"
"GOBP_KERATINOCYTE_DIFFERENTIATION",0.107121951219512,0.2278896736891,0.390784504926923,1.29393944986558,548,47,"awd;Dr;tj;in;N;Wnt5;Dcp-1;Pp2B-14D;sktl;toy;Eph;Rok"
"GOBP_L_AMINO_ACID_METABOLIC_PROCESS",0.106635532204709,0.2278896736891,0.326874975024805,1.23600576137761,547,98,"b;EcR;Gdh;Got1;r;slgA;Sam-S;Hdc;ple;Nmdmc;l(2)03659;Odc1;Odc2;Faa;pug;scu;aay;arg;CG17896;CG17636;Ass;Shmt;ATP7;CG1764;CG1640;Nadsyn;Ggt-1;Cbs"
"GOBP_LOW_DENSITY_LIPOPROTEIN_PARTICLE_CLEARANCE",0.10736629667003,0.2278896736891,-0.476396707879678,-1.34834680950272,531,22,"if;mys;emp;crq;Past1;Lip3;Sur"
"GOBP_METABOLIC_COMPOUND_SALVAGE",0.10766785856178,0.2278896736891,0.468139433791742,1.33148271367387,541,24,"Aprt;l(2)k01209;dnk;Nadsyn;Naprt;CG8353;Mtap;CG9752;CG16758;CG12016"
"GOBP_MUSCLE_ORGAN_MORPHOGENESIS",0.107670512042097,0.2278896736891,-0.413814596824859,-1.30486615719849,531,36,"acj6;fz;prd;ush;Tm2;Su(H);htl;RyR;babo;Fkbp12;Vang"
"GOBP_NEGATIVE_REGULATION_OF_ANTIGEN_RECEPTOR_MEDIATED_SIGNALING_PATHWAY",0.107049080993739,0.2278896736891,-0.523649009533355,-1.3687508586139,529,16,"csw;janA;Moe;Cbl"
"GOBP_NEGATIVE_REGULATION_OF_GROWTH",0.107216072160722,0.2278896736891,-0.332383749683513,-1.24878554227203,522,90,"Eno;Galphas;Hsc70-2;sax;sgg;tld;ptc;htl;Spn;l(2)efl;babo;fra;tsr;wts;Cdk5;Set;drl;NetB;Rbf;Rack1;wit;Pten"
"GOBP_NEURAL_CREST_CELL_DIFFERENTIATION",0.107058359621451,0.2278896736891,0.401384645023465,1.30019746252388,542,43,"dpp;rl;smo;so;tkv;tup;dpn;Sema1a;Sema2a;Aldh;croc;unpg;Ptx1;gbb;SkpA"
"GOBP_POSITIVE_REGULATION_OF_MEIOTIC_CELL_CYCLE",0.107305484062562,0.2278896736891,0.526735008766899,1.35979559450212,541,16,"Dr;twe;stg;Ubc6;Wnt5;Nlp"
"GOBP_REGULATION_OF_SISTER_CHROMATID_SEGREGATION",0.107548701298701,0.2278896736891,-0.345410014306901,-1.25773253657998,529,74,"Act42A;Mps1;aurA;CycB;mor;rod;sw;shtd;Snr1;ctp;Rbf;Gcn5;robl;Bub3"
"GOBP_RIBONUCLEOPROTEIN_COMPLEX_BIOGENESIS",0.107210626185958,0.2278896736891,0.255876640333278,1.14004522738668,564,386,"RpLP0;bru1;crn;SmF;Hsp83;Mybbp1A;Mtr4;Fib;snf;mei-41;RpS14a;Dbp73D;eIF2beta;RpS17;RpL7;GluProRS;Dbp45A;bys;RpS9;Bka;l(3)07882;heph;RpS4;Rlb1;RpL7A;Hel25E;Ddx1;eIF3i;csul;Nlp;Ran;dbe;emb;Rtc1;Zfrp8;eIF3h;Nnp-1;l(2)09851;SmD3;CG14805;CG3071;CG11417;mEFTu1;RpL10;CG2685;SF1;eIF5B;l(1)G0020;Ulp1;eIF3j;Non1;icln;CG2875;MCTS1;CG1575;CG1738;CG1662;CG15027;CG9123;CG12608;CG8565;Rrp47;eIF5;CG9609;Usp39;CG14230;CG3436;Sf3b1;CG3862;CG4887;Sf3b2;CG17219;Dim1;CG3294;mRpS2;CG3008;CG11030;CG9107;Phf5a;Aatf;CG13390;CG13097;CG4364;CG13126;CG17768;holn1;CG5776;RpL24;CG12288;CG10341;CG10628;CG11123;CG2906;Cul4;CG1671;CG12128;RpLP0-like;CG12909;RpS15Ab;RpS11;CG8545;Ak6;cbc;fand;eIF3m;CG12863;Rrp42;CG8414;CG8435;CG4866;Ns2"
"GOBP_AXIS_ELONGATION",0.108140225787285,0.228179383520404,0.536766228768375,1.35974688178685,545,15,"dpp;kto;so;Wnt5;sty;bon;Six4"
"GOBP_CARDIAC_MUSCLE_TISSUE_MORPHOGENESIS",0.108225108225108,0.228179383520404,0.448175799848276,1.3219207024174,549,28,"dpp;tkv;Tm1;tup;up;pros;N;Mlc-c;croc;Dad;Ptx1"
"GOBP_DICARBOXYLIC_ACID_TRANSPORT",0.108350305498982,0.228179383520404,-0.345897815151665,-1.253602712538,531,72,"cn;mnd;Atpalpha;per;mys;kermit;scat;Esp;tty;Orct;mGluR;Eaat2;Eaat1;Dic1;Sur"
"GOBP_HISTONE_MRNA_METABOLIC_PROCESS",0.108028335301063,0.228179383520404,0.448460008245264,1.32275899168672,548,28,"SmF;pcm;Cbp20;SmD3;MTPAP;CstF64;Cpsf100;Upf1"
"GOBP_LIGAND_GATED_ION_CHANNEL_SIGNALING_PATHWAY",0.108278996245801,0.228179383520404,0.515521674310487,1.35070187109058,547,17,"Appl;dlg1;GluRIA;CalpA"
"GOBP_POSITIVE_REGULATION_OF_PROTEOLYSIS_INVOLVED_IN_PROTEIN_CATABOLIC_PROCESS",0.10790243902439,0.228179383520404,0.329532130434217,1.23491759334653,552,93,"abo;bsk;Dab;fzy;Hsp68;dco;l(3)mbt;polo;Cdk1;Hsp70Aa;Hsp70Bb;CkIalpha;Tmtc3;Rpt6;Dad;Xbp1;Sirt1;Rad23;Rpt1;Fmr1"
"GOBP_REGULATION_OF_JNK_CASCADE",0.108328242720424,0.228179383520404,-0.344853716957805,-1.25282755946756,531,73,"dsh;fz;per;Su(dx);Egfr;Wnt2;Plc21C;hep;msn;Hr78;Lis-1;Fak;Crk;Axn;CSN5;trbl;Tollo;CG6769;Tao;Art2;Mnn1"
"GOBP_NEGATIVE_REGULATION_OF_COLD_INDUCED_THERMOGENESIS",0.108652706440142,0.228652548173747,0.444009893861504,1.32022353109379,549,29,"EcR;emc;Actn;put;N;Aldh;croc;cyc"
"GOBP_REGULATION_OF_STRIATED_MUSCLE_CONTRACTION",0.109013042631886,0.229246870209442,0.382053056372995,1.28046806944688,559,50,"Pka-C1;dnc;Actn;Hsp83;dlg1;Ca-alpha1D;pnr;up;Mlc-c;Ance;Calx;Dad"
"GOBP_ACTIVATION_OF_GTPASE_ACTIVITY",0.109724697959992,0.230578615284498,0.535784980983491,1.35726116539069,553,15,"pbl;RanGAP;Apc;sktl;Graf"
"GOBP_LIPOPROTEIN_LOCALIZATION",0.109922756981581,0.230829943640121,0.535653301942532,1.35692759342631,554,15,"Pkc53E;usp;inaC;Surf4"
"GOBP_NEGATIVE_REGULATION_OF_NUCLEOTIDE_METABOLIC_PROCESS",0.110122578094108,0.230948996789114,0.491218649423088,1.34515182037622,556,20,"Ald1;Pka-C1;Actn"
"GOBP_REGULATION_OF_LIPID_METABOLIC_PROCESS",0.110136452241715,0.230948996789114,0.285604796954697,1.18052158388858,564,188,"awd;Pka-C1;Dab;Sap-r;Hr3;dpp;EcR;emc;Galphai;Gbeta13F;Idh;rl;sl;usp;pros;Hnf4;Wnt5;Gel;fbl;CalpA;wun;Lgr1;Pdk;Xbp1;AMPKalpha;gbb;Sirt1;mtm;Tip60;nes;Ugt37B1"
"GOBP_REGULATION_OF_MRNA_PROCESSING",0.110494968165948,0.231370958252113,-0.321406688789655,-1.2310236626586,537,102,"CycB;fl(2)d;mago;mle;Rm62;sm;su(f);su(w[a]);vls;B52;Bx42;U2af50;Rox8;Pitslre;snRNP-U1-70K;Cbp80;qkr58E-2;Srpk79D;nito;Ythdc1;CG4119;hfp"
"GOBP_SUBSTRATE_DEPENDENT_CELL_MIGRATION",0.110473173628984,0.231370958252113,0.524939321691809,1.35515992887677,557,16,"robo2;yrt;ATPsynbeta;dock;Ptp69D;Graf;kon;ItgaPS4;ItgaPS5"
"GOBP_MISMATCH_REPAIR",0.110639158576052,0.231468584449871,-0.487837282300397,-1.3464359326649,546,20,"Abl;rec;Xpc;Pms2;tos;Axn;Set2;CG11164;CG3165"
"GOBP_MITOTIC_SPINDLE_ORGANIZATION",0.110698945724326,0.231468584449871,0.335174460722202,1.23662270360822,566,84,"fzy;Galphai;DCTN1-p150;Hsp68;Myb;ncd;polo;Klp61F;gammaTub37C;Sas-4;Klp3A;pav;Hsp70Aa;Hsp70Bb;Rho1;Ptpa;lok;Ran;CG5498;msps;Ilk;Nek2;Aladin;sofe;Ndc80"
"GOBP_ACTIVATION_OF_INNATE_IMMUNE_RESPONSE",0.110834371108344,0.231587158949394,-0.299817225918546,-1.20008614534989,533,141,"aurA;cact;Hsc70-2;Pkc98E;rb;ref(2)P;rk;Su(dx);mts;Ac76E;Gdi;pll;Phb2;Dif;wts;Irbp;Shark;abs;nonA-l;stumps;Pi3K21B;Tsf1;Sin3A;IKKbeta;CG2930;AlaRS-m;Tollo;Ppt1;CG1785;CG12121;Tat;Ubqn;cactin;galectin;CG11374;CG3165;CG13392;Wdfy2;loqs;Lrch;Lamp1;CG8046;Myd88;Sting;Tsp47F;CG9003"
"GOBP_ATRIOVENTRICULAR_VALVE_DEVELOPMENT",0.1113091701327,0.232414179226687,0.534216647777681,1.3532882325348,561,15,"dpp;pnr;tkv;N;Dad;Ptx1"
"GOBP_ANAPHASE_PROMOTING_COMPLEX_DEPENDENT_CATABOLIC_PROCESS",0.111765861323905,0.232730671423168,0.503409566961125,1.34356840249882,568,18,"fzy;mr;polo;Cdc27;Cdc16;CG8188"
"GOBP_CELLULAR_RESPONSE_TO_HYDROGEN_PEROXIDE",0.112330915506763,0.232730671423168,0.409645235863037,1.30191511657611,572,39,"Cat;pbl;pnr;Cdk1;PCNA;Ask1;Rho1;p38a;HDAC1;AMPKalpha;Sirt1;p38b;HDAC6;fh;Sk1"
"GOBP_ESTABLISHMENT_OF_TISSUE_POLARITY",0.111765861323905,0.232730671423168,0.503455424331098,1.34369079292872,568,18,"fy;in;dlg1;Wnt5;Wnt4;stan"
"GOBP_EXCITATORY_SYNAPSE_ASSEMBLY",0.112197108531867,0.232730671423168,-0.503471196552991,-1.35203967316663,550,18,"Lar;pk;Wnt2;wts;Fak;Pten"
"GOBP_POSITIVE_REGULATION_OF_BLOOD_PRESSURE",0.112273086029992,0.232730671423168,0.495172360988788,1.33924287093388,568,19,"emc;Tm1;TkR86C;Dop1R1;Fdh;Ance;Rho1;Manf"
"GOBP_POSITIVE_REGULATION_OF_SMOOTH_MUSCLE_CONTRACTION",0.111789859499084,0.232730671423168,-0.503677823626575,-1.35259455694736,548,18,"mAChR-A;bs;TkR99D;Oamb;Cortactin"
"GOBP_REGULATION_OF_HEART_GROWTH",0.112153344208809,0.232730671423168,-0.427813061638181,-1.30702300792248,549,31,"CycB;lz;sgg;Egfr;ush;Su(H);htl;babo;Mef2"
"GOBP_REGULATION_OF_POTASSIUM_ION_TRANSMEMBRANE_TRANSPORT",0.112029927151014,0.232730671423168,0.408216628462927,1.30148891062761,568,40,"Gbeta13F;dlg1;Ca-alpha1D;sei;Shaw;nrv2;Mo25;14-3-3epsilon;goe;SK;Nep6"
"GOBP_RESPONSE_TO_FIBROBLAST_GROWTH_FACTOR",0.112202790332089,0.232730671423168,0.396380464417847,1.29095865168268,570,44,"fy;Sos;r;run;Shaw;Klp98A;CrebA;drk;Wnt5;sty;Rab14"
"GOBP_VASCULAR_ENDOTHELIAL_GROWTH_FACTOR_SIGNALING_PATHWAY",0.111789859499084,0.232730671423168,-0.503738663200312,-1.35275793772854,548,18,"if;svp;mys;Myo61F;Dif;Pi3K92E;dos;PRL-1"
"GOBP_VENTRICULAR_CARDIAC_MUSCLE_CELL_ACTION_POTENTIAL",0.112325440194293,0.232730671423168,-0.511615344754671,-1.35716264964883,554,17,"arm;Gpdh1;alpha-Cat;RyR;Nos;Ank;Amph"
"GOBP_PROTEASOMAL_UBIQUITIN_INDEPENDENT_PROTEIN_CATABOLIC_PROCESS",0.112502524742476,0.232922187045999,-0.520273190256264,-1.35992690315916,556,16,"Prosbeta6;Prosbeta2;Prosalpha7;Prosbeta3;Prosbeta5;Prosbeta4R2;Prosalpha6T"
"GOBP_MICROTUBULE_BASED_TRANSPORT",0.112673343605547,0.232947980946957,0.299876606764276,1.20135301872107,584,143,"Appl;BicD;fy;g;DCTN1-p150;in;Khc;dlg1;Sod1;alphaTub85E;nonA;Klp64D;Klp98A;CG10939;Klp3A;shot;tilB;Rfx;syd;Dlc90F;Spg7;Rab27;Cdlc2;HDAC6;Kap3;robl22E;Gas8;CG11700;Atg5"
"GOBP_NEGATIVE_REGULATION_OF_MUSCLE_CELL_DIFFERENTIATION",0.11262596324837,0.232947980946957,0.418021599147119,1.30646773898045,569,36,"dpp;Dr;emc;pho;Zw;N;heph;HDAC1;Xbp1;HDAC3"
"GOBP_HEMOSTASIS",0.113406079501169,0.234133814661361,0.325197154926322,1.22710983903939,581,97,"Act5C;cta;fkh;Actn;for;Pkc53E;sl;sqh;Ptp10D;RasGAP1;Galphaq;Rop;Hnf4;Ets65A;Ets21C;SerT;Mlp84B;WASp;p38b;Rab27;Adk3;drpr;Ilk"
"GOBP_RESPONSE_TO_NERVE_GROWTH_FACTOR",0.113377795213809,0.234133814661361,0.433170814986904,1.30769367071212,577,31,"Appl;eEF2;Shaw;GluRIA;dpn;E2f1;Rca1;CstF64;Dlic"
"GOBP_NEGATIVE_REGULATION_OF_OSTEOBLAST_DIFFERENTIATION",0.113555992141454,0.234278912258175,0.453131338632135,1.3152227113433,577,26,"Hr3;emc;sog;twi;N;Su(fu);Sema2a;Dad;Smox;msk"
"GOBP_T_CELL_ACTIVATION_INVOLVED_IN_IMMUNE_RESPONSE",0.113879736408567,0.234782189568327,-0.362069632008244,-1.26454117208983,552,59,"grn;Prosbeta6;Pepck1;trx;ush;fs(1)h;hop;Dif;Mvl;Hem;Stat92E;Pi3K21B;Prosalpha7;Fim;Tsc1;Prosbeta3;Prosbeta5;galectin;CG11374;Prosbeta4R2;Mnn1;Prosalpha6T;Cen"
"GOBP_AMINE_METABOLIC_PROCESS",0.114125169540787,0.23495888648635,0.3685376922988,1.27371952531339,588,58,"nAChRalpha1;Ddc;Galphai;5-HT1A;Hdc;ple;Dop1R1;Aldh;Odc1;Odc2;Oda;Lgr1"
"GOBP_MRNA_TRANSCRIPTION",0.114070760471736,0.23495888648635,-0.431963386885728,-1.30984818772635,560,30,"rb;Rm62;Tbp;Taf1;Taf5;Taf6;Taf12;cher;Hr96;Cbp80;Taf10b"
"GOBP_SMAD_PROTEIN_SIGNAL_TRANSDUCTION",0.114291315428347,0.235136398594544,0.408143405164161,1.29714206927023,582,39,"cv-2;Dab;dpp;Jra;put;run;tkv;dod;Dad;Xbp1;melt;gbb;Actbeta;Smox"
"GOBP_GOLGI_TO_VACUOLE_TRANSPORT",0.11452231872349,0.235447003273591,-0.517699175124921,-1.35319876015312,566,16,"cm;or;scat;Past1;AP-1mu"
"GOBP_AMYLOID_FIBRIL_FORMATION",0.114612051988972,0.23546693921198,0.457461033220629,1.316416268173,581,25,"Appl;Fur1;faf;Gel;Pfdn2"
"GOBP_LEUKOCYTE_ADHESION_TO_VASCULAR_ENDOTHELIAL_CELL",0.114724298121592,0.23553306704377,-0.516910868515635,-1.35113822852092,567,16,"pnt;mys;pll;Dif;NFAT;CG9550"
"GOBP_MICROTUBULE_BASED_MOVEMENT",0.114905045079609,0.235739639207956,0.268101853788736,1.15877157296247,598,284,"Appl;BicD;fy;g;DCTN1-p150;Ldh;in;Khc;kl-2;dlg1;ncd;Sod1;sub;alphaTub85E;nonA;porin;Klp61F;Klp64D;Klp98A;Ubc6;TkR86C;ash1;Prosbeta1;CG10939;Klp3A;pav;Arp2;shot;Dhc36C;tilB;Pglym78;Prosalpha5;Rfx;Ac3;syd;Dlc90F;stan;Spg7;Rab27;Gk1;CG3062;Cdlc2;HDAC6;Kap3;robl22E;Tektin-A;Gas8;CG11700;Atg5;CG2256;CG10958;GIIIspla2"
"GOBP_POSITIVE_REGULATION_OF_ALPHA_BETA_T_CELL_DIFFERENTIATION",0.115237134207871,0.236256201281921,-0.472262636535315,-1.33664613690102,570,22,"lz;rb;hh;fs(1)h;Hem;Bgb;Bro;Shark"
"GOBP_CARDIAC_CONDUCTION",0.115408100956646,0.236441944996136,-0.390827121178804,-1.28676239930552,566,44,"arm;Cam;Atpalpha;alpha-Cat;RyR;Ank;cher;mirr;nrv1;caup;Acer;Past1;Nup154;Amph;Sur"
"GOBP_CATECHOLAMINE_TRANSPORT",0.115748031496063,0.236650367265723,0.399857427790613,1.28837089620937,587,42,"nAChRalpha1;nAChRalpha2;Galphai;Sh;nAChRbeta2;Syt1;Rab3;Dop1R1;Syx1A"
"GOBP_REGULATION_OF_ADAPTIVE_IMMUNE_RESPONSE",0.115603532875368,0.236650367265723,0.356216261395043,1.25505412301678,588,66,"H2.0;Jra;rl;ss;Mlh1;Ptp69D;spel1;fz2;Gcn2;Dad;Pkn;AMPKalpha;arg;WASp;Sirt1;Tak1;CG6171;CG18659"
"GOBP_REGULATION_OF_MACROPHAGE_ACTIVATION",0.115764519952588,0.236650367265723,0.448626666077686,1.31219268083511,585,27,"EcR;Jra;LysP;LysS;LysX;Wnt5;Ptp69D;Mhcl;Syt4;Sk1"
"GOBP_TRANSLATION",0.115831586968946,0.236650367265723,0.248753239744264,1.1262866113036,607,473,"RpLP0;Appl;bru1;aub;eEF2;eIF4A;mRpL4;RpLP1;RpL32;Pkc53E;pum;RpLP2;RpL4;RpL40;Dhfr;RpS14a;me31B;wapl;orb;eIF2beta;RpS17;RpL7;GluProRS;RpL23;RpS9;RpL18A;RpS18;NAT1;dock;pelo;RpS4;lark;B-H1;mRpL12;mRpL47;RpL7A;Ddx1;peng;eIF3i;Nlp;Lk6;Gcn2;pcm;eRF3;eIF4B;eIF3h;Cbp20;eIF2Bepsilon;mEFTu1;RpL10;Ts;Irp-1A;eIF2Bbeta;CG4882;PlexB;CG14817;eIF5B;bonsai;CG7857;Trap1;ValRS;TyrRS;ProRS-m;MetRS-m;GlnRS;ArgRS;AlaRS;l(1)G0020;CG3909;OXA1L;eIF3j;Dgp-1;Fmr1;eEF1gamma;CG10802;mRpL30;Shmt;MCTS1;Pink1;RpL17"
"GOBP_POSITIVE_REGULATION_OF_AXONOGENESIS",0.116581892166836,0.238017992196275,-0.413323558870713,-1.29361255449381,572,35,"acj6;bs;zfh1;Gdi;Dsor1;Lis-1;NetB;wit;Smurf"
"GOBP_BLASTOCYST_DEVELOPMENT",0.11711356466877,0.238629562461672,0.34238428289342,1.23813434996374,593,76,"cad;Jra;Fib;sd;Fur1;RpL7;pie;bys;pelo;CalpA;alien;Nlp;Taf8;Bap55;TTLL4A;asf1;Marf;Nek2;Phf7;tho2;TTLL4B;CG9107;CG13775;Hand"
"GOBP_BROWN_FAT_CELL_DIFFERENTIATION",0.117230527143981,0.238629562461672,0.433949027138496,1.29874937102035,595,30,"peb;so;dod;CG17896;gbb;Sirt1;p38b;sut2;sut1"
"GOBP_LAMELLIPODIUM_ORGANIZATION",0.116994354681721,0.238629562461672,0.374515175456871,1.27128733944832,600,53,"Hsp83;peb;sn;Ptp10D;Gel;Rac1;dock;Arp2;Rac2;RtGEF;Abi;WASp;PlexB;Eph;myo"
"GOBP_REACTIVE_OXYGEN_SPECIES_BIOSYNTHETIC_PROCESS",0.117368109069354,0.238629562461672,0.415641091880781,1.29902779819217,593,36,"sl;Sod1;Rho1;CG5989;arg;Rab27;Trap1;CG14777;fab1;CG14778"
"GOBP_REGULATION_OF_EXTRINSIC_APOPTOTIC_SIGNALING_PATHWAY",0.117311608961303,0.238629562461672,-0.343466110341457,-1.24478972901328,575,72,"grn;Hsc70-2;if;sax;sgg;sina;Pp1-87B;mew;alpha-Cat;Tbh;LamC;Dif;babo;Nos;Ret;Nmda1;mbt;Cortactin;htt;REG"
"GOBP_SECRETORY_GRANULE_ORGANIZATION",0.117135342909164,0.238629562461672,-0.397572558505229,-1.29062270796637,578,41,"chic;cm;or;rb;Lis-1;Drip;drongo;AP-1mu;Nhe1;RhoGAP5A;IA-2;CG17564;Prip;CG8841;Eglp2;Eglp3;unc-13-4A;Blos2;viaf"
"GOBP_METALLO_SULFUR_CLUSTER_ASSEMBLY",0.11765893037336,0.239055644446427,-0.470760744853538,-1.33239532906829,582,22,"Hsc70-5;CIAPIN1;ND-ACP;Fdx1;bcn92"
"GOBP_REGULATION_OF_GENERATION_OF_PRECURSOR_METABOLITES_AND_ENERGY",0.117936117936118,0.239453456844761,-0.330699420145054,-1.23512669465139,575,87,"CycB;Gpdh1;Hex-C;Ide;sgg;Pp1-87B;mts;Su(H);Arl2;nvy;Uch;Nos;PhKgamma;chico;Dyrk3;Mtch;raptor;Rubicon;CG1785;CG7766;CG9784;Rim2;CG3165"
"GOBP_RESPONSE_TO_ELECTRICAL_STIMULUS",0.118158466706185,0.239739454516962,0.509494375674328,1.33490993846938,597,17,"Galphai;nau;ninaB;GluRIA;TkR86C;Rab3;myo"
"GOBP_REGULATION_OF_MORPHOGENESIS_OF_A_BRANCHING_STRUCTURE",0.118961352657005,0.241202136124678,-0.455931528970248,-1.31730575198136,590,24,"Abl;arm;rk;hh;htl;Phb2"
"GOBP_MOLTING_CYCLE",0.119200155309649,0.241519873912525,0.369607433068392,1.26359605261818,613,55,"Dll;Dr;fy;in;Sos;pum;smo;N;ci;Wnt5;Chi;Nf1;HDAC1;cyc;Actbeta;Nipped-B"
"GOBP_DEFENSE_RESPONSE_TO_VIRUS",0.119439868204283,0.241672690685696,-0.319184323634944,-1.21986047655581,579,101,"ben;mle;sta;Su(dx);Phb2;Dif;Iswi;Rab2;abs;mspo;Sin3A;Cbp80;Sur;CG3473;Tollo;Vap33;CG12121;Usp7;Set2;CG5445;CG17075;CG3165;Ski6;loqs;CCHa2-R;Myd88;Sting;CG7220;CG8569;CG6701;Usp20-33;P32"
"GOBP_SIGNAL_TRANSDUCTION_BY_P53_CLASS_MEDIATOR",0.119423339177869,0.241672690685696,0.312508487220532,1.21107455045201,612,115,"brm;Dr;Mybbp1A;crp;mei-41;RpL23;Dcp-1;E2f1;Su(Tpl);spel1;csul;Nlp;Pdk;lok;Drice;Spred;Pp2C1;Sirt1;Tip60;CSN3;AlaRS;CG6191;CG2082;Decay;CG11700;CG9123;CG12608;Usp2;CG31917;ND-13A;Wwox;Art8;CG6770;Ing5;Mondo;CG8545;CG17019;Mlf;CG8435;ste24a"
"GOBP_EMBRYONIC_EYE_MORPHOGENESIS",0.119524281466799,0.241677275653142,0.481345111538408,1.33122176804772,602,21,"Hsp23;pros;sv;ple;Wnt5;Aldh;fz2;toy;gbb"
"GOBP_REGULATION_OF_LONG_TERM_SYNAPTIC_POTENTIATION",0.11994365063393,0.242358667695758,-0.461306100528941,-1.32050702759441,595,23,"Abl;ref(2)P;rut;sgg;stau"
"GOBP_CELL_REDOX_HOMEOSTASIS",0.120420967415503,0.243156133243932,-0.508120539084829,-1.34789197438172,594,17,"Rrp1;Mvl;Nos;SelT;MRP;Git"
"GOBP_GLUCOSE_CATABOLIC_PROCESS",0.120749338220322,0.24332441149089,-0.498017461692127,-1.33739401726952,592,18,"arr;Eno;Gapdh1;Hex-C;Pfk;Pglym87"
"GOBP_NEGATIVE_REGULATION_OF_LIPID_TRANSPORT",0.120749338220322,0.24332441149089,-0.498019835361242,-1.337400391606,592,18,"cact;csw;if;hh;mys;chico"
"GOBP_REGULATION_OF_CARDIAC_MUSCLE_CONTRACTION_BY_CALCIUM_ION_SIGNALING",0.120752427184466,0.24332441149089,-0.480962302517678,-1.32746091752841,596,20,"Cam;Atpalpha;RyR;Nos;Ank;Fkbp12;nrv1"
"GOBP_EMBRYONIC_CAMERA_TYPE_EYE_DEVELOPMENT",0.121408894136167,0.243510203356517,0.441127125079579,1.30113022442974,616,28,"Hsp23;pros;sv;ple;Wnt5;Aldh;fz2;toy;Ptx1;gbb"
"GOBP_ESTABLISHMENT_OF_RNA_LOCALIZATION",0.12105047189167,0.243510203356517,-0.312294020073733,-1.21196868684781,589,111,"e(y)2;Hsf;mago;mle;sbr;e(r);La;eIF4E1;Smg5;drongo;Nup154;Cbp80;qkr58E-2;Sec13;Dbp80;Nsun2;mbo;mRpL18;Tnks;Nup93-1;nito;Ythdc1;Nxt1;Spt6;Upf2;BORCS5;Set2;CG9915;Nup35;Elys;Ntf-2"
"GOBP_GLIAL_CELL_ACTIVATION",0.121587114515812,0.243510203356517,0.498593373022117,1.33071428445768,618,18,"Appl;Jra;smo;Ptp69D;Syt4;Sk1"
"GOBP_NEGATIVE_REGULATION_OF_CHEMOTAXIS",0.12158956109134,0.243510203356517,0.486114799411311,1.33117545131463,614,20,"robo2;Ptp10D;N;Wnt5;PlexA;CG7378"
"GOBP_POSITIVE_REGULATION_OF_RESPONSE_TO_EXTERNAL_STIMULUS",0.121276186815299,0.243510203356517,0.275492637754906,1.16380928416094,630,226,"Appl;bsk;EcR;Hsp68;Hsp83;Raf;Pkc53E;PpV;pum;rl;sl;nonA;Ptp10D;Wnt5;Rac1;Dcp-1;Hsp70Aa;Hsp70Bb;Syx1A;not;MAPk-Ak2;Rac2;CkIalpha;Diap2;Rala;p38a;CaMKI;CG5989;Drice;14-3-3epsilon;Pdk1;arg;gbb;p38b;Pli;Smox;Tip60;myo;Tak1;Drp1;Rip11;Decay;ECSIT"
"GOBP_PRESYNAPSE_ASSEMBLY",0.121432908318154,0.243510203356517,-0.50730095971214,-1.34571787517918,599,17,"Lar;dsh;fz;Wnt2;eIF4G1;Pten;Lrp4;Nlg2"
"GOBP_REGULATION_OF_ANDROGEN_RECEPTOR_SIGNALING_PATHWAY",0.121546961325967,0.243510203356517,0.490177027339141,1.32573249453714,615,19,"brm;Dab;HDAC1;Pkn;Sirt1;HDAC6"
"GOBP_REGULATION_OF_INNATE_IMMUNE_RESPONSE",0.121460812474354,0.243510203356517,-0.281027943796246,-1.17437460879982,591,193,"aurA;cact;csw;dx;Hsc70-2;mle;Pkc98E;rb;ref(2)P;rk;Su(dx);mts;Ac76E;Gdi;14-3-3zeta;pll;Phb2;Dif;wts;Irbp;Pi3K59F;Shark;Ubc4;abs;nonA-l;Stat92E;stumps;Pi3K21B;Tsf1;Sin3A;IKKbeta;Crk;CG2930;AlaRS-m;Tollo;Ppt1;CG1785;CG12121;Tat;Ubqn;cactin;galectin;CG11374;CG3165;OtopLb"
"GOBP_RESPONSE_TO_TOXIC_SUBSTANCE",0.120975609756098,0.243510203356517,0.309368822866468,1.20489825735494,619,119,"Cat;cl;Ddc;Pkc53E;r;Shaw;Sod1;ss;RpL40;Dhfr;Cdk1;GluRIA;wapl;Xpac;SerT;Fdh;Aldh;Coprox;gbb;Actbeta;Mgstl;Ass;heix;Pink1;CG1440;ATP7;Rab40"
"GOBP_FEAR_RESPONSE",0.121941272430669,0.24404376755649,-0.422235080473378,-1.28998157002847,597,31,"Atpalpha;tll;Tbh;Mef2;Deaf1;eIF4E1;Clk;eIF4G1;Eaat1;CG11034;CCHa2-R;CG9003;Dh44-R2;Dh44-R1"
"GOBP_INTRACELLULAR_PH_REDUCTION",0.122104835432751,0.24404376755649,-0.391578205996763,-1.27700176468235,600,42,"Vha55;Mvl;Rab7;Rbcn-3A;Rbcn-3B;CREG;Nhe1;Vha100-3;Vha100-2;Vha100-1;Ppt1;Clic"
"GOBP_SYNAPTIC_VESICLE_RECYCLING",0.122080471050049,0.24404376755649,0.353663209808577,1.24605897521719,621,66,"Act5C;g;Syb;Syt1;Rab3;Rac1;AP-1-2beta;Pp2B-14D;CalpA;nSyb;Syx1A;Rac2;stnB;sktl;Dap160;Clc;Rab27;Rok;Syt4;sut2;sut1"
"GOBP_AMINO_ACID_IMPORT_ACROSS_PLASMA_MEMBRANE",0.123170731707317,0.244843441001978,-0.438495256679074,-1.30967099021724,605,28,"mnd;Atpalpha;per;mys;Acer;Orct;Eaat2;Eaat1"
"GOBP_DEVELOPMENTAL_INDUCTION",0.122747970698872,0.244843441001978,0.517619471713561,1.3362633308015,619,16,"dpp;robo2;pnr;so;Wnt5;sty;fz2"
"GOBP_EMBRYONIC_CAMERA_TYPE_EYE_MORPHOGENESIS",0.122973507315144,0.244843441001978,0.48540721164281,1.32923779488405,621,20,"Hsp23;pros;sv;ple;Wnt5;Aldh;fz2;toy;gbb"
"GOBP_MORPHOGENESIS_OF_A_POLARIZED_EPITHELIUM",0.123098201936376,0.244843441001978,0.412241423033987,1.28840261116687,622,36,"Act5C;fy;in;dlg1;Wnt5;Wnt4;CG10939;Rho1;Rab10;stan"
"GOBP_NEGATIVE_REGULATION_OF_EPITHELIAL_CELL_PROLIFERATION",0.122908489981409,0.244843441001978,-0.361887062991891,-1.25868598417537,594,58,"grn;net;sax;svp;ptc;vls;14-3-3zeta;htl;Phb2;blw;babo;Mef2;CASK;Hr96;Rbf;Cdk4"
"GOBP_POSITIVE_REGULATION_OF_OSTEOBLAST_DIFFERENTIATION",0.123052013762396,0.244843441001978,-0.407788544612734,-1.28586443117566,607,36,"arm;arr;fz;sax;Ser;Wnt2;slbo;Mad;Mef2;Tsf1;wit"
"GOBP_REGULATION_OF_MORPHOGENESIS_OF_AN_EPITHELIUM",0.122672064777328,0.244843441001978,-0.432970692710109,-1.30528617024054,605,29,"Abl;arm;grn;rk;hh;Phb2;Pi3K92E;ko;Lim1;AdamTS-B"
"GOBP_REGULATION_OF_T_CELL_MEDIATED_IMMUNITY",0.122983077528532,0.244843441001978,0.439905288872149,1.29752634716079,624,28,"rl;ss;Ptp69D;fz2;Dad;AMPKalpha;arg;WASp;Tak1;CG18659"
"GOBP_ERBB_SIGNALING_PATHWAY",0.123728123728124,0.245785374752289,-0.344497036965352,-1.24011409117233,607,69,"Abl;arm;csw;FER;pk;Egfr;Ets97D;Su(H);Dsor1;Shc;Rab7;dos;Cbl;Fak"
"GOBP_RESPONSE_TO_IONIZING_RADIATION",0.12415764753931,0.246472199096255,-0.345506618032719,-1.23926154867611,607,68,"grn;Hsf;mus101;Blm;okr;spn-A;sr;mys;Top1;CycD;l(2)efl;Irbp;Set;Cbl;Clk;Hus1-like;LysRS;Ercc1"
"GOBP_ENDOMEMBRANE_SYSTEM_ORGANIZATION",0.124265959462019,0.246520871704154,0.254528340094059,1.13089716871607,655,375,"Arl1;tj;g;DCTN1-p150;ifc;Ca-alpha1D;dco;Lam;Pkc53E;polo;rl;Sod1;Cdk1;Syt1;porin;mei-41;LysP;LysS;LysX;Rop;Zw10;inaC;Rab3;trpl;Gel;AP-1-2beta;CG10939;Syx1A;Ptp69D;Mlp84B;Ag5r;CkIalpha;Rme-8;Rab10;Rab18;csul;Vsp37A;Surf4;Drice;Rfx;RN-tre;Osbp;Vps25;Vha36-1;Pex5;fws;Rilpl;Rab27;HDAC3;Mhcl;Drp1;nes;Gmap;Stam;Rab3-GAP;CG5498;CG8230;CG2082;VhaSFD;ball;Syt4;Ilk;VhaPPA1-1"
"GOBP_NEGATIVE_REGULATION_OF_DEVELOPMENTAL_GROWTH",0.124668435013263,0.247152652162411,-0.400333174942294,-1.28069133684279,610,39,"Galphas;sgg;tld;ptc;htl;fra;tsr;Cdk5;drl;NetB;Pten"
"GOBP_NEGATIVE_REGULATION_OF_CHROMOSOME_ORGANIZATION",0.124794069192751,0.24723511889904,-0.358029502154126,-1.25043087371218,605,59,"Mps1;aurA;CycB;mei-9;rod;sw;Iswi;ctp;robl;Bub3;Tnks;Ercc1"
"GOBP_ACROSOME_REACTION",0.12532171847159,0.247613496133927,0.5163451690586,1.33297364792978,632,16,"Syt1;Fur1;Rop;Rab3;Syx1A;Ac3;GluClalpha"
"GOBP_AMYLOID_BETA_CLEARANCE",0.125254168361122,0.247613496133927,-0.425638628567289,-1.29066954094116,615,30,"Chc;Ide;bs;mys;Shark;Rab11;Nep1;Lrp4"
"GOBP_REGULATION_OF_AMINE_METABOLIC_PROCESS",0.125271685437661,0.247613496133927,0.506246871946384,1.32640125768971,633,17,"nAChRalpha1;5-HT1A;Dop1R1;Aldh;Lgr1"
"GOBP_REGULATION_OF_NON_CANONICAL_NF_KAPPAB_SIGNAL_TRANSDUCTION",0.12512315270936,0.247613496133927,0.406947726532736,1.28389137207118,634,38,"Appl;Actn;dlg1;Rho1;Diap2;gbb;Tak1;CG12645;Sk1;Pdcd4;CG5347;ND-B14.5B;CYLD"
"GOBP_MYELOID_CELL_DEVELOPMENT",0.125897187196896,0.248416850927746,0.365432597191024,1.25508422489255,648,56,"Appl;l(3)mbt;Myb;Zw;N;Ets65A;Ets21C;Rac1;heph;HLH3B;Rac2;Abi;CG3156;HDAC6;Rh50"
"GOBP_REGULATION_OF_APPETITE",0.125887924230466,0.248416850927746,0.488150735183595,1.32025218598695,637,19,"nAChRalpha1;nAChRalpha2;nAChRbeta2"
"GOBP_MEGAKARYOCYTE_DEVELOPMENT",0.12603514441527,0.248522382620458,-0.511735085490484,-1.33760940037325,623,16,"csw;hth;ush;bs;cher;Lnk"
"GOBP_POSITIVE_REGULATION_OF_PEPTIDE_SECRETION",0.126330044496034,0.248604007295874,0.35969072945786,1.25120590110303,652,60,"Ald1;Pka-C1;EcR;Gdh;Pkc53E;tup;Rac1;Rac2;Osbp;Dap160;Ac78C;Pfrx;sut2;sut1"
"GOBP_POSITIVE_REGULATION_OF_STEROID_METABOLIC_PROCESS",0.126234689845911,0.248604007295874,0.442505608603318,1.29428913781334,638,27,"Pka-C1;Dab;Galphai;rl;Wnt5;AMPKalpha;gbb"
"GOBP_REGULATION_OF_BONE_MINERALIZATION",0.126259632483699,0.248604007295874,0.410855413444503,1.28407083305236,638,36,"dpp;Actn;put;tkv;usp;Wnt5;Calx;gbb;Smox"
"GOBP_LONG_TERM_SYNAPTIC_DEPRESSION",0.1267075826569,0.249180286214304,0.515832612932652,1.33165045590647,639,16,"Appl;Rop;GluRIA;Dop1R1;Ac78C;Nckx30C;Fmr1"
"GOBP_CELL_FATE_DETERMINATION",0.126936829558999,0.249297832151251,0.458668192558071,1.3045445985112,638,24,"dpp;nau;tup;slp2;pros;N;sv;lbl;dpn;B-H1;toy"
"GOBP_PROTEIN_K11_LINKED_UBIQUITINATION",0.126915520628684,0.249297832151251,0.446997025850168,1.29741774664216,645,26,"hyd;mr;Ubc6;eff;Cdc27;Ubc2;Cdc16"
"GOBP_CELLULAR_RESPONSE_TO_ACID_CHEMICAL",0.127130827685356,0.249478788730449,-0.375695840981257,-1.26022728454227,618,49,"Col4a1;mnd;neur;Egfr;zfh1;Hmgs;Nca;Drip;Roc1a;CalpB;raptor;Ubr1;CG1812;Art2"
"GOBP_MESODERMAL_CELL_DIFFERENTIATION",0.12720427977016,0.249478788730449,0.47230968346723,1.32044567495724,641,22,"eya;dpp;so;tkv;sv;HLH3B;croc;Actbeta;Taf10"
"GOBP_POSITIVE_REGULATION_OF_BLOOD_VESSEL_ENDOTHELIAL_CELL_MIGRATION",0.127439024390244,0.249478788730449,-0.436651152462353,-1.30416313178824,626,28,"Abl;grn;pnt;blw;Nos;dos;Stat92E"
"GOBP_PYRIDINE_CONTAINING_COMPOUND_METABOLIC_PROCESS",0.127332376460939,0.249478788730449,-0.311857269785986,-1.20854362651765,620,110,"cn;Eno;Gapdh1;Got2;Gpdh1;Hex-C;Men;Pfk;Pgi;mts;Pgd;Arl2;nvy;Uch;Pglym87;CG11899;Lip3;CG13369;PCB;Mtch;Men-b;raptor"
"GOBP_REGULATION_OF_CARDIAC_MUSCLE_CONTRACTION",0.127452963787174,0.249478788730449,-0.392576387911779,-1.27440385411735,629,41,"arm;Cam;Atpalpha;alpha-Cat;RyR;Nos;Ank;Fkbp12;nrv1;Acer;Past1;Oamb;Amph"
"GOBP_NEURON_PROJECTION_ARBORIZATION",0.127955493741307,0.250295919273222,0.463009906936676,1.30763832494099,643,23,"dlg1;alphaTub85E;Wnt5;Sema2a;shot;sty;BCL7-like;Rok"
"GOBP_AORTA_MORPHOGENESIS",0.128342245989305,0.25031975769713,0.524252135500643,1.32804593193717,647,15,"eya;so;tkv;pros;N;dpn"
"GOBP_LONG_TERM_MEMORY",0.128252032520325,0.25031975769713,-0.436284590284695,-1.30306830614788,630,28,"rut;sr;bs;Cbp53E;TkR99D;CycD;AcCoAS;Gcn5;sut3;BTBD9"
"GOBP_NEGATIVE_REGULATION_OF_STRIATED_MUSCLE_CELL_DIFFERENTIATION",0.128393104814741,0.25031975769713,0.471709898267358,1.31876884341896,647,22,"dpp;Dr;pho;Zw;N;HDAC1;Xbp1;HDAC3"
"GOBP_POSITIVE_REGULATION_OF_REACTIVE_OXYGEN_SPECIES_METABOLIC_PROCESS",0.128169844702182,0.25031975769713,0.413545410276121,1.28595382168362,651,35,"Appl;Galphai;sl;Sod1;drk;Ance;p38b;Rab27"
"GOBP_REGULATION_OF_CD4_POSITIVE_ALPHA_BETA_T_CELL_ACTIVATION",0.128257328990228,0.25031975769713,-0.441471666396621,-1.29600511644555,629,26,"grn;lz;fs(1)h;hop;Hem;Bgb;Bro;Stat92E"
"GOBP_MEMBRANE_DEPOLARIZATION",0.128681557620083,0.250715988422705,0.396957367613848,1.27147954272877,650,41,"nAChRalpha1;nAChRalpha2;Got1;Ca-alpha1D;sei;nAChRbeta2;SerT;Calx;Dad"
"GOBP_HOMOLOGOUS_CHROMOSOME_PAIRING_AT_MEIOSIS",0.129083349831716,0.251332372736539,0.514999391280363,1.32949944806919,651,16,"mei-W68;Ubc6;wapl;Mlh1;hdm;narya"
"GOBP_MULTI_MULTICELLULAR_ORGANISM_PROCESS",0.129899445926534,0.252062550643709,-0.313969531061034,-1.20755792064284,632,105,"Fbp2;Galphas;gro;Hsf;svp;TkR99D;hh;mys;Ac76E;Calr;Itgbn;babo;Hr96;Acer;RpL29;Stat92E;ko;CG2924;wit;CalpB;Timp;beta4GalNAcTA;Sur;Smurf;CHOp24;CG2145;Clic;galectin;CG11374"
"GOBP_PLATELET_ACTIVATION",0.129587861390199,0.252062550643709,-0.34814088354717,-1.23781533052477,631,65,"Act42A;csw;Galphas;grn;mnd;betaTub85D;bs;Vinc;mys;hop;Itpr;Nos;cher;Pi3K92E;Shark;Dgkepsilon"
"GOBP_REGULATION_OF_MEIOTIC_CELL_CYCLE",0.129825274278748,0.252062550643709,-0.38807104533506,-1.26556432948951,638,42,"Mps1;asp;ovo;Prosalpha4;shtd;Plc21C;Calr;bol;fng;Wee1"
"GOBP_REGULATION_OF_MEIOTIC_NUCLEAR_DIVISION",0.129636937647987,0.252062550643709,0.486202291351669,1.31498242596619,656,19,"Dr;fzy;Ubc6;Wnt5;Nlp;Rca1;Rad1"
"GOBP_STRESS_ACTIVATED_PROTEIN_KINASE_SIGNALING_CASCADE",0.129972430090587,0.252062550643709,0.450205974236574,1.29553869176846,659,25,"bsk;rl;Sema2a;Ask1;p38a;p38b;Tak1;GlnRS"
"GOBP_TRIGLYCERIDE_METABOLIC_PROCESS",0.129872673849167,0.252062550643709,0.347917446862499,1.23326110523915,662,68,"Cat;Pka-C1;EcR;Gbeta13F;r;mdy;fbl;Sirt1;Gk1;Tip60;Agpat2;mino;Hrd3;Agpat1;dob;Lsd-2"
"GOBP_MITOTIC_SPINDLE_ASSEMBLY",0.130206305955625,0.252349770830993,0.372272672414797,1.25249922651618,668,51,"fzy;Hsp68;Myb;ncd;polo;Klp61F;Klp3A;pav;Hsp70Aa;Hsp70Bb;Rho1;lok;CG5498;Nek2;Aladin;sofe"
"GOBP_POSITIVE_REGULATION_OF_CALCIUM_ION_TRANSMEMBRANE_TRANSPORT",0.130820836621942,0.253207171935363,0.485375412859827,1.31274605089243,662,19,"sl;Zw;trpl;CanB;Dop1R1;Pp2B-14D;CalpA;CanB2;Pdk1"
"GOBP_POSITIVE_REGULATION_OF_TRANSCRIPTION_BY_RNA_POLYMERASE_I",0.130787977254265,0.253207171935363,-0.446095103180686,-1.29889922269676,643,25,"disco;Egfr;Myo61F;Iswi;Snr1;Arp6;Dek;CG11403"
"GOBP_CARBOXYLIC_ACID_TRANSMEMBRANE_TRANSPORT",0.131144197430145,0.253333045856524,-0.333811700544229,-1.22539192503356,642,78,"mnd;Atpalpha;per;Mdr49;mys;Mvl;tty;Acer;colt;Orct;Mct1;chico;Eaat2;Eaat1;Dic1;sbm;Tspo;Tsp;CG7309;MRP;Irk3;CG13743;Sln;CG8468"
"GOBP_POSITIVE_REGULATION_OF_EXTRINSIC_APOPTOTIC_SIGNALING_PATHWAY",0.131079478054567,0.253333045856524,0.480616821423095,1.31611980326885,662,20,"Appl;tkv;Ptp69D;Nf1;Actbeta;Atf3;CG3662;Wwox;CYLD"
"GOBP_PURINE_CONTAINING_COMPOUND_CATABOLIC_PROCESS",0.131096371439719,0.253333045856524,0.325566164792367,1.20996476259883,671,88,"Ald1;Appl;awd;Pka-C1;dnc;Actn;Ldh;Pgm1;ry"
"GOBP_MAINTENANCE_OF_SYNAPSE_STRUCTURE",0.131261136408632,0.253392561229787,0.514020004836591,1.32697110772843,662,16,"DCTN1-p150;dlg1;Rab3;PlexB;PlexA;Graf"
"GOBP_REGULATION_OF_MITOTIC_NUCLEAR_DIVISION",0.131584138883409,0.253849532193435,0.338185358521784,1.22027289247847,666,75,"dpp;fzy;twe;polo;spn-B;stg;sub;Zw10;BRWD3;dod;csul;Rca1;gbb;Dlc90F;Cdc16;Cdlc2;Mad1;CG3793;robl22E;Nek2;Dlic;Sk1;Ndc80;Pvf1"
"GOBP_VASCULAR_TRANSPORT",0.131917500510517,0.254325875820406,-0.342888818397956,-1.22987203698464,645,68,"mnd;Atpalpha;w;Mdr49;nrv1;CG2187;Orct;Mct1;CNT2;Eaat2;Eaat1;CG2930;sut3;Sur"
"GOBP_GLYCOPROTEIN_BIOSYNTHETIC_PROCESS",0.132212536322125,0.254727754983427,-0.294978708957388,-1.18071888867764,636,141,"arm;grn;Pgant35A;pip;rt;boca;Plc21C;hop;Stt3B;alpha-Man-IIa;Uggt;Vang;sfl;wit;NTPase;botv;beta4GalNAcTA;O-fut2;Sec71;sotv;xit;FucT6;Hs3st-B;Stt3A;Tango14;CG18558;CG3165;CG9662;CG3792;CG9109;CG9550;CG7840;C1GalTA"
"GOBP_POSITIVE_REGULATION_OF_EPITHELIAL_CELL_DIFFERENTIATION",0.132532573289902,0.255177245169432,-0.439530830357003,-1.29030750631791,650,26,"arm;net;Pkc98E;sax;ptc;zfh1;14-3-3zeta;Hr96;promL;Lim1;raptor"
"GOBP_REGULATION_OF_INFLAMMATORY_RESPONSE",0.132729724523213,0.255389698853691,0.295437223510899,1.17981935744995,688,140,"Appl;bru1;EcR;rl;sl;Sod1;ss;Syb;tup;Fur1;ash1;Wnt5;Dcp-1;Ance;nSyb;Ptp69D;Diap2;p38a;CG5989;Pka-R2;p38b;SkpA;Smox;Mgstl;CG17636;nes;Syt4;Fmr1;GIIIspla2;Sk1;PGRP-SA;Pdcd4;CG5347"
"GOBP_RESPONSE_TO_INTERLEUKIN_4",0.132858837485172,0.255471045674102,0.479047057311298,1.31182116547278,671,20,"Hsc70-3;Hsp83;alphaTub84B;alphaTub84D;alphaTub85E;Ptp69D;vri;Xbp1"
"GOBP_NUCLEOSIDE_TRIPHOSPHATE_METABOLIC_PROCESS",0.133047210300429,0.255666161139035,0.285346012283772,1.16981766141131,681,176,"Ald1;Appl;awd;Pka-C1;Actn;Galphai;Hsp68;Ldh;Pgm1;r;ATPsynbeta;ATPsynG;ND-SGDH;Hsp70Aa;Hsp70Bb;Pglym78;ATPsynD;CG5989;ND-75;ND-23;ND-42;ATPsyngamma;Ran;l(2)k01209;AMPKalpha;Ts;Drp1;Adk3;Pfrx;Dgp-1;fal;aralar1;Marf;ND-ASHI;Pink1"
"GOBP_POSITIVE_REGULATION_OF_METAPHASE_ANAPHASE_TRANSITION_OF_CELL_CYCLE",0.133438922985547,0.256251508762063,0.513232280697502,1.32493755424102,673,16,"fzy;polo;Cdc16;Mad1"
"GOBP_DNA_TEMPLATED_DNA_REPLICATION_MAINTENANCE_OF_FIDELITY",0.133672431332655,0.256532480744078,-0.405482824237238,-1.26907276589325,656,35,"Blm;rec;spn-A;spn-D;ctp;tos;mre11;CG14803;Roc1a;CG11403"
"GOBP_VESICLE_ORGANIZATION",0.133845196098776,0.256696588606648,-0.269111414756922,-1.14770553017875,644,233,"chic;ck;cm;dor;hook;or;rb;ref(2)P;shi;zfh1;Vha55;Sdc;dia;poe;Snap25;Syx5;Rab2;Rab5;Pi3K59F;Lis-1;Rab11;Rab7;Drip;Khc-73;drongo;Vps28;Sec13;AP-1mu;rush;CG3558;Sara;Nhe1;fan;Sec71;sut3;Vha100-2;Vha100-1;Vap33;CHOp24;RhoGAP5A;Rubicon;Rph"
"GOBP_BIOLOGICAL_PROCESS_INVOLVED_IN_INTRASPECIES_INTERACTION_BETWEEN_ORGANISMS",0.134225466342255,0.256854906510209,-0.415327452219739,-1.27504031399676,661,32,"dsh;tll;Gad1;Lac;Lcch3;Nrx-IV;Tsf1;Pten;raptor;CG10874;Nlg2;CCHa2-R;Vps13;BBS4;CG13192;Tsf3"
"GOBP_BRANCHING_INVOLVED_IN_BLOOD_VESSEL_MORPHOGENESIS",0.13418336369156,0.256854906510209,-0.498791107893707,-1.32314378087097,662,17,"Abl;arm;sax;bs;hh"
"GOBP_HEART_VALVE_DEVELOPMENT",0.134225466342255,0.256854906510209,-0.415325753011308,-1.2750350974881,661,32,"grn;sax;sgg;ush;Ser;Su(H);Mef2;Nos;Rbf;wit;Axn;Hey"
"GOBP_MITOCHONDRION_ORGANIZATION",0.134276970160673,0.256854906510209,0.2661047496249,1.14389424496943,701,267,"awd;Pka-C1;eya;Hsp23;Hsp68;l(2)37Bb;CG5504;l(3)87Df;pho;Rab32;pum;spir;porin;Rab3;Dcp-1;Chchd3;fbl;Hsp70Aa;Hsp70Bb;Rala;Tom40;CG5989;ND-75;ND-23;Mitofilin;Drice;scu;RFeSP;CG10340;Pex5;Spg7;Ant2;mtm;Smox;JTBR;Drp1;Pisd;CG14777;Tim9b;Tim8;OXA1L;Decay;ECSIT;Surf1;CG14778;Coa8;CG14270;Marf;Pink1;fh;CG2076;ATP7;sicily;Tim9a;ND-20;Nipsnap;CG9921;CG7772;ND-18"
"GOBP_CELL_JUNCTION_MAINTENANCE",0.134381139489195,0.256887142545296,0.443029484805427,1.28590187994889,683,26,"DCTN1-p150;dlg1;rst;Rab3;PlexB;PlexA"
"GOBP_ALTERNATIVE_MRNA_SPLICING_VIA_SPLICEOSOME",0.134928821951723,0.25693242341875,-0.360121986724527,-1.24366948367939,653,56,"fl(2)d;mago;mle;Rm62;sm;su(w[a]);B52;Rox8;nonA-l;Cbp80;qkr58E-2;nito;Ythdc1;CG4119;hfp"
"GOBP_METANEPHROS_DEVELOPMENT",0.134817563388992,0.25693242341875,-0.361342838847139,-1.24461887915106,653,55,"arm;salr;if;rk;sr;ptc;Wnt2;Cbp53E;hh;Ret;mirr;Drip;caup;Orct"
"GOBP_PROTEIN_TARGETING",0.134861627426683,0.25693242341875,-0.274164503525214,-1.15615054981947,652,210,"cm;Hsc70-1;Hsc70-2;rb;ref(2)P;sgg;sina;Egfr;mys;Gdi;14-3-3zeta;Myo61F;SrpRalpha;kermit;Sec61beta;Srp54k;scat;Ank;Nca;RpL11;Cdk5;Pi3K59F;Rab7;Khc-73;Tapdelta;ubl;AP-1mu;ari-2;CG5885;homer;Ubc10;Sara;Eaat1;Tim10;Cdk5alpha;Smurf;Gga;Spase25;HUWE1;CG9784;Tao;Sec61gamma;CG17075;Tspo;Pex12;Hrs;Mon1;CG4230;Vps52;LUBEL;Pex19;Sgt;Lamp1;CG3107;Vps13;CG8728;KCNQ;Pex6;CG8860;Syngr;Snx16;EndoB;Arl6;Hacl;CG11110"
"GOBP_REACTIVE_NITROGEN_SPECIES_METABOLIC_PROCESS",0.134679474612821,0.25693242341875,0.397565600072641,1.26352418935071,686,39,"Appl;Hsp83;put;r;Rac1;Rac2;Psi;arg;Smox;Rok;Ass"
"GOBP_RECEPTOR_RECYCLING",0.134539732494099,0.25693242341875,0.426477334999024,1.2763876306782,683,30,"Ace;Syb;Klp98A;GluRIA;faf;Pex1;Pex5;cathD;RhoGAP15B"
"GOBP_REGULATION_OF_HOMOTYPIC_CELL_CELL_ADHESION",0.134867756915001,0.25693242341875,-0.516830514274771,-1.32963227654557,667,15,"arm;elB;hop;Dsor1;Ank;Shark;Lnk;AdamTS-B"
"GOBP_NEGATIVE_REGULATION_OF_CATALYTIC_ACTIVITY",0.135209066041422,0.257299529297455,0.324691524598824,1.20435289047864,691,87,"Acph-1;Galphai;eIF4A;crp;Ptp10D;N;Ptp69D;Nlp;Rca1;loco;Vps25;Nnp-1;CG32809;Taf7;PlexB;Adar;XRCC1;Cand1;OXA1L;Spn42Dd"
"GOBP_BONE_MATURATION",0.135753749013418,0.257669373933854,0.482746286490879,1.30563531728976,687,19,"dpp;Actn;Sema2a;Rho1;oxt;PlexB"
"GOBP_MEMBRANE_PROTEIN_ECTODOMAIN_PROTEOLYSIS",0.135724192589657,0.257669373933854,0.46693989584546,1.30543325177643,684,22,"Appl;Fur1;Rok;Spp;Tsp26A;Dg;lbk"
"GOBP_NEGATIVE_REGULATION_OF_ENDOCYTOSIS",0.13572267920094,0.257669373933854,0.41211086225964,1.27322623615915,692,34,"EcR;dlg1;Rac1;Syx1A;Rac2;mtm;Syt4;Eato;Atg5;CG1801"
"GOBP_POSITIVE_REGULATION_OF_CELL_DIVISION",0.13572267920094,0.257669373933854,0.412117273349595,1.27324604337289,692,34,"Cat;sti;pbl;stg;sub;HLH3B;pav;nuf;Rho1;Pkn"
"GOBP_PERIPHERAL_NERVOUS_SYSTEM_AXON_ENSHEATHMENT",0.136711844431349,0.259169504515618,0.492020677035348,1.31317217316972,695,18,"baz;Sod1;CanB;Nf1;CG2082;Ilk"
"GOBP_REGULATION_OF_SPINDLE_ORGANIZATION",0.136720282463711,0.259169504515618,0.419984312692276,1.2678851125339,696,31,"Galphai;DCTN1-p150;Hsp68;polo;Sas-4;Hsp70Aa;Hsp70Bb"
"GOBP_NEUROMUSCULAR_JUNCTION_DEVELOPMENT",0.137187054752697,0.259434717478819,-0.381449868897225,-1.25588865746195,673,44,"nAChRbeta1;Col4a1;cin;dsh;Egfr;boca;Ets97D;Dsor1;Ank;Cdk5;Nrx-IV;Slip1;Crk"
"GOBP_POSITIVE_REGULATION_OF_CHROMOSOME_ORGANIZATION",0.137077769049489,0.259434717478819,0.339135004061185,1.21665043817129,697,72,"Hrb98DE;Hsp83;pho;rl;CCT1;Cdk1;nonA;mei-41;CCT5;HLH3B;barr;Mekk1;Bap55;Tip60;Mad1;CG11970;SMC2;Nek2;CCT2;DNAlig4"
"GOBP_POSITIVE_REGULATION_OF_INSULIN_SECRETION",0.137212923316466,0.259434717478819,0.369827876013501,1.2442737890116,704,51,"Ald1;Pka-C1;EcR;Gdh;Pkc53E;tup;Rac1;Rac2;Osbp;Ac78C;Pfrx;sut2;sut1"
"GOBP_POSITIVE_REGULATION_OF_TRANSMEMBRANE_RECEPTOR_PROTEIN_SERINE_THREONINE_KINASE_SIGNALING_PATHWAY",0.136988955628754,0.259434717478819,0.359466330437341,1.24236758773531,706,58,"cv-2;Dab;dpp;Dr;Got1;Hsp83;pnr;put;tkv;N;dpn;pelo;gbb;Actbeta;Smox;Ilk"
"GOBP_PROTEIN_FOLDING",0.1373795761079,0.259582988381144,0.294200813441657,1.17738021828701,712,142,"Hsc70-3;Hsp23;Hsp67Ba;Hsp68;Hsp83;CG5504;ninaA;shu;CCT1;alphaTub85E;wbl;CCT5;Pfdn2;Cdc37;Hsp70Aa;Hsp70Bb;Psi;Roe1;CaBP1;CG6171;Trap1;CG2790;ric8a;Fkbp59;Nf-YC;CCT2;GCS1;prtp;CG7872;CG12379;CG7556;Alr;CG5001;AIF;CG17593;Hsp60C;Pfdn1;FucTB;CCT4;CG9302;Tpr2"
"GOBP_CELL_DIFFERENTIATION_INVOLVED_IN_KIDNEY_DEVELOPMENT",0.138148524923703,0.260571855562141,-0.404187337699763,-1.2650181756985,678,35,"arm;salr;grn;ptc;Ser;Ptp4E;hh;Mef2;promL;Lim1;cindr"
"GOBP_NEGATIVE_REGULATION_OF_CELL_SUBSTRATE_ADHESION",0.138217982545159,0.260571855562141,-0.395665004465857,-1.26120700462103,680,38,"fz;sax;Ser;Ptp4E;msn;CASK;Pi3K21B;chb;Pten;fz4;Kank"
"GOBP_NEGATIVE_REGULATION_OF_MICROTUBULE_POLYMERIZATION_OR_DEPOLYMERIZATION",0.138257194606561,0.260571855562141,-0.451368778725278,-1.29206104939868,686,23,"betaTub97EF;dia;chb;Eb1;pigs;CG9784;Tao;cyst;CG2812;CG2765;CG16719"
"GOBP_POSITIVE_REGULATION_OF_ORGANIC_ACID_TRANSPORT",0.13824419778002,0.260571855562141,-0.45826853506967,-1.29703859606171,684,22,"cn;mnd;Mdr49;mys;Acer"
"GOBP_POSITIVE_REGULATION_OF_PROTEASOMAL_UBIQUITIN_DEPENDENT_PROTEIN_CATABOLIC_PROCESS",0.13912032551831,0.262030728344987,0.358969766772224,1.24065139194574,717,58,"abo;bsk;Dab;fzy;Hsp68;dco;polo;Hsp70Aa;Hsp70Bb;CkIalpha;Dad;Sirt1;Rad23"
"GOBP_ACIDIC_AMINO_ACID_TRANSPORT",0.139983746444535,0.26231468101881,-0.383717756089133,-1.25136752802281,688,42,"cn;mnd;Atpalpha;per;mys;kermit;scat;tty;mGluR;Eaat2;Eaat1;Sur;sbm;CG12531"
"GOBP_CELL_CYCLE_DNA_REPLICATION",0.139473684210526,0.26231468101881,-0.424268286040206,-1.27905083545856,688,29,"dup;Blm;spn-A;dac;Mcm2;dpa;Mcm6;Fen1;RecQ5;Zpr1"
"GOBP_L_ALPHA_AMINO_ACID_TRANSMEMBRANE_TRANSPORT",0.139767394409304,0.26231468101881,-0.393298453942501,-1.25818681609494,684,39,"mnd;Atpalpha;per;mys;Mvl;tty;Acer;Orct;Eaat2;Eaat1"
"GOBP_L_GLUTAMATE_IMPORT",0.139634146341463,0.26231468101881,-0.431134711426666,-1.28768696087501,686,28,"cn;mnd;Atpalpha;per;mys;scat;tty;Eaat2;Eaat1;Sur"
"GOBP_NEUROTRANSMITTER_SECRETION",0.139984381101132,0.26231468101881,0.326405231151465,1.20426872187298,716,84,"nAChRalpha1;nAChRalpha2;Raf;Pkc53E;Syb;nAChRbeta2;Syt1;Rop;inaC;Rab3;AP-1-2beta;Pp2B-14D;nSyb;Syx1A;Nf1;sktl"
"GOBP_POSITIVE_REGULATION_OF_TYPE_I_INTERFERON_PRODUCTION",0.139497161394972,0.26231468101881,-0.413027844053907,-1.26798059978292,687,32,"csw;Gapdh1;mle;sgg;pll;Rab2;Shark;IKKbeta;Tollo;Set2"
"GOBP_RESPONSE_TO_ARSENIC_CONTAINING_SUBSTANCE",0.13994053518335,0.26231468101881,0.469980700056965,1.29979202755072,705,21,"mei-41;GluRIA;lark;p38a;Coprox;p38b;CG12795;Daxx;Rhau"
"GOBP_SMOOTH_MUSCLE_CELL_DIFFERENTIATION",0.139979654120041,0.26231468101881,-0.402926093732072,-1.26107075727565,687,35,"arm;if;sax;Su(var)2-10;bs;zfh1;hh;htl;Mef2"
"GOBP_REGULATION_OF_WOUND_HEALING",0.14009756097561,0.262359659064446,0.376413588396981,1.24635543464907,717,47,"Act5C;fkh;for;peb;Ras85D;Wnt5;Gel;croc;Xbp1;Smox;Pvf1;CG11601;CG3625;Fign"
"GOBP_NEGATIVE_REGULATION_OF_CANONICAL_WNT_SIGNALING_PATHWAY",0.14066024195202,0.263245821770256,-0.34334689373539,-1.22077029397825,685,65,"arm;BicC;fz;gro;pk;sgg;sina;sr;mts;Ptp4E;hh;wts;Roc1a;Axn;lili;SoxN"
"GOBP_L_GLUTAMATE_TRANSMEMBRANE_TRANSPORT",0.140776699029126,0.263296280065918,-0.471317300487757,-1.30084061240848,695,20,"mnd;Atpalpha;per;mys;tty;Eaat2;Eaat1;sbm"
"GOBP_GLYCOLYTIC_PROCESS_THROUGH_FRUCTOSE_6_PHOSPHATE",0.141111789859499,0.263755327678937,-0.485356675020259,-1.3033942850285,692,18,"Eno;Gapdh1;Hex-C;Pfk;mts;Pglym87"
"GOBP_NEGATIVE_REGULATION_OF_REACTIVE_OXYGEN_SPECIES_BIOSYNTHETIC_PROCESS",0.141414141414141,0.264152637485971,0.516604275275161,1.30867222037226,713,15,"Rho1;Trap1;CG14777;CG14778;ND-B14.5B"
"GOBP_ANOIKIS",0.14187411455171,0.264388506718676,-0.493534023552185,-1.30919830681997,700,17,"gro;if;mys;gig;Fak;Pi3K21B;Sik2;CG1307"
"GOBP_POSITIVE_REGULATION_OF_ALPHA_BETA_T_CELL_ACTIVATION",0.14170692431562,0.264388506718676,-0.443095822514636,-1.28022002995877,703,24,"lz;rb;hh;fs(1)h;Hem;Bgb;Bro;Shark"
"GOBP_POSITIVE_REGULATION_OF_PHAGOCYTOSIS",0.141899881750099,0.264388506718676,0.402105605235917,1.26270390359163,719,37,"Pka-C1;sl;Sod1;Ptp10D;LysP;LysS;LysX;Ptp69D;mbc;CaMKI;Rab27;Mhcl"
"GOBP_REGULATION_OF_PHAGOCYTOSIS",0.141886326194399,0.264388506718676,-0.351794856688636,-1.22865615087567,688,59,"grn;if;Mp20;LysB;LysD;LysE;Rap1;Calr;emp;Mvl;Hem;Shark;ktub;crq;Rack1;RhoGAP1A"
"GOBP_POSITIVE_REGULATION_OF_PATTERN_RECOGNITION_RECEPTOR_SIGNALING_PATHWAY",0.142576975877623,0.26531401836304,0.380909205308031,1.24779476767292,726,45,"bsk;EcR;Hsp68;pum;sl;Hsp70Aa;Hsp70Bb;Pli;Tak1;CG14435;CG15890"
"GOBP_PROTEIN_TRANSMEMBRANE_TRANSPORT",0.142523364485981,0.26531401836304,0.349403698003813,1.22762014004833,731,64,"Hsc70-3;Hsp83;faf;SsRbeta;Trp1;Pex1;Roe1;Tom40;Pex5;Gmap;l(1)G0320;CG12379;Alr;AIF;CG12795;Hsp60C;Tom70;ttm3;tomboy40;Tom7;Pex13"
"GOBP_NEUROTRANSMITTER_UPTAKE",0.142741281427413,0.265386440473817,-0.411584097350397,-1.26354834942159,703,32,"Atpalpha;per;mys;Snap25;Nos;Orct;Flo1;Torsin;Eaat2;Eaat1"
"GOBP_OXIDATIVE_PHOSPHORYLATION",0.14280132838445,0.265386440473817,0.311459603788926,1.19295184612103,730,106,"Actn;Cdk1;ATPsynbeta;ATPsynG;ND-SGDH;Rho1;cype;spel1;ATPsynD;ND-75;ND-23;COX5A;ND-42;ATPsyngamma;RFeSP;Adk3;Shmt;ND-ASHI;Pink1;fh;CG2076;ATP7;ND-20;UQCR-14;ND-24;ND-18;COX6B;ND-B17.2;ND-B14.5B;ND-13A;COX5B;CG6770;ND-B22;Mondo;CG14757;ND-B14"
"GOBP_RESPONSE_TO_TUMOR_NECROSIS_FACTOR",0.142886513157895,0.265386440473817,-0.316523251059085,-1.20153979049503,694,96,"cact;Gpdh1;grn;Hsc70-2;Pu;Su(var)2-10;mts;hop;slbo;hep;Dif;tsr;Rel;Hr78;Shark;Ubc4;snRNP-U1-70K;Gcn5;Fak;IKKbeta;Cdk5alpha;sut3;AdamTS-B;Usp7;CG9784;cactin;CG15445"
"GOBP_ADAPTIVE_IMMUNE_RESPONSE_BASED_ON_SOMATIC_RECOMBINATION_OF_IMMUNE_RECEPTORS_BUILT_FROM_IMMUNOGLOBULIN_SUPERFAMILY_DOMAINS",0.143325815050236,0.265581019555311,-0.308288612607189,-1.19170156450069,698,108,"csw;grn;Prosbeta6;Ser;fs(1)h;hop;14-3-3zeta;CanA1;Dif;Mef2;Pms2;Mvl;Hem;Rel;tos;Stat92E;Prosalpha7;Hmt4-20;Prosbeta3;Ercc1;Vha100-3;Vha100-2;Vha100-1;Spt6;Prosbeta5;CG1812;galectin;CG11374;Prosbeta4R2;CG3165"
"GOBP_DICARBOXYLIC_ACID_METABOLIC_PROCESS",0.14332784184514,0.265581019555311,-0.351346655684249,-1.22709079279724,695,59,"cn;Got2;Gs2;Men;mnd;Pepck1;Gad1;Scsalpha1;SdhB;T3dh;ATPCL;Oat;Lip3"
"GOBP_NUCLEOSIDE_DIPHOSPHATE_CATABOLIC_PROCESS",0.143210385328663,0.265581019555311,-0.345823846102776,-1.2213828584376,694,63,"Eno;Gapdh1;Gpdh1;Hex-C;Pfk;Pgi;mts;Arl2;nvy;Uch;Pglym87;Lip3;NTPase;Mtch"
"GOBP_POSITIVE_REGULATION_OF_NEURAL_PRECURSOR_CELL_PROLIFERATION",0.143352365415987,0.265581019555311,-0.413196585445198,-1.26236782463792,702,31,"arm;asp;tll;hh;cher;Nap1;drl;otp"
"GOBP_TRANSLATIONAL_INITIATION",0.143863769817968,0.266360736818416,0.32049537707142,1.19519944584795,734,91,"eIF4A;eIF2beta;RpS17;GluProRS;NAT1;dock;pelo;lark;Ddx1;eIF3i;Nlp;Gcn2;eIF4B;eIF3h;Cbp20;eIF2Bepsilon;eIF2Bbeta;eIF5B;eIF3j;Fmr1;MCTS1"
"GOBP_CENTRAL_NERVOUS_SYSTEM_NEURON_DEVELOPMENT",0.1441896618733,0.266377719903586,0.355056920940784,1.23076353204279,741,59,"nAChRalpha1;robo2;Pkc53E;slp2;ci;Wnt5;Rac1;Dop1R1;Rac2;unpg;PlexB;PlexA;Eph;Adar;CG33090;CG11700;ATP7"
"GOBP_MACROAUTOPHAGY",0.14397406559878,0.266377719903586,0.265579838014342,1.13745751775174,754,255,"bsk;car;Pka-C1;Galphai;kel;lt;rl;porin;Ubc6;Dcp-1;Cdc37;Trp1;CalpA;Pi3K68D;Rala;Vsp37A;fz2;lok;Abi;KrT95D;Vps25;Vha36-1;AMPKalpha;Pex5;Sirt1;Npc1a;SkpA;mtm;Tip60;Tak1;HDAC6;Drp1;Stam;Rab3-GAP;CG5498;VhaSFD;VhaPPA1-1;VhaM9.7-b;fab1;cathD;Marf;Pink1;CG14435;Atg5;Rab39;Uba5;Fbxl4;Graf;Nipsnap;CG3632;Mvb12"
"GOBP_NUCLEOSIDE_PHOSPHATE_BIOSYNTHETIC_PROCESS",0.144325657894737,0.266377719903586,-0.277574179905814,-1.15504356733202,701,187,"Pfas;Gart;cn;Eno;Hex-C;Men;ras;r-l;rut;Ac76E;Prat;Dsor1;blw;ND-ACP;RnrL;RnrS;AcCoAS;Gycbeta100B;SdhB;sun;ATPsynCF6;ATPsynO;ATPsynB;ATPCL;Paics;ND-PDSW;Ac13E;Lip3;ND-B14.5A;Taz;LysRS;GlyRS;NP15.6;ATPsyndelta;nmdyn-D7;CG3626;Sirt4;ND-B16.6;ND-MNLL;Ppt1"
"GOBP_VENTRAL_SPINAL_CORD_DEVELOPMENT",0.144177812745869,0.266377719903586,0.422299693725448,1.26388452861531,732,30,"DCTN1-p150;Lim3;tup;ci;lbl;jumu;unpg;toy"
"GOBP_VESICLE_CYTOSKELETAL_TRAFFICKING",0.144277597402597,0.266377719903586,-0.39643947575897,-1.25614327312884,710,37,"cm;or;rb;sw;Klp68D;Myo61F;Dsor1;Lis-1;Khc-73;htt"
"GOBP_CELLULAR_COMPONENT_MAINTENANCE",0.144494959478158,0.266522991087611,0.389918503566725,1.24893361621337,730,41,"Appl;DCTN1-p150;dlg1;rst;Rab3;PlexB;PlexA;mtm"
"GOBP_HOMEOSTASIS_OF_NUMBER_OF_CELLS_WITHIN_A_TISSUE",0.144765272048713,0.266854279678769,0.486726057435992,1.29904116719801,736,18,"Galphai;Ras85D;smo;alphaTub85E;N;Rac1;Rac2;Diap2"
"GOBP_DOPAMINERGIC_NEURON_DIFFERENTIATION",0.145128824476651,0.266940347148745,-0.441596790083687,-1.27588893215522,720,24,"arm;arr;fz;sgg;hh;Hr38;drl;PHDP"
"GOBP_MESONEPHRIC_TUBULE_MORPHOGENESIS",0.145187601957586,0.266940347148745,-0.412516400826092,-1.26028977460504,711,31,"arm;salr;exd;grn;LanA;rk;ptc;hh"
"GOBP_PROTEIN_COMPLEX_OLIGOMERIZATION",0.145032207690806,0.266940347148745,0.302540088956044,1.18021439867232,742,120,"Ald1;Appl;awd;pbl;Sh;Shaw;Syt1;GluRIA;Sam-S;Shal;Aldh;rin;scu;Pex5;Ac78C;GluClalpha;HDAC6;Drp1;OXA1L;fal;SK;Shmt;CG11700"
"GOBP_T_HELPER_1_TYPE_IMMUNE_RESPONSE",0.144951140065147,0.266940347148745,-0.434293943105102,-1.27493385226643,711,26,"Prosbeta6;hop;Dif;Mvl;Stat92E;Prosalpha7;Prosbeta3;Prosbeta5;galectin;CG11374;Prosbeta4R2;Prosalpha6T"
"GOBP_VISUAL_BEHAVIOR",0.145265634189375,0.266940347148745,0.393659626823005,1.25111040988144,740,39,"nAChRalpha1;Appl;Galphai;Raf;Ras85D;alphaTub85E;Dop1R1;Nf1;loco;CG2082;ric8a;robl22E"
"GOBP_DETECTION_OF_STIMULUS",0.145683082629301,0.267540342756183,-0.304793227250388,-1.18462439779978,706,113,"arm;Cam;rdgB;svp;Plc21C;TkR99D;dac;emp;RyR;Mvl;wts;Pxn;Hr38;ktub;crq;Rh6;Nmt;Fak;unc-119"
"GOBP_POSITIVE_REGULATION_OF_DNA_BIOSYNTHETIC_PROCESS",0.146528050215771,0.268589389631649,0.41536663085647,1.25394485363112,746,31,"CycA;Hsp83;CCT1;mei-41;CCT5;cutlet;Usp1;CCT2;CG8142;Pvf1;WDR79;CCT4;CG10341"
"GOBP_POSITIVE_REGULATION_OF_PROTEASOMAL_PROTEIN_CATABOLIC_PROCESS",0.146619496855346,0.268589389631649,0.329771961929309,1.20206812441978,745,79,"abo;bsk;Dab;fzy;Hsp68;dco;polo;Hsp70Aa;Hsp70Bb;CkIalpha;Tmtc3;Rpt6;Dad;Xbp1;Sirt1;Rad23;Rpt1;Fmr1"
"GOBP_RNA_POLYMERASE_II_PREINITIATION_COMPLEX_ASSEMBLY",0.14638665843113,0.268589389631649,-0.362521339691213,-1.2335691736986,710,52,"Tbp;TfIIB;Taf1;Taf5;Taf6;TfIIA-L;Taf12;TfIIEalpha;TfIIEbeta;MED6;Taf10b;MED18;MED15;Rpt4;NC2beta"
"GOBP_SENSORY_PERCEPTION_OF_TEMPERATURE_STIMULUS",0.146529042703906,0.268589389631649,-0.491650058675909,-1.30420071089259,723,17,"svp;Lcch3;Rh6;BTBD9;CG10353;CG2812;TrpA1;CG10098;Octalpha2R;AdoR;Ekar"
"GOBP_MAST_CELL_ACTIVATION_INVOLVED_IN_IMMUNE_RESPONSE",0.146854575163399,0.268852619869769,-0.403405525850496,-1.2545231596469,718,34,"csw;FER;grn;Snap25;Hr38;Pi3K92E;Shark;dos;Cbl"
"GOBP_REGULATION_OF_RHO_PROTEIN_SIGNAL_TRANSDUCTION",0.147112834115487,0.269157934059553,-0.390496503024884,-1.24922319656237,720,39,"Abl;Egfr;mew;mys;CG3630;Flo1;RhoGAP1A;Rlip;RhoGAPp190;Kank;aru"
"GOBP_ANIMAL_ORGAN_MATURATION",0.147397695669448,0.269511510664708,0.44725801408892,1.27209175584304,741,24,"dpp;Actn;sv;Sema2a;Aldh;Rho1;oxt;PlexB"
"GOBP_POSTSYNAPTIC_NEUROTRANSMITTER_RECEPTOR_INTERNALIZATION",0.14752774974773,0.269581763824733,-0.453281061035557,-1.28292253566468,730,22,"cm;numb;mys;nmd;Nca;siz"
"GOBP_DNA_METHYLATION_DEPENDENT_CONSTITUTIVE_HETEROCHROMATIN_FORMATION",0.14762567057421,0.269593248187043,0.45338736432535,1.28046222068612,742,23,"aub;shu;spn-E;HDAC1;Pp2C1;bon;Sirt1;wde;MBD-like"
"GOBP_MEMBRANE_REPOLARIZATION_DURING_ACTION_POTENTIAL",0.14789150663235,0.269743839127324,0.502904542925247,1.29827592725564,746,16,"dlg1;sei;Sh;Shal;Ork1;14-3-3epsilon;SK"
"GOBP_MITOTIC_SISTER_CHROMATID_SEPARATION",0.147874306839187,0.269743839127324,-0.370289153146339,-1.23478301957397,719,48,"Mps1;aurA;CycB;rod;sw;ctp;Rbf;robl;Bub3"
"GOBP_EXCRETION",0.148563557654467,0.270801726530013,0.429169699169366,1.26586109819918,754,28,"nAChRalpha1;nAChRalpha2;slo;nAChRbeta2;TkR86C;CG10939"
"GOBP_GRANULOCYTE_CHEMOTAXIS",0.149007273442107,0.271106616244081,0.402701143623501,1.25223267329515,757,35,"dnc;rl;Ptp10D;Rac1;Rac2;CaMKI;sktl;myo;Drp1;fab1"
"GOBP_NEGATIVE_REGULATION_OF_PROTEIN_CATABOLIC_PROCESS",0.148901545972335,0.271106616244081,-0.32968261322499,-1.20846468711503,731,77,"capu;CkIIbeta;mor;Egfr;hh;pll;kermit;Dif;Uch-L5;Nos;RpL11;cher;snRNP-U1-70K;Gcn5;Timp;CG1785;Usp7;hiw;wcy;CG8173"
"GOBP_REGULATION_OF_NEUROBLAST_PROLIFERATION",0.148966355897852,0.271106616244081,-0.474466992761779,-1.2922553415544,734,19,"arm;asp;hh;alpha-Cat;otp;Optix"
"GOBP_REGULATION_OF_ACTIN_FILAMENT_BASED_MOVEMENT",0.149271844660194,0.271420127929723,-0.467789010360252,-1.29110249525159,737,20,"arm;Atpalpha;zfh1;alpha-Cat;RyR;Ank;Amph"
"GOBP_GLYCEROPHOSPHOLIPID_CATABOLIC_PROCESS",0.149664019547954,0.271483658330833,-0.481787642748961,-1.29380987730341,734,18,"Plc21C;emp;Lis-1;crq;Paf-AHalpha;CG2818;CG11029"
"GOBP_NEGATIVE_REGULATION_OF_CELL_ACTIVATION",0.149496195763932,0.271483658330833,-0.323230994665816,-1.20269898386752,726,85,"csw;dx;FER;Prosbeta6;lz;Su(dx);Egfr;hh;hop;Sdc;Nos;Bgb;Bro;Stat92E;Cbl;Prosalpha7;Prosbeta3;glob1;Lnk;Prosbeta5;AdamTS-B;PGRP-LE;galectin;CG11374;Prosbeta4R2"
"GOBP_TRANSPOSITION",0.149675898644667,0.271483658330833,0.484188074803236,1.29226745152938,761,18,"aub;shu;spn-E"
"GOBP_VESICLE_TARGETING_ROUGH_ER_TO_CIS_GOLGI",0.149675898644667,0.271483658330833,0.484207328425091,1.29231883823248,761,18,"dco;PpV"
"GOBP_POSITIVE_REGULATION_OF_ESTABLISHMENT_OF_PROTEIN_LOCALIZATION_TO_MITOCHONDRION",0.150571541190382,0.272939910155333,0.398675665493226,1.25193310545854,763,37,"bsk;Hsp68;Rac1;eff;Hsp70Aa;Hsp70Bb;Rac2;fz2;AMPKalpha;Aos1;Pink1"
"GOBP_REGULATION_OF_ACTIVIN_RECEPTOR_SIGNALING_PATHWAY",0.150817686250757,0.273102311630866,-0.509574358350986,-1.31096461112444,746,15,"CkIIbeta;sax;hh;babo;Fkbp12;Smurf"
"GOBP_REGULATION_OF_PROTEIN_MATURATION",0.150846790074833,0.273102311630866,0.440040227449379,1.2662851521728,765,25,"Acph-1;Pka-C1;Fur1;Gel"
"GOBP_CIRCADIAN_REGULATION_OF_GENE_EXPRESSION",0.151162790697674,0.27318197451325,0.398405685424025,1.25108530606745,766,37,"Hr3;emc;Mybbp1A;dco;ss;lark;HDAC1;csul;phr6-4;cyc;Sirt1;HDAC3;MTA1-like"
"GOBP_POSITIVE_REGULATION_OF_AMINO_ACID_TRANSPORT",0.151221481930143,0.27318197451325,-0.509197435478175,-1.30999491447609,748,15,"cn;mnd;mys;Acer"
"GOBP_POSITIVE_REGULATION_OF_DNA_REPAIR",0.151002752654345,0.27318197451325,0.325639601617024,1.19479375131892,767,82,"brm;eya;E(Pc);pho;Pkc53E;spir;PCNA;Arp2;dom;bon;WASp;Sirt1;agt;Bap60;Pli;Bap55;Tip60;BCL7-like;HDAC6;MRG15;CG11970"
"GOBP_SUBSTANTIA_NIGRA_DEVELOPMENT",0.151262214983713,0.27318197451325,-0.430903801437978,-1.26498159195054,742,26,"Act42A;Act88F;Cam;14-3-3zeta;Cdc42;ctp;ATPsynCF6;ATPsynB"
"GOBP_CATECHOL_CONTAINING_COMPOUND_METABOLIC_PROCESS",0.151562807155494,0.273556919418076,0.401908708511985,1.24976853045915,770,35,"nAChRalpha1;Ddc;Galphai;5-HT1A;Hdc;ple;Dop1R1;Aldh"
"GOBP_NEUTRAL_LIPID_METABOLIC_PROCESS",0.151729559748428,0.273689984537017,0.328015874849314,1.19566692435954,771,79,"Cat;Pka-C1;EcR;Gbeta13F;r;mdy;Gel;fbl;Sirt1;Gk1;Tip60;Agpat2;mino;Hrd3;Agpat1;dob;Lsd-2"
"GOBP_CEREBRAL_CORTEX_CELL_MIGRATION",0.152024291497976,0.27390146005288,-0.426818484402733,-1.26564579382341,750,27,"arm;tll;Egfr;Awh;Cdk5;Lis-1;tna;Cdk5alpha"
"GOBP_POSITIVE_REGULATION_OF_STRIATED_MUSCLE_CELL_DIFFERENTIATION",0.152032999410725,0.27390146005288,0.482908451825796,1.28885221846184,773,18,"dpp;Actn;nau;pros;p38b"
"GOBP_VIRAL_RELEASE_FROM_HOST_CELL",0.152195911758753,0.274027155688037,-0.489061103426321,-1.29733298614122,751,17,"Rab7;PCB;fan;Vap33;Vps20;CHMP2B;TSG101;Chmp1;Vps24;Arl8"
"GOBP_CELLULAR_OXIDANT_DETOXIFICATION",0.152311339391545,0.274067254122278,0.429844300924539,1.25725595070667,770,27,"Cat;cl;Sod1;Dhfr;gbb;Mgstl;heix;ATP7"
"GOBP_ACROSOME_ASSEMBLY",0.152432868968302,0.274118276592142,-0.508280949963993,-1.30763710338138,754,15,"chic;Lis-1;drongo;Nhe1;RhoGAP5A"
"GOBP_CHONDROCYTE_DEVELOPMENT",0.152841021579885,0.274684352772158,0.500442687825003,1.2919205119825,771,16,"Dr;run;tkv;Dad;CG15743"
"GOBP_RESPONSE_TO_VITAMIN",0.15313544328681,0.275045466513915,0.401495790222666,1.2484845267222,778,35,"Ace;Cat;eEF2;pnr;usp;Aldh;gbb"
"GOBP_POSITIVE_REGULATION_OF_LEUKOCYTE_PROLIFERATION",0.153346456692913,0.275256421958848,0.383537473482921,1.23578676822737,778,42,"nAChRalpha1;CG5504;rl;TkR86C;dpn;dock;Pp2B-14D;Ptp69D;foi;Pli;mino"
"GOBP_NEPHRON_MORPHOGENESIS",0.153440227318855,0.275256798031751,-0.388176438723223,-1.2373367318838,755,38,"arm;salr;exd;grn;LanA;rk;Egfr;ptc;hh;mirr;caup"
"GOBP_CORTICAL_ACTIN_CYTOSKELETON_ORGANIZATION",0.15370955011839,0.275452901149853,0.473561552394064,1.28079429095295,778,19,"dlg1;l(2)gl;pbl;Shaw;Gel;Rok"
"GOBP_REGULATION_OF_ANTIGEN_RECEPTOR_MEDIATED_SIGNALING_PATHWAY",0.153736799350122,0.275452901149853,-0.432984722722706,-1.26072560710513,756,25,"csw;janA;Pkc98E;Moe;Cbl;Lip3"
"GOBP_ORGANIC_ACID_TRANSPORT",0.154083521909072,0.275570651341332,-0.28035467633933,-1.15127535582888,748,168,"cn;Got2;mnd;Atpalpha;per;w;Mdr49;Mdr65;mys;Jhe;kermit;scat;Mvl;Nos;Esp;Shark;tty;Acer;colt;Orct;mGluR;Mct1;chico;Eaat2;Eaat1;Ugt37C1;Ugt37A1;CG4757;Dic1;Sur"
"GOBP_REGULATION_OF_LEUKOCYTE_DEGRANULATION",0.154048582995951,0.275570651341332,-0.426102683803163,-1.26352322872568,760,27,"FER;grn;mys;Hem;Shark;dos;RhoGAP1A;galectin;CG11374"
"GOBP_REGULATION_OF_TUBE_SIZE",0.154035736290819,0.275570651341332,-0.308046972942027,-1.17985445271852,749,102,"Abl;csw;Cyp6a2;Atpalpha;per;TkR99D;mys;Dsor1;Tbh;emp;Nos;Cyp6a9;Cyp9c1;crq;Acer;dos;Gcn5;vimar;wit;Oamb;STUB1;Sur;Cyp28a5;sotv;Grip"
"GOBP_NEGATIVE_REGULATION_OF_CARBOHYDRATE_METABOLIC_PROCESS",0.154820261437909,0.275747911424644,-0.400652140979084,-1.24596059699651,757,34,"Chc;Hex-C;sgg;mts;nvy;Gcn5;Sik2;Mtch;Usp7;CG9784"
"GOBP_NEGATIVE_REGULATION_OF_LYMPHOCYTE_ACTIVATION",0.154863654863655,0.275747911424644,-0.335692609992265,-1.20842007705191,760,69,"csw;dx;Prosbeta6;lz;Su(dx);Egfr;hh;hop;Sdc;Bgb;Bro;Stat92E;Cbl;Prosalpha7;Prosbeta3;Prosbeta5;PGRP-LE;galectin;CG11374;Prosbeta4R2"
"GOBP_NEURON_MATURATION",0.154466745375836,0.275747911424644,0.426128358150999,1.25689048520166,784,28,"Appl;Ets65A;Ets21C;Rac1;Rac2;Bap55;CG2082"
"GOBP_POSITIVE_REGULATION_OF_PROTEIN_POLYMERIZATION",0.154896605540382,0.275747911424644,0.372857787267763,1.22807041971563,793,46,"DCTN1-p150;Hsp68;Hsp83;dlg1;rst;Ten-m;drk;Rac1;dock;Hsp70Aa;Hsp70Bb;Rac2;sns;msps;Pink1"
"GOBP_POSITIVE_REGULATION_OF_SMALL_MOLECULE_METABOLIC_PROCESS",0.154612978889758,0.275747911424644,0.319877461836684,1.18488666429674,790,86,"Appl;Pka-C1;Dab;EcR;Actn;Galphai;rl;Wnt5;phr6-4;Lgr1;AMPKalpha;gbb;Sirt1;flfl;Pink1;Pdp;GIIIspla2"
"GOBP_PROTEIN_LIPID_COMPLEX_ORGANIZATION",0.154466745375836,0.275747911424644,0.426215093502755,1.25714631618842,784,28,"Pka-C1;EcR;Fur1;Fur2;mdy;nes;GIIIspla2;CG31689;CG9663"
"GOBP_PROTEIN_LOCALIZATION_TO_MICROTUBULE_ORGANIZING_CENTER",0.15453074433657,0.275747911424644,-0.465057977840615,-1.28356481731854,763,20,"aurA;hook;sgg;Rab11;DCTN2-p50;par-6;Eb1"
"GOBP_REGULATION_OF_BLOOD_PRESSURE",0.154932460090053,0.275747911424644,-0.318063598668187,-1.19295648193053,756,89,"arr;Atpalpha;Pu;sax;sgg;svp;Tm2;Ptp4E;Plc21C;TkR99D;Nos;Nca;Acer;sfl;fray;wit;Oamb;fidipidine;sut3;Sur;sotv;Grip;Nep1"
"GOBP_CONSTITUTIVE_HETEROCHROMATIN_FORMATION",0.155551196547666,0.27584787235879,0.412978992811502,1.24673684457019,792,31,"aub;shu;spn-E;HDAC1;Pp2C1;bon;Sirt1;wde;MBD-like"
"GOBP_ENDOTHELIAL_CELL_APOPTOTIC_PROCESS",0.155542071197411,0.27584787235879,-0.464004495523698,-1.28065719525399,768,20,"Abl;grn;mys;wit;mbt"
"GOBP_GLYCOSYL_COMPOUND_CATABOLIC_PROCESS",0.155414769352603,0.27584787235879,0.498132709680645,1.28595717548158,784,16,"ry;CG33090;Dera;Adgf-E;CG7997;Mtap;CG16758"
"GOBP_HEPATICOBILIARY_SYSTEM_DEVELOPMENT",0.155328352339756,0.27584787235879,0.3241584718294,1.18935938582297,789,82,"H2.0;Jra;r;Ras85D;pros;N;PCNA;dpn;Wnt5;Aldh;Nf1;csul;Pdp1;stck;Xbp1;Npc1a;Smox;Nipped-B;Ass;Ugt37B1;Taf10"
"GOBP_NEUROTRANSMITTER_REUPTAKE",0.155537459283388,0.27584787235879,-0.429089197708961,-1.25965455536783,763,26,"Atpalpha;per;mys;Nos;Orct;Torsin;Eaat2"
"GOBP_REGULATION_OF_TRIGLYCERIDE_METABOLIC_PROCESS",0.155307481394438,0.27584787235879,0.401803090221621,1.24138013114946,792,34,"Pka-C1;EcR;Gbeta13F;fbl;Sirt1;Tip60"
"GOBP_BONE_RESORPTION",0.156678257312334,0.276016426953824,-0.402270051781166,-1.24206408748502,765,33,"arm;hh;mys;Shark;Rab7;Fak;CG14818;Vha100-3;Vha100-2;Vha100-1"
"GOBP_CORTICAL_CYTOSKELETON_ORGANIZATION",0.156335817967831,0.276016426953824,0.41281075062345,1.24622894044357,796,31,"dlg1;l(2)gl;pbl;Shaw;Gel;Rac1;Rac2;Rok"
"GOBP_ENDOCRINE_PROCESS",0.156091864538731,0.276016426953824,0.361740701077433,1.21706475353118,801,51,"bi;Dab;Fur2;TkR86C;Dop1R1;Ance;nuf;Rho1;phr6-4;gbb;Actbeta;AkhR;Rip11;CG3097"
"GOBP_HIPPO_SIGNALING",0.155898043864849,0.276016426953824,0.398012646856529,1.24393257163075,788,36,"ft;sti;sd;ex;14-3-3epsilon;Sirt1;p38b;AlaRS;jub;Schip1;Dlg5"
"GOBP_INNER_EAR_AUDITORY_RECEPTOR_CELL_DIFFERENTIATION",0.156606851549755,0.276016426953824,-0.408247055486874,-1.2472463846586,767,31,"acj6;ck;Ser;Su(H);Lcch3;jar;Lis-1;Fim;Hey;CG12206"
"GOBP_MESENCHYMAL_CELL_MIGRATION",0.156168243107265,0.276016426953824,-0.444062784274999,-1.27114735022128,775,23,"LanA;sax;Egfr;zfh1;hh;Cdc42;tsr;Ret"
"GOBP_NEGATIVE_REGULATION_OF_EPITHELIAL_TO_MESENCHYMAL_TRANSITION",0.156550775879002,0.276016426953824,0.480846244661171,1.28334831752781,796,18,"fkh;fy;mof;sty;Dad;Spred;gbb"
"GOBP_POSITIVE_REGULATION_OF_MYOBLAST_DIFFERENTIATION",0.156376929325751,0.276016426953824,-0.431983061670012,-1.2578090613877,769,25,"Act42A;mor;zfh2;Plc21C;Smyd3;Mef2;Snr1"
"GOBP_REGULATION_OF_SKELETAL_MUSCLE_CELL_DIFFERENTIATION",0.155872449990097,0.276016426953824,0.509636354822359,1.29102094575691,786,15,"so;mof;cyc;Eph;myo;Six4"
"GOBP_REGULATION_OF_SMAD_PROTEIN_SIGNAL_TRANSDUCTION",0.156262346898459,0.276016426953824,0.421674212316285,1.25381038857897,790,29,"cv-2;Dab;dpp;put;tkv;dod;Dad;Xbp1;melt;gbb;Actbeta;Smox"
"GOBP_VENTRICULAR_CARDIAC_MUSCLE_TISSUE_MORPHOGENESIS",0.156602254428341,0.276016426953824,-0.437434673512306,-1.26386348589516,777,24,"acj6;ush;Tm2;Su(H);htl;RyR;babo;Fkbp12"
"GOBP_REGULATION_OF_INTRINSIC_APOPTOTIC_SIGNALING_PATHWAY_BY_P53_CLASS_MEDIATOR",0.156862745098039,0.276176059891341,0.508423744850924,1.28794913807023,791,15,"Dr;Su(Tpl);Sirt1;CG11700"
"GOBP_LUNG_MORPHOGENESIS",0.157014681892333,0.276278226152657,-0.408026035723539,-1.24657114132971,769,31,"arm;rb;bs;Wnt2;B52;hh;Dsor1;Cdc42;htl;Vang"
"GOBP_MICROTUBULE_ORGANIZING_CENTER_ORGANIZATION",0.157377049180328,0.276584993242846,-0.321706256806078,-1.19594704975391,767,84,"arm;aurA;FER;shi;Cdk2;Klp68D;Arl2;Mbs;Cul1;Lis-1;Rab6;Pitslre;Gcn5;chb;E2f2;Roc1a;par-6"
"GOBP_SYNAPTIC_VESICLE_EXOCYTOSIS",0.157287157287157,0.276584993242846,-0.35426661041493,-1.22024532984256,762,55,"Cam;dor;dsh;Csp;Wnt2;Syn;Rap1;Snap25;CASK;Cdk5;unc-13;CG3168;Rph;Tomosyn"
"GOBP_MODIFICATION_OF_SYNAPTIC_STRUCTURE",0.157894736842105,0.27732914375491,-0.415575205237861,-1.25284361557248,779,29,"Abl;stau;Rap1;alpha-Cat;tsr;Cortactin"
"GOBP_POSITIVE_REGULATION_OF_HYDROLASE_ACTIVITY",0.158251112400851,0.27768745014219,0.348392089407487,1.21190290008665,817,60,"dpp;pbl;RanGAP;Sema2a;Rho1;Nf1;Apc;sktl;RN-tre;scf;PlexB;Rip11;Rich;Graf;RhoGAP15B;Zir;CG9098;Tg"
"GOBP_REGULATION_OF_CHEMOTAXIS",0.158287509819324,0.27768745014219,0.332654584885054,1.19340186537356,805,72,"Appl;robo2;rl;Ptp10D;N;Wnt5;Rac1;Syx1A;Rac2;CaMKI;PlexB;PlexA;Smox;myo;Drp1"
"GOBP_B_CELL_ACTIVATION_INVOLVED_IN_IMMUNE_RESPONSE",0.159077109896782,0.278906351201629,-0.391868058144629,-1.23566295409447,785,36,"Abl;tin;fng;Pms2;tos;Stat92E;Fak;Hmt4-20;Ercc1;Spt6"
"GOBP_RNA_LOCALIZATION",0.159194686591947,0.278946258459504,-0.28872669503774,-1.15569379126199,766,141,"e(y)2;Hsf;mago;mle;sbr;stau;e(r);La;CCT3;eIF4E1;Smg5;drongo;Nup154;Cbp80;qkr58E-2;Sec13;Dbp80;Nsun2;nop5;mbo;mRpL18;CCT6;Tnks;Nup93-1;nito;Ythdc1;Nxt1;Spt6;NHP2;CG4041;Upf2;BORCS5;CG1463;Set2;CG9915;Nup35;Elys;Ntf-2"
"GOBP_DNA_INTEGRITY_CHECKPOINT_SIGNALING",0.159378831221904,0.279102691342168,-0.32238421009912,-1.19174182315538,779,81,"csw;dup;mus101;Blm;spn-A;trc;Cdk2;fs(1)h;Xpc;CycD;Cul1;mre11;Clk;Roc1a;Hus1-like;RfC38;CG1785;CG11164;wcy;Tao;CG3165"
"GOBP_ACTIVIN_RECEPTOR_SIGNALING_PATHWAY",0.160924199432509,0.279784888320345,-0.469028286614633,-1.27744251542104,793,19,"CkIIbeta;sax;hh;babo;Fkbp12;wit;Smurf"
"GOBP_MAMMARY_GLAND_DUCT_MORPHOGENESIS",0.160863367949501,0.279784888320345,-0.47697095688528,-1.28087497571328,789,18,"arr;ptc;htl;Phb2;Hr96;NetB"
"GOBP_MAMMARY_GLAND_EPITHELIAL_CELL_PROLIFERATION",0.16004742145821,0.279784888320345,0.487609589687991,1.27757030979188,809,17,"emc;robo2;peb;rl;noc;Wnt5;Eph"
"GOBP_NEGATIVE_REGULATION_OF_ALPHA_BETA_T_CELL_ACTIVATION",0.160847628657921,0.279784888320345,-0.446369769344848,-1.26336148927923,796,22,"lz;Su(dx);hh;hop;Bgb;Bro;Stat92E"
"GOBP_NEGATIVE_REGULATION_OF_ALPHA_BETA_T_CELL_DIFFERENTIATION",0.160775600888709,0.279784888320345,-0.493605414622471,-1.29022078296883,795,16,"lz;hh;hop;Bgb;Bro;Stat92E"
"GOBP_P38MAPK_CASCADE",0.160608455156065,0.279784888320345,0.426680609147079,1.24800243657409,812,27,"dpp;dlg1;MAPk-Ak2;Ask1;p38a;Mekk1;p38b;Tak1;Sk1;Hand;CYLD;Gadd45"
"GOBP_PHOSPHATIDIC_ACID_METABOLIC_PROCESS",0.160142348754448,0.279784888320345,0.465577937731868,1.27493736486299,809,20,"EcR;Agpat2;mino;GIIIspla2;Agpat1;dob"
"GOBP_POSITIVE_REGULATION_OF_T_CELL_PROLIFERATION",0.160641754670999,0.279784888320345,-0.430648831444388,-1.25392417094482,790,25,"ftz-f1;hh;hop;Psc;Hem;Shark;Stat92E"
"GOBP_REGULATION_OF_LIPID_BIOSYNTHETIC_PROCESS",0.160794237882032,0.279784888320345,0.304211158823785,1.1746423612507,825,112,"awd;Pka-C1;Dab;dpp;EcR;Galphai;Idh;rl;pros;Wnt5;Gel;CalpA;Lgr1;Pdk;Xbp1;AMPKalpha;gbb;Sirt1;Tip60;nes"
"GOBP_REGULATION_OF_MRNA_SPLICING_VIA_SPLICEOSOME",0.160189183631503,0.279784888320345,-0.320704398596044,-1.19329786028746,778,85,"fl(2)d;mago;Rm62;sm;su(w[a]);vls;B52;Bx42;U2af50;Rox8;Pitslre;snRNP-U1-70K;Cbp80;qkr58E-2;Srpk79D;nito;Ythdc1;CG4119;hfp"
"GOBP_RNA_5_END_PROCESSING",0.160847391133778,0.279784888320345,0.410862299935634,1.24034678831329,819,31,"SmF;l(3)07882;scu;SmD3;Pop1;mldr;mRNA-cap;CG11123;Lsm11;CG1671;Lsm10"
"GOBP_SMALL_MOLECULE_CATABOLIC_PROCESS",0.161084857201562,0.279784888320345,-0.272360017373903,-1.14011109647826,783,196,"arr;cn;Eno;Gal;Gapdh1;Got2;Gs2;Hex-C;Hn;Pfk;sad;v;Mdr49;Gad1;Jhe;emp;wal;Aldh-III;Pglym87;Nos;AcCoAS;Hydr2;crq;T3dh;Oat;CG11596;chico;CG13369;CG4757;ppl;FucT6;CG10996;CG11095;CG7860;Mfe2;CG4872;CG7322;CG9577;CG17065;CG3544;CG8814;Hmgcl;Cyp4d21;CG7840;CG4598;Snx17"
"GOBP_T_CELL_MEDIATED_IMMUNITY",0.160408885394142,0.279784888320345,0.39834385996946,1.23868333765307,815,35,"rl;ss;Ptp69D;fz2;Dad;AMPKalpha;arg;WASp;Rab27;Tak1;CG18659"
"GOBP_TUMOR_NECROSIS_FACTOR_SUPERFAMILY_CYTOKINE_PRODUCTION",0.161099796334012,0.279784888320345,-0.332620604733604,-1.19896546860019,790,70,"csw;Hsf;Prosbeta6;mle;hop;pll;Shark;mspo;Pi3K21B;Tsf1;Prosalpha7;Prosbeta3;Sec71;Sur;nAChRalpha5;Tollo;Prosbeta5;CG5445;cactin;galectin;CG11374;Tspo;Prosbeta4R2;CG3165;Tsp;Prosalpha6T;cyst;Myd88;DJ-1alpha;Tsf3"
"GOBP_GASTRULATION_WITH_MOUTH_FORMING_SECOND",0.161407766990291,0.279809438263357,-0.460597960578245,-1.27125512365584,797,20,"arm;arr;pk;pnt;sax;bs"
"GOBP_NEGATIVE_REGULATION_OF_TUMOR_NECROSIS_FACTOR_SUPERFAMILY_CYTOKINE_PRODUCTION",0.161441368078176,0.279809438263357,-0.426761039216797,-1.25281990311853,792,26,"csw;Hsf;pll;Tsf1;nAChRalpha5;CG5445;cactin;galectin;CG11374;Tspo;Tsp"
"GOBP_NEUTRAL_LIPID_BIOSYNTHETIC_PROCESS",0.161494366475588,0.279809438263357,0.381665001847132,1.2224971284479,816,41,"EcR;mdy;Gel;Sirt1;Gk1;Tip60;Agpat2;mino;Agpat1;dob;CG17597;Dgat2;CG1946;CG8298;CG5554;Gpat4;Gk2"
"GOBP_PROTEIN_STABILIZATION",0.161490683229814,0.279809438263357,0.284425305832351,1.15078474680342,831,157,"Dr;Hsp23;Hsp68;Hsp83;CG5504;smo;CCT1;alphaTub85E;Galphaq;Ubc6;Rop;faf;RpL23;CCT5;Pfdn2;Cdc37;Hsp70Aa;Hsp70Bb;not;dod;nrv2;wun;Nlp;lok;Dad;CycH;syd;Smox;Non1;Hrd3;Coa8;Pink1;CCT2;CG12379;CG4789;HERC2;Usp2;Cog3;Hsp60C;Pfdn1;Wnt10;CG4972;Wdr81;CCT4;BuGZ"
"GOBP_ORGANOPHOSPHATE_BIOSYNTHETIC_PROCESS",0.161943319838057,0.280422158306982,-0.248004751432241,-1.10656082127736,759,366,"Pfas;Gart;ChAT;cin;cn;eas;Eno;Hex-C;lace;mal;Men;Pepck1;ras;rdgB;r-l;rut;fwd;Ac76E;Prat;Dsor1;Hmgs;blw;ND-ACP;RnrL;RnrS;AcCoAS;Gycbeta100B;SdhB;sun;Pi3K59F;Pi3K92E;ATPsynCF6;Ipp;ATPsynO;ATPsynB;qm;ATPCL;Paics;Pi3K21B;Dgkepsilon;ND-PDSW;Ac13E;Lip3;Ocrl;Sbf;ND-B14.5A;CalpB;Inos;Pten;Taz;LysRS;GlyRS;EDTP;cert;Dic1;NP15.6;ATPsyndelta;fan;nmdyn-D7;Vap33;CG3626;Sirt4;ND-B16.6;ND-MNLL;Ppt1"
"GOBP_ORGANIC_ACID_BIOSYNTHETIC_PROCESS",0.162646876932591,0.281474771726873,-0.281496672471274,-1.14891742241631,788,162,"adp;cn;Cyp6a2;Got2;Gs2;Hn;per;Su(P);Mdr49;Gad1;Jhe;GstS1;htl;poe;ND-ACP;AcCoAS;Cyp6a9;CG11899;Hydr2;Cyp9c1;Shark;P5cr;ATPCL;Gcn5;Oat;Plap;Pcd;Eaat1;CG4757;Cyp28a5;trbl;Men-b;Las;CG3603;CG5966;Uros1;CG11134;Mfe2;CG6847"
"GOBP_CELLULAR_RESPONSE_TO_NUTRIENT_LEVELS",0.162974378732421,0.281652336076076,0.289646157616476,1.15669291603098,845,140,"bsk;fkh;Hsc70-3;Mybbp1A;lt;nau;rl;usp;Sam-S;Wnt5;Wnt4;Ask1;CkIalpha;Pi3K68D;Pdk;Gcn2;Xbp1;Pp2C1;AMPKalpha;Sirt1;Actbeta;CG4025;Tip60"
"GOBP_HEPARAN_SULFATE_PROTEOGLYCAN_BIOSYNTHETIC_PROCESS",0.163228155339806,0.281652336076076,-0.460183460463018,-1.27011109906099,806,20,"arm;Vang;sfl;botv;sotv;Hs3st-B"
"GOBP_PHOTOTRANSDUCTION",0.163123385654679,0.281652336076076,0.446665492798595,1.26147822770449,820,23,"Arr1;Galphai;Galphaq;Cds;Nckx30C;CG1847;ppk28"
"GOBP_POSITIVE_REGULATION_OF_JNK_CASCADE",0.163010047160139,0.281652336076076,-0.366677060967537,-1.21980830324954,794,47,"dsh;fz;Egfr;Wnt2;Plc21C;hep;msn;Hr78;Fak;Crk;Axn;Tollo;CG6769;Tao"
"GOBP_REGULATION_OF_RECEPTOR_MEDIATED_ENDOCYTOSIS",0.163153786104606,0.281652336076076,0.338548363916203,1.19795623392958,835,67,"Appl;BicD;Dab;dlg1;sl;CanB;Rac1;Rac2;Rala;mtm;Eato;Fmr1;CG4701;Graf;RhoGAP15B;CG1801"
"GOBP_CELLULAR_PIGMENTATION",0.163588390501319,0.282108467089614,-0.384305543375168,-1.22499801030868,805,38,"ck;cm;or;rb;zfh1;Dsor1;Rab11;Khc-73;DCTN2-p50;AP-1mu"
"GOBP_RECEPTOR_INTERNALIZATION",0.16409756097561,0.28282075242545,0.341591185522853,1.2017342926647,840,65,"Ace;Appl;Arr1;dlg1;sl;GluRIA;drk;CanB;AP-1-2beta;Rala;mtm;Fmr1;CG4701"
"GOBP_REGULATION_OF_POSTSYNAPSE_ASSEMBLY",0.164482691179347,0.283318546516182,0.40320067938217,1.23706838305063,840,33,"cta;pum;Rac1;Sema2a;Rac2;mbc"
"GOBP_ESTABLISHMENT_OF_PROTEIN_LOCALIZATION_TO_VACUOLE",0.164879627756423,0.283338706109461,-0.378525248707262,-1.22879024487246,814,41,"cm;rb;ref(2)P;scat;Pi3K59F;Rab7;Vps28;Sara;Smurf;Gga;Hrs;Mon1;Lamp1;Vps13"
"GOBP_NADPLUS_METABOLIC_PROCESS",0.164644012944984,0.283338706109461,-0.459178509210772,-1.26733742323569,813,20,"cn;Got2;Gpdh1;Men"
"GOBP_REGULATION_OF_MEMBRANE_REPOLARIZATION",0.164785105961577,0.283338706109461,0.503108664461264,1.27448487076178,831,15,"Ca-alpha1D;sei;Sh;14-3-3epsilon"
"GOBP_RESPONSE_TO_TUMOR_CELL",0.164719857453969,0.283338706109461,0.494052992056278,1.27542515850892,831,16,"rl;ss;N;Abi;AMPKalpha"
"GOBP_AMINE_TRANSPORT",0.165076893128285,0.28351209549528,0.355217038469637,1.20578004138788,847,53,"nAChRalpha1;nAChRalpha2;Sh;nAChRbeta2;Syt1;Rop;Rab3;Dop1R1;Ance;Syx1A"
"GOBP_PHENOL_CONTAINING_COMPOUND_BIOSYNTHETIC_PROCESS",0.165375203915171,0.28385872223946,-0.405192286134667,-1.23791367795736,810,31,"grn;Hn;mnd;Pu;zfh1;Tbh;kermit;Hr38"
"GOBP_HORMONE_METABOLIC_PROCESS",0.1656038647343,0.28408546358502,0.291558790009453,1.15904163236217,856,136,"Ace;Dab;dpp;fkh;Gbeta13F;kar;ninaB;Fur1;Fur2;mdy;sv;Wnt5;Cyp18a1;Fdh;Aldh;Ance;Cyp9b1;Lgr1;Papss;scu;gbb;Actbeta"
"GOBP_PRESYNAPTIC_ENDOCYTOSIS",0.165953307392996,0.284397638002907,0.342939131704661,1.19806390020276,852,62,"Act5C;g;Syb;Rac1;AP-1-2beta;Pp2B-14D;CalpA;nSyb;Syx1A;Rac2;stnB;sktl;Dap160;Clc;Rab27;Rok;Syt4;sut2;sut1"
"GOBP_TYPE_2_MITOPHAGY",0.165979178943233,0.284397638002907,0.475116884814275,1.26805701723866,844,18,"porin;Cdc37;HDAC6;Marf;Pink1"
"GOBP_RENAL_TUBULAR_SECRETION",0.166363819907127,0.284890778909644,-0.500684682223776,-1.28809444386398,823,15,"w;Vha55;Orct;Vha100-2;Vha100-1"
"GOBP_CENTROSOME_DUPLICATION",0.166633916290037,0.285135615471017,0.374180779956449,1.21865722087893,847,44,"spn-B;Sas-4;Nlp;emb;Sirt1;SkpA;Rok;SAK;l(1)G0020;msps;Ndc80;Cp110;Wdr62;Fbw5"
"GOBP_PYRIDINE_CONTAINING_COMPOUND_CATABOLIC_PROCESS",0.16670063175056,0.285135615471017,-0.33458626565593,-1.19484025078153,817,66,"Eno;Gapdh1;Gpdh1;Hex-C;Pfk;Pgi;mts;Arl2;nvy;Uch;Pglym87"
"GOBP_INTRINSIC_APOPTOTIC_SIGNALING_PATHWAY_IN_RESPONSE_TO_DNA_DAMAGE",0.166940114848236,0.28537932474347,-0.365358545799376,-1.21147001515135,813,46,"Abl;RpS3;Su(var)2-10;Bx42;14-3-3zeta;mael;Pi3K21B;Dronc;Dyrk3;Mtch"
"GOBP_B_CELL_MEDIATED_IMMUNITY",0.167038765983357,0.28538214258016,-0.383060000038695,-1.22102776284482,822,38,"csw;Pms2;tos;Stat92E;Hmt4-20;Ercc1;Vha100-3;Vha100-2;Vha100-1;Spt6"
"GOBP_POSITIVE_REGULATION_OF_MACROAUTOPHAGY",0.167215655880643,0.28551854881071,0.349123222642696,1.20662031242058,862,58,"Galphai;rl;porin;Ubc6;Cdc37;Rala;AMPKalpha;Sirt1;Tip60;Tak1;HDAC6;Rab3-GAP;Pink1"
"GOBP_REGULATION_OF_MACROAUTOPHAGY",0.167342995169082,0.285570238855823,0.290974827223426,1.15672018912688,865,136,"bsk;Pka-C1;Galphai;rl;porin;Ubc6;Dcp-1;Cdc37;CalpA;Rala;fz2;Vha36-1;AMPKalpha;Sirt1;Npc1a;SkpA;mtm;Tip60;Tak1;HDAC6;Drp1;Rab3-GAP;VhaSFD;VhaPPA1-1;VhaM9.7-b;Pink1;Atg5"
"GOBP_REGULATION_OF_HYDROLASE_ACTIVITY",0.167642466822795,0.285880278502059,0.314599499647646,1.17173523944231,858,90,"dpp;Galphai;pbl;RanGAP;Sod1;Sema2a;Rho1;Nf1;Apc;sktl;RN-tre;Nnp-1;scf;PlexB;Rip11;Rab3-GAP;Rich;Spn42Dd;Graf;RhoGAP15B;Zir;Tbc1d15-17;CG9098;CG9135;Tg"
"GOBP_SYNAPTIC_VESICLE_MATURATION",0.167719021310182,0.285880278502059,0.467793239400101,1.26519331508456,849,19,"dlg1;Rop;Rab3;Vha36-1"
"GOBP_POSITIVE_REGULATION_OF_NEURON_APOPTOTIC_PROCESS",0.168230016313214,0.286585239139244,-0.404009628340916,-1.23430050882921,824,31,"Abl;arm;sgg;Nos;Cdk5;Srpk79D;Dronc;Cdk5alpha"
"GOBP_REGULATION_OF_PROTEIN_POLYUBIQUITINATION",0.168382798304058,0.28667950961258,-0.499764223476275,-1.28572641096711,833,15,"ben;Plap;gus;Nulp1;CG3473"
"GOBP_CARDIAC_MUSCLE_CELL_MEMBRANE_REPOLARIZATION",0.169276511397423,0.287557358304521,0.45618681677459,1.26164327055448,853,21,"dlg1;Ca-alpha1D;sei;Sh;Shal;14-3-3epsilon;SK"
"GOBP_LENS_FIBER_CELL_DIFFERENTIATION",0.169407568852784,0.287557358304521,0.450306036243537,1.25892963616566,854,22,"tj;Hsp23;pros;Wnt5;sty;Abi;Spred;Ptx1;Smox;Eph"
"GOBP_NEGATIVE_REGULATION_OF_MRNA_METABOLIC_PROCESS",0.169484860401101,0.287557358304521,0.326592783050175,1.18455438291618,861,77,"SmF;Hrb98DE;Fib;heph;E2f1;MAPk-Ak2;Nlp;angel;SmD3;Bin1;p38b;Irp-1A;Adar;Nab2;x16;Fmr1;Trf4-1;CG5877"
"GOBP_PIGMENTATION",0.16917370698537,0.287557358304521,-0.337683672268348,-1.19263334073338,820,63,"ck;cm;or;rb;zfh1;hh;Lcch3;Dsor1;Mef2;Rab11;Vang;Khc-73;Rack1;DCTN2-p50;AP-1mu"
"GOBP_POSITIVE_REGULATION_OF_NOTCH_SIGNALING_PATHWAY",0.169381107491857,0.287557358304521,-0.423456405293059,-1.24311866338076,831,26,"amx;sax;Ser;fng;Nos;Nak;tna"
"GOBP_VASCULOGENESIS",0.169149153234034,0.287557358304521,-0.381054343620345,-1.21901712694991,828,39,"arm;if;ush;Wnt2;Rap1;hh;mys;Sply;tna;fz4;Hey"
"GOBP_BODY_FLUID_SECRETION",0.16979188131053,0.287669603435415,-0.337378066830511,-1.19155400150497,823,63,"mAChR-A;pk;Pkc98E;Egfr;tin;fd96Cb;Lac;CycD;Hr96;Drip;Stat92E;Orct;fray"
"GOBP_MONOSACCHARIDE_BIOSYNTHETIC_PROCESS",0.169844357976654,0.287669603435415,0.34137122175268,1.19258637915435,872,62,"Ald1;Pka-C1;Got1;Pgm1;Zw;Pglym78;phr6-4;Pdk;Gpo1;Sirt1;flfl;Pfrx;Atf3;aralar1;Efr"
"GOBP_NON_CANONICAL_WNT_SIGNALING_PATHWAY",0.169684638860631,0.287669603435415,-0.391872845629374,-1.22647650246798,833,35,"Abl;dsh;fz;pk;Wnt2;Cdc42;nmo;drl;Vang;DAAM;fz4;Smurf;Mks1"
"GOBP_HOST_MEDIATED_PERTURBATION_OF_VIRAL_PROCESS",0.170332879112322,0.288331030119938,0.359635340236054,1.20533408157674,874,50,"brm;Jra;crp;Taf11;Pi3K68D;HDAC1;Cdk9;Gcn2;Nnp-1;CycK;Rok;Fmr1;CG16863"
"GOBP_PROTEIN_LOCALIZATION_TO_MITOCHONDRION",0.171290009699321,0.289784478743762,0.350246481305554,1.20292726179799,882,56,"Hsp83;Roe1;Tom40;Drp1;Tim9b;Tim8;OXA1L;CG14270;Pink1;Tim9a;CG12379;Alr;AIF;Hsp60C;Tom70;ttm3;tomboy40;Tom7;CG3776;CG4942;CG8004;Tom20;CG9855;Tim17a2;CG9393;tomboy20;Tim17a1;Droj2;blp;CG11779"
"GOBP_T_CELL_APOPTOTIC_PROCESS",0.171473725800079,0.28992856396772,0.41654364968511,1.23855512150706,867,29,"Hr3;dpp;CG5504;Wnt5;arg;Drep1;mino;CG15890;Zir"
"GOBP_AUTONOMIC_NERVOUS_SYSTEM_DEVELOPMENT",0.171655104063429,0.2900685331158,0.454961318210609,1.2582539967757,865,21,"H2.0;so;dpn;SerT;Sema2a;Nf1;unpg;PlexB;PlexA;Adar"
"GOBP_MULTICELLULAR_ORGANISMAL_LEVEL_CHEMICAL_HOMEOSTASIS",0.171916821082973,0.290344022747478,-0.354910527640993,-1.20767148960651,834,52,"Galphas;rut;mys;Ac76E;Vha55;fra;Mvl;Drip;Ac13E;Lip3;Irp-1B;sotv;BTBD9;CG9784;CG7627;CG17134"
"GOBP_REGULATION_OF_STEM_CELL_POPULATION_MAINTENANCE",0.172024157412819,0.290358617962429,0.362555446769371,1.20509007114496,882,48,"brm;sd;smo;sv;Wnt4;HLH3B;HDAC1;gbb;Bap60;Bap55;BCL7-like;Brms1;Sap30;CG14220"
"GOBP_LENS_DEVELOPMENT_IN_CAMERA_TYPE_EYE",0.172162654258547,0.290425761943031,-0.375853648384476,-1.22011754357698,850,41,"arm;grn;Hsf;Hsp26;Hsp67Bc;hth;Wnt2;zfh1;l(2)efl;babo"
"GOBP_MAST_CELL_ACTIVATION",0.172483766233766,0.290800710750567,-0.385152253155151,-1.2203790023812,849,37,"csw;FER;grn;Snap25;Hr38;Pi3K92E;Shark;dos;Cbl"
"GOBP_RECEPTOR_CATABOLIC_PROCESS",0.172844400396432,0.291075115035091,0.454288011285498,1.25639187994144,871,21,"Klp98A;Fur1;Fur2;CalpA;mtm;Eato;Mvb12;CG1801;Uvrag"
"GOBP_REGULATION_OF_DNA_DAMAGE_RESPONSE_SIGNAL_TRANSDUCTION_BY_P53_CLASS_MEDIATOR",0.172795571372084,0.291075115035091,0.459319672693609,1.25779974881665,873,20,"Dr;mei-41;Nlp;Spred;Sirt1;CSN3;CG31917;Ing5;CG8435;ste24a"
"GOBP_PROTEIN_CONTAINING_COMPLEX_LOCALIZATION",0.173517868209048,0.292042087111567,-0.343815661186578,-1.19583151245511,839,58,"cin;cni;Egfr;Rap1;Dsor1;LamC;cora;Moe;Vps26;Rab11;siz;Eaat1;Grip;Klp10A"
"GOBP_POSITIVE_REGULATION_OF_HEART_GROWTH",0.173702282367199,0.292185314307775,-0.487185976355926,-1.27344120069294,859,16,"CycB;Egfr;ush;Su(H);htl;Mef2;Hey"
"GOBP_POSITIVE_REGULATION_OF_LIPID_BIOSYNTHETIC_PROCESS",0.174888759914877,0.294012989525468,0.342953152095134,1.19298322853659,903,60,"Pka-C1;Dab;EcR;Galphai;rl;Wnt5;CalpA;Xbp1;AMPKalpha;gbb;Tip60"
"GOBP_MITOTIC_CELL_CYCLE_CHECKPOINT_SIGNALING",0.175194433074089,0.29435866482237,-0.312860460488328,-1.17344114775197,855,89,"Mps1;aurA;CycB;mus101;Blm;rod;sw;Cdk2;Xpc;CycD;ctp;mre11;robl;Bub3;Hus1-like"
"GOBP_NEGATIVE_REGULATION_OF_LYMPHOCYTE_DIFFERENTIATION",0.17529961405647,0.294367274288889,-0.376835542062829,-1.21564202906186,862,40,"dx;Prosbeta6;lz;Egfr;hh;hop;Bgb;Bro;Stat92E;Prosalpha7;Prosbeta3;Prosbeta5"
"GOBP_CEREBRAL_CORTEX_NEURON_DIFFERENTIATION",0.175604007071302,0.294453331400636,0.471247981534741,1.25773115825651,893,18,"Dll;emc;Rac1;Dop1R1;Rac2;Pex5;Graf;erm"
"GOBP_NEGATIVE_REGULATION_OF_PROTEIN_BINDING",0.17565112053301,0.294453331400636,-0.496680220280873,-1.27779230089366,869,15,"aurA;Lar;TfIIFalpha;Rack1;CG11403"
"GOBP_SYNAPTIC_VESICLE_MEMBRANE_ORGANIZATION",0.175480293127352,0.294453331400636,0.498096328037108,1.26178752048538,885,15,"g;Syt1;Rop;Rab3;Syx1A;Syt4"
"GOBP_REGULATION_OF_KIDNEY_DEVELOPMENT",0.175876411170529,0.294663098897321,0.497860491108809,1.26119009369011,887,15,"dpp;smo;so;sv;Wnt5;Pp2B-14D;Six4"
"GOBP_LYMPHOCYTE_APOPTOTIC_PROCESS",0.176043912958243,0.294775863359791,0.383092083109145,1.21752514218714,897,39,"Hr3;dpp;CG5504;Wnt5;Diap2;Drice;Pkn;arg;foi;Drep1;mino"
"GOBP_REGULATION_OF_MITOTIC_SISTER_CHROMATID_SEGREGATION",0.176518383099736,0.295402208805133,-0.3761501456118,-1.21343099363808,868,40,"Mps1;aurA;CycB;rod;sw;ctp;Gcn5;robl;Bub3"
"GOBP_CYTOPLASMIC_TRANSLATIONAL_INITIATION",0.176656151419558,0.295434731703802,0.371647872206619,1.20387171354598,895,43,"eIF4A;eIF2beta;GluProRS;dock;lark;eIF3i;eIF3h;Cbp20;eIF2Bepsilon;eIF2Bbeta;eIF3j;MCTS1;eIF5"
"GOBP_ESTABLISHMENT_OF_MITOCHONDRION_LOCALIZATION",0.1767386566277,0.295434731703802,0.446583664222693,1.24852292589154,891,22,"Khc;HDAC6;Drp1;Tsp5D;CG11700;CG14043"
"GOBP_NEGATIVE_REGULATION_OF_FAT_CELL_DIFFERENTIATION",0.177374852187623,0.295878139183895,0.38824543945681,1.21917980145076,899,37,"dpp;Dr;emc;Wnt5;E2f1;dod;cyc;Sirt1;Smox;CG17841"
"GOBP_NEGATIVE_REGULATION_OF_RESPONSE_TO_WOUNDING",0.177406199021207,0.295878139183895,-0.401041074156209,-1.22523120036812,869,31,"csw;fra;Nos;CASK;chb;Crk;Pten;botv;Lnk;AdamTS-B;CG11034;Tsp;CG17633"
"GOBP_NEURONAL_STEM_CELL_POPULATION_MAINTENANCE",0.177135932134922,0.295878139183895,-0.485513613908861,-1.2690698613155,876,16,"asp;hook;Ser;SoxN;CG10555;Hesr;Ars2;YME1L;CG2812"
"GOBP_PRESYNAPTIC_MODULATION_OF_CHEMICAL_SYNAPTIC_TRANSMISSION",0.177294882209586,0.295878139183895,-0.424905431303843,-1.23720105983017,872,25,"mAChR-A;nAChRbeta1;rut;sgg;14-3-3zeta;kermit;mGluR;X11L"
"GOBP_CELLULAR_RESPONSE_TO_AMYLOID_BETA",0.177543575192542,0.29593948907448,-0.461308495741861,-1.25641694115938,875,19,"Atpalpha;sgg;Nmdar1;Cdk5;Shark"
"GOBP_CARDIAC_MUSCLE_CELL_CONTRACTION",0.177822990844354,0.296069744801409,-0.388886407144418,-1.2171296016334,873,35,"arm;Gpdh1;Atpalpha;alpha-Cat;RyR;Nos;Ank;cher;Nup154;Amph;Sur"
"GOBP_NEGATIVE_REGULATION_OF_AXONOGENESIS",0.177728464797256,0.296069744801409,-0.447810296696538,-1.25261129882876,880,21,"Gdi;fra;Cdk5;drl;NetB;Pten;Lrp4"
"GOBP_REGULATION_OF_SPINDLE_CHECKPOINT",0.178171451842802,0.296482133100409,-0.468351668707948,-1.25772842899919,874,18,"aurA;CycB;sw;ctp;robl"
"GOBP_NEGATIVE_REGULATION_OF_NEURON_PROJECTION_DEVELOPMENT",0.178502134264649,0.296739522519604,0.341042725890771,1.18993786841511,919,61,"Acph-1;Dab;Ptp10D;dpn;Wnt5;Sema1a;Sema2a;Syx1A;HDAC1;DIP2;Rtca;PlexA"
"GOBP_TRANSEPITHELIAL_TRANSPORT",0.178527856852379,0.296739522519604,-0.403659566642087,-1.22402214603529,877,30,"Act42A;w;Mdr49;Itpr;Drip;Eaat2;Eaat1;CG7627;MRP;Prip;ClC-b;Eglp2;Eglp3;AhcyL1;CG14969"
"GOBP_CALCIUM_ION_HOMEOSTASIS",0.178973205154428,0.29731178405665,-0.277358606980681,-1.13571500749039,874,164,"Abl;Cam;csw;Atpalpha;Pkc98E;Cbp53E;Plc21C;mys;Calr;Vha55;Itpr;Nmdar1;dia;scat;RyR;Ank;Nmda1;Fkbp12;cher;Hr96;Pi3K92E;nrv1;Fak;vimar;inc;CalpB;Vha100-3;Vha100-2;Vha100-1;nAChRalpha5;Vap33;CG3168;regucalcin;Clic"
"GOBP_APOPTOTIC_MITOCHONDRIAL_CHANGES",0.179980372914622,0.29765577046863,0.336199430770911,1.18452897150865,916,66,"eya;Hsp68;porin;Dcp-1;Hsp70Aa;Hsp70Bb;Drice;Smox;JTBR;Drp1;CG14777;Decay;CG14778;Pink1;fh;CG2076;ATP7"
"GOBP_CYTOKINESIS",0.180436477007015,0.29765577046863,0.303140182554773,1.15531911055246,925,103,"AnxB9;sti;pbl;polo;spir;stg;sub;vap;Klp3A;pav;Arp2;nuf;Rho1;dod;Pkn;Orc4;JTBR;Rok;CG5498;CG15365;sofe;CG15602;CG3632"
"GOBP_FEEDING_BEHAVIOR",0.179534692196829,0.29765577046863,-0.352734349681485,-1.20026650194532,871,52,"acj6;bsh;TkR99D;dac;Lac;Uch;Hr38;Acer;CG2924"
"GOBP_NEGATIVE_REGULATION_OF_ENDOPLASMIC_RETICULUM_STRESS_INDUCED_INTRINSIC_APOPTOTIC_SIGNALING_PATHWAY",0.180596720015807,0.29765577046863,0.476729948324145,1.2490649089926,913,17,"Hsp68;CrebA;Hsp70Aa;Hsp70Bb;Xbp1"
"GOBP_PROTEIN_LOCALIZATION_TO_LYSOSOME",0.179544530296869,0.29765577046863,-0.403302279516114,-1.22293873964331,882,30,"cm;rb;scat;Pi3K59F;Rab7;Sara;Gga;Hrs;Lamp1;RagC-D;Snx16"
"GOBP_PYRIMIDINE_NUCLEOTIDE_METABOLIC_PROCESS",0.17965367965368,0.29765577046863,0.415808380283067,1.22645110762543,912,28,"awd;Dhod;r;l(2)k01209;Ts;Adk3;Shmt"
"GOBP_REGULATION_OF_ATTACHMENT_OF_SPINDLE_MICROTUBULES_TO_KINETOCHORE",0.180125480671929,0.29765577046863,-0.476104690585724,-1.26296349398081,889,17,"aurA;CycB;rod;Cdc42;Gcn5"
"GOBP_REGULATION_OF_LIPID_LOCALIZATION",0.179820992676973,0.29765577046863,-0.315788153080237,-1.17100789582723,883,82,"cact;csw;if;ptc;Mdr65;hh;mys;Jhe;emp;Rel;Shark;crq;Past1;Atet;chico;CG4757;CG4822;Tspo;Tango14;Tsp;Acbp1;CG5853;CG17134;prel;Sec24AB;Dh44-R2;Dh44-R1;CG10104;Jhedup"
"GOBP_REGULATION_OF_ORGANELLE_ASSEMBLY",0.1797963001455,0.29765577046863,-0.282037765484487,-1.13634233065454,864,148,"Abl;Lar;Hsc70-2;Rcc1;pk;sgg;Gdi;cdi;128up;Sdc;Moe;twin;wts;Cdc2rk;pnut;Rab11;nompB;Rga;lig;Gcn5;Fak;inc;RhoGAPp190;htt"
"GOBP_REGULATION_OF_RESPONSE_TO_CYTOKINE_STIMULUS",0.180508976129414,0.29765577046863,0.32525664793113,1.17362227715487,914,75,"EcR;Hsp68;CG5504;robo2;Wnt5;Cdc37;Hsp70Aa;Hsp70Bb;not;MAPk-Ak2;Ptp69D;Diap2;arg;Pli;Agpat2;ball;fal;Sk1;Agpat1"
"GOBP_REGULATION_OF_SMOOTH_MUSCLE_CONTRACTION",0.180153573538098,0.29765577046863,0.378411168000693,1.20646221753622,914,40,"nAChRalpha1;nAChRalpha2;for;Sod1;nAChRbeta2;TkR86C;Gycalpha99B;Rho1;mbc"
"GOBP_RESPONSE_TO_DEXAMETHASONE",0.180561203741358,0.29765577046863,-0.402614519083757,-1.2208532347527,887,30,"Pepck1;hop;Psc;blw;Smyd3;eIF4E1;Cpr;Drip;Axn"
"GOBP_RNA_DECAPPING",0.17998017839445,0.29765577046863,0.451058351811214,1.24745984159206,907,21,"me31B;pcm;Rai1;CG17768;CG9344;PAN3;CG10418;DCP2;Edc3"
"GOBP_TOR_SIGNALING",0.180215475024486,0.29765577046863,0.301847701582109,1.15708385176776,919,107,"Pka-C1;cta;Raf;rl;sev;Sam-S;faf;eff;Sap47;CkIalpha;JIL-1;Xbp1;cyc;AMPKalpha;Sirt1;Npc1a;Pli;SkpA;mtm;HDAC3"
"GOBP_REGULATION_OF_LEUKOCYTE_MEDIATED_IMMUNITY",0.180774469741195,0.297781909282528,0.314678556292476,1.16512650389568,928,85,"rl;sl;ss;Rop;drk;Rac1;Mlh1;Ptp69D;Rac2;Ddx1;spel1;fz2;Pdk1;Dad;AMPKalpha;arg;WASp;Tak1;CG6171;CG18659;Spn42Dd;GIIIspla2;AP-1gamma"
"GOBP_REGULATION_OF_ACTIN_FILAMENT_BUNDLE_ASSEMBLY",0.18091697645601,0.297849885133509,-0.34309642879347,-1.1895551675561,875,57,"Abl;ena;Tm2;TkR99D;cdi;Cdc42;Sdc;babo;tsr;cher;Pi3K21B;chb;Tsc1"
"GOBP_REGULATION_OF_CELL_SUBSTRATE_JUNCTION_ORGANIZATION",0.181053926594218,0.297908642080642,-0.361079656541108,-1.20118766639272,882,47,"Abl;sax;Vinc;Sdc;msn;tsr;Fak;Pi3K21B;chb;mbt;siz;Tsc1;Pten"
"GOBP_INTERLEUKIN_12_PRODUCTION",0.181159420289855,0.297915603405676,-0.428071826216798,-1.23681176471862,899,24,"Plc21C;hop;pll;Dif;Rel;Shark;Tollo;galectin;CG11374;Tsp"
"GOBP_DETECTION_OF_ABIOTIC_STIMULUS",0.181513598738668,0.29833128910009,0.325156792334251,1.17057321548298,920,74,"Arr1;Galphai;Ca-alpha1D;ninaB;Sh;Galphaq;TkR86C;Cds;Mlp84B;Ork1;Eph;Nckx30C;CG1847;ppk28;CG17660"
"GOBP_CEREBELLAR_CORTEX_FORMATION",0.182149362477231,0.299197299651568,-0.47548646453701,-1.26132352498661,899,17,"csw;Wnt2;Dsor1;Cdk5;Lim1;Slc25A46a;Slc25A46b"
"GOBP_INTRINSIC_APOPTOTIC_SIGNALING_PATHWAY_BY_P53_CLASS_MEDIATOR",0.182243902439024,0.299197299651568,0.361707839440898,1.19766274475429,933,47,"Dr;Mybbp1A;Dcp-1;E2f1;Su(Tpl);spel1;Pdk;lok;Drice;Sirt1;Decay;CG11700"
"GOBP_REGULATION_OF_GLIOGENESIS",0.182758620689655,0.299827260642414,-0.367204905789512,-1.20438226361829,900,43,"arm;E(z);mnd;Pkc98E;tll;Pp1-87B;Ptp99A;hh;Lac;DAAM;Amph;Sur"
"GOBP_SPECIFICATION_OF_SYMMETRY",0.18283144309738,0.299827260642414,0.315101976673913,1.16050953072288,934,83,"bi;pnr;put;smo;Fur1;Fur2;N;bap;Su(fu);lbl;Wnt5;AP-1-2beta;Aldh;tilB;jumu;Rfx;Ptx1;Smox;CG2082;Gas8;CG10958"
"GOBP_RHYTHMIC_BEHAVIOR",0.183154549066349,0.300189795739943,0.433291209281821,1.23236735361679,921,24,"nAChRalpha1;emc;Sh;Shal;moody;MTA1-like;Fmr1"
"GOBP_TROPHOBLAST_CELL_MIGRATION",0.183323238441349,0.300298979673969,-0.491073812589527,-1.26336888660987,907,15,"mys;Calr;Itgbn;babo;Timp;Smurf"
"GOBP_NEGATIVE_REGULATION_OF_MONOATOMIC_ION_TRANSPORT",0.183657587548638,0.300679255741844,0.337878579559309,1.18038477210121,943,62,"Actn;Grd;Ca-alpha1D;sei;5-HT1A;porin;CanB;dpn;CG10939;Pp2B-14D;CanB2;Mo25;14-3-3epsilon;goe;Fmr1"
"GOBP_REGULATION_OF_HORMONE_METABOLIC_PROCESS",0.183985694416849,0.301048894868948,0.438977311054667,1.23976516941598,925,23,"Dab;dpp;Gbeta13F;sv;Wnt5;Lgr1;gbb"
"GOBP_REGULATORY_NCRNA_MEDIATED_GENE_SILENCING",0.184380504991192,0.301527207161805,0.309821149549219,1.15539284727556,941,91,"bru1;aub;dpp;Hrb98DE;pum;shu;spn-E;tud;me31B;lark;spen;Ran;Cbp20;Smox;mino;Fmr1"
"GOBP_CELLULAR_RESPONSE_TO_SALT_STRESS",0.184811149262775,0.301739183183777,-0.481789263140091,-1.25933488956968,914,16,"Irbp;Drip;CalpB;MICU1;Swip-1;Prip;Eglp2;Eglp3"
"GOBP_EPITHELIAL_CELL_DIFFERENTIATION_INVOLVED_IN_KIDNEY_DEVELOPMENT",0.184817813765182,0.301739183183777,-0.405965360968227,-1.22387260890964,912,29,"arm;salr;grn;Ser;Ptp4E;Mef2;promL;Lim1;cindr"
"GOBP_SULFUR_COMPOUND_BIOSYNTHETIC_PROCESS",0.184666929444225,0.301739183183777,0.324029156580936,1.16651369638091,936,74,"b;Hsp23;Sam-S;Nmdmc;fbl;Pdk;pug;Papss;DIP2;CG17636;bgm;Pdha;CG7024;Pdp;spidey;CG1492;CG4829;Gss1;Ggt-1;Cbs"
"GOBP_VASOCONSTRICTION",0.184981684981685,0.301839221972333,-0.326213559220004,-1.17429756459964,908,69,"Abl;Cyp6a2;Atpalpha;per;TkR99D;mys;Dsor1;Tbh;Cyp6a9;Cyp9c1;Acer;vimar;wit;Oamb;STUB1;Cyp28a5;Grip;Nep3;Cyp28d2;Nepl5;Tsp"
"GOBP_METANEPHRIC_NEPHRON_DEVELOPMENT",0.185222672064777,0.302064911981472,-0.405519262635181,-1.22252774655638,914,29,"arm;salr;rk;sr;Ret;mirr;Drip;caup;Lim1"
"GOBP_MONOSACCHARIDE_CATABOLIC_PROCESS",0.185387573365715,0.302166338416584,-0.382582078046185,-1.20638181887147,915,36,"arr;Eno;Gal;Gapdh1;Hex-C;Pfk;Pglym87"
"GOBP_NEGATIVE_REGULATION_OF_INTRINSIC_APOPTOTIC_SIGNALING_PATHWAY",0.185681865071178,0.302311038760048,-0.344231870106246,-1.18879348649297,899,56,"arm;Eno;fz;Hsc70-2;Dsor1;RnrS;Nmda1;Pi3K92E;P5cr;Rack1"
"GOBP_NEUROPEPTIDE_SIGNALING_PATHWAY",0.185654844462057,0.302311038760048,0.44355133426707,1.24004538008822,936,22,"Galphai;Galphaq;Ten-m;GluClalpha;moody"
"GOBP_POSITIVE_REGULATION_OF_TELOMERE_MAINTENANCE_VIA_TELOMERE_LENGTHENING",0.186239620403321,0.303051417713812,0.452284661749065,1.23853509388237,941,20,"Hrb98DE;Hsp83;CCT1;mei-41;CCT5;CCT2;WDR79;CCT4;CG10341;Rhau"
"GOBP_FOLIC_ACID_CONTAINING_COMPOUND_METABOLIC_PROCESS",0.186695703821026,0.303503354179534,0.482829173265804,1.2464502487521,942,16,"Dhfr;Nmdmc;pug;Ts;Shmt;CG8665;CG8026"
"GOBP_PROTEIN_N_LINKED_GLYCOSYLATION_VIA_ASPARAGINE",0.186723681531256,0.303503354179534,-0.464542337653543,-1.24749871427263,916,18,"Stt3B;Uggt;xit;FucT6;Stt3A;CG9662;Mgat1;SiaT"
"GOBP_POLYOL_METABOLIC_PROCESS",0.186910377358491,0.303639055874478,0.330262176470502,1.17423309384016,950,69,"Pkg21D;for;Got1;ifc;pr;sl;Dhfr;Cyp18a1;wun;Lgr1;Gpo1;Gk1;l(1)G0196;Eato"
"GOBP_ESTROGEN_RECEPTOR_SIGNALING_PATHWAY",0.187094155844156,0.303769871133282,-0.380018914130023,-1.2041136966299,921,37,"acj6;dor;Rm62;Phb2;wts;Rga;Kank;Rcd-1;CG11710"
"GOBP_BODY_MORPHOGENESIS",0.18768385958031,0.304522934548371,0.364139030185082,1.19285848238558,956,45,"Dll;Dr;fy;Raf;Ras64B;Ssdp;Ag5r;Nipped-B"
"GOBP_POSITIVE_REGULATION_OF_MESENCHYMAL_CELL_PROLIFERATION",0.187764990914597,0.304522934548371,-0.488866018070951,-1.25768896878227,929,15,"arm;arr;hh;htl;chico;RhoGAPp190"
"GOBP_FACE_DEVELOPMENT",0.188468327122965,0.305495216746977,0.363722165961042,1.19149290499775,960,45,"Dll;Dr;Raf;Ras64B;rl;Wnt5;Aldh;Ag5r"
"GOBP_CELLULAR_RESPONSE_TO_NUTRIENT",0.189480097481722,0.306459838807711,-0.420735255861515,-1.22505872156659,932,25,"FER;sad;bs;Bx42;Hr96;Gcn5;Kank"
"GOBP_ENERGY_HOMEOSTASIS",0.189452332657201,0.306459838807711,-0.365170326714379,-1.1977091203313,933,43,"ref(2)P;slbo;babo;mirr;Hr38;caup;fray;eIF4G1;Lip3"
"GOBP_FIBROBLAST_GROWTH_FACTOR_RECEPTOR_SIGNALING_PATHWAY",0.189189189189189,0.306459838807711,0.389507999541203,1.20339415828665,965,34,"fy;Sos;run;Klp98A;CrebA;drk;Wnt5;sty;Rab14"
"GOBP_NUCLEAR_MEMBRANE_ORGANIZATION",0.189289917614751,0.306459838807711,0.401847974986827,1.21313356139805,964,31,"DCTN1-p150;Pkc53E;polo;Cdk1;mei-41;inaC;CG5498;ball"
"GOBP_POSITIVE_REGULATION_OF_PRODUCTION_OF_MOLECULAR_MEDIATOR_OF_IMMUNE_RESPONSE",0.190379541303024,0.307745390392031,-0.375859637560471,-1.19807615607938,937,38,"grn;Hex-C;mnd;Pgi;Phb2;Pms2;Hr38;Stat92E;mspo;Hmt4-20"
"GOBP_MYELOID_LEUKOCYTE_MEDIATED_IMMUNITY",0.190503875968992,0.307777266941667,0.343985495041823,1.1854512141709,982,57,"AnxB10;Galphai;Syb;Galphaq;Rop;Rac1;Ance;nSyb;Rac2;Ddx1;Pdk1;arg"
"GOBP_INTERLEUKIN_6_PRODUCTION",0.190735694822888,0.307827154903293,0.351425983704309,1.18236122440085,979,51,"Appl;EcR;sl;tup;Wnt5;CalpA;MAPk-Ak2;p38a;Xbp1;p38b;Syt4"
"GOBP_POSITIVE_REGULATION_OF_EXOCYTOSIS",0.190750256937307,0.307827154903293,-0.353015104264538,-1.19117948939493,927,50,"grn;mys;Sdc;Nca;Cdk5;Rab2;Shark;Rab7;dos;chb;Cdk5alpha;Rph;Tomosyn;Hrs;Rab9;Lamp1"
"GOBP_TRNA_PROCESSING",0.190848650762612,0.307827154903293,0.313124111432539,1.15322512239473,975,83,"Ddx1;angel;scu;CG3587;CG4045;Pop1;AlaRS;l(1)G0020;RNaseZ;wuho;mldr;THADA;CG14618;SerRS;Elp3;Uba4;Pyroxd1;CG7849;Elp2;cbc;CG10927;CG9344;CG9752;CG3045;CG4610;CG17807;CG15014;CG11342;Pop4;CG3434;CG3808;CG11109;CG1074;CG18048;CG9386;CG6345;Elp1"
"GOBP_EMBRYONIC_PATTERN_SPECIFICATION",0.191170674024438,0.30795510983125,0.383278453018277,1.20358232386438,969,37,"bi;cad;tud;yrt;Fur1;Fur2;Wnt5;byn;tap;fz2;Dad;gbb;Smox"
"GOBP_HIPPOCAMPUS_DEVELOPMENT",0.191242007362914,0.30795510983125,0.342561047397741,1.18394048641448,986,58,"Dll;emc;rst;Sh;smo;alphaTub85E;pros;Dcp-1;Dop1R1;HDAC1;14-3-3epsilon;Ran;eIF2Bepsilon;PlexA;XRCC1;Fmr1"
"GOBP_PURINE_CONTAINING_COMPOUND_BIOSYNTHETIC_PROCESS",0.191199376947041,0.30795510983125,0.279282309933352,1.12851938793644,981,156,"Ald1;Aprt;awd;bur;Ldh;ATPsynbeta;Nmdmc;ATPsynG;fbl;ND-SGDH;Gycalpha99B;ATPsynD;CG5989;Pdk;ND-75;ND-23;ND-42;ATPsyngamma;pug;Papss;Ac3;Ac78C;DIP2;Adk3;bgm;Pdha;aralar1;CG7024;Shmt;ND-ASHI;Pink1;Pdp;spidey;Nadsyn;ND-20;ND-24;ND-18;ND-B17.2;ND-B14.5B;Naprt;ND-13A;CG9547;ATPsynGL"
"GOBP_METANEPHRIC_NEPHRON_EPITHELIUM_DEVELOPMENT",0.191990340108674,0.308653322732086,-0.429722243934995,-1.23009698414816,953,23,"rk;Wnt2;Cbp53E;Drip;Orct;Hesr;Prip;CG4630;Eglp2;Eglp3"
"GOBP_MRNA_METHYLGUANOSINE_CAP_DECAPPING",0.191988950276243,0.308653322732086,0.457600489524031,1.23762600987495,972,19,"me31B;pcm;CG17768;CG9344;PAN3;CG10418;DCP2;Edc3"
"GOBP_REGULATION_OF_ACTION_POTENTIAL",0.19192118226601,0.308653322732086,0.380517716617562,1.20050655509981,973,38,"nAChRalpha1;dlg1;Ca-alpha1D;na;Shaw;TkR86C;Calx;Ork1;moody;Fmr1"
"GOBP_PYRIMIDINE_RIBONUCLEOTIDE_METABOLIC_PROCESS",0.19258089976322,0.309433646697648,0.457156817339875,1.23642605435143,975,19,"awd;Dhod;r;l(2)k01209;Adk3"
"GOBP_HOST_MEDIATED_ACTIVATION_OF_VIRAL_PROCESS",0.193204267088107,0.31009653779226,0.41307560030281,1.20820900836745,977,27,"brm;Jra;crp;Taf11;Cdk9;Nnp-1"
"GOBP_VIRION_ASSEMBLY",0.193186293816463,0.31009653779226,0.422606743869266,1.2161175537782,980,25,"BicD;me31B;Vsp37A;RN-tre;CG5498;Mvb12"
"GOBP_EMBRYONIC_PLACENTA_DEVELOPMENT",0.193601312551272,0.310169838013389,-0.357501734458989,-1.18541809584355,943,46,"E(bx);grn;Hsf;svp;Egfr;Wnt2;Su(H);slbo;Dsor1;htl"
"GOBP_POSITIVE_REGULATION_OF_AMINE_TRANSPORT",0.193777077589602,0.310169838013389,0.422402527280423,1.2155298883373,983,25,"nAChRalpha1;Syt1;Rop;Rab3;Ance;Syx1A"
"GOBP_POSITIVE_REGULATION_OF_INTERLEUKIN_6_PRODUCTION",0.193605335425657,0.310169838013389,0.39996923797586,1.20746186696903,986,31,"Appl;sl;tup;Wnt5;p38a;Xbp1;p38b"
"GOBP_POSITIVE_REGULATION_OF_MORPHOGENESIS_OF_AN_EPITHELIUM",0.193770226537217,0.310169838013389,-0.446554195837281,-1.23249418806691,957,20,"Abl;arm;grn;rk;Pi3K92E;ko;Lim1"
"GOBP_POSITIVE_REGULATION_OF_TUMOR_NECROSIS_FACTOR_SUPERFAMILY_CYTOKINE_PRODUCTION",0.193756097560976,0.310169838013389,0.357709692210459,1.18442434772827,992,47,"Appl;sl;tup;Ptp10D;Wnt5;Prosbeta1;MAPk-Ak2;Ptp69D;HDAC1;Prosalpha5;fz2"
"GOBP_ADIPOSE_TISSUE_DEVELOPMENT",0.194190534227097,0.310662616474236,-0.369002024004274,-1.1903717115773,955,40,"acj6;adp;arr;kn;lace;Hmgs;Lip3;Roc1a;cindr"
"GOBP_VENTRICULAR_SYSTEM_DEVELOPMENT",0.194534412955466,0.31104361027988,-0.410612525946088,-1.21759022944402,960,27,"mnd;numb;Uch-L5;nrv1;Drip;Cdk4;CG15387;frj;CG12134;BBS4;Prip;Eglp2;Eglp3;BBS1"
"GOBP_PLATELET_MORPHOGENESIS",0.195279402864636,0.312065183719587,-0.440666528124883,-1.23262880781619,967,21,"csw;grn;betaTub85D;ush;bs;Tm2;Mef2"
"GOBP_REGULATION_OF_ERYTHROCYTE_DIFFERENTIATION",0.19550650374458,0.31225848752256,0.382205320219829,1.20021244054013,991,37,"emc;tj;Hsp68;put;HLH3B;Hsp70Aa;Hsp70Bb;Chi;p38a;CG3156;p38b;Actbeta"
"GOBP_GLUCOSE_METABOLIC_PROCESS",0.195660672400313,0.312335159089376,0.296186198173931,1.14511444679973,1000,114,"Ald1;Pka-C1;Hr3;Actn;Gbeta13F;Got1;Ldh;Pgm1;Zw;Pglym78;phr6-4;Pdk;Gpo1;AMPKalpha;Sirt1;flfl;p38b;Pfrx;Pdha;CG3793;Atf3;aralar1;CG7024;Efr"
"GOBP_GLYCOPROTEIN_METABOLIC_PROCESS",0.195993391160677,0.312357831416421,-0.271879876600195,-1.11756326409008,948,170,"arm;Gal;grn;Pgant35A;pip;rt;boca;Plc21C;hh;hop;Stt3B;alpha-Man-IIa;Uggt;Vang;sfl;Edem1;wit;NTPase;botv;beta4GalNAcTA;LManII;O-fut2;Sec71;sotv;AdamTS-B;xit;FucT6;Hs3st-B;Stt3A;Tango14;CG18558;CG3165;CG9662;CG3792;CG9109;CG9550;CG7840;C1GalTA"
"GOBP_MYELOID_CELL_ACTIVATION_INVOLVED_IN_IMMUNE_RESPONSE",0.195817100676645,0.312357831416421,-0.356561515201431,-1.186157366142,954,47,"csw;FER;grn;Pkc98E;mys;Snap25;Hr38;Pi3K92E;Shark;dos;Cbl;RhoGAP1A;LysRS"
"GOBP_POSITIVE_REGULATION_OF_EPITHELIAL_CELL_MIGRATION",0.195943284757779,0.312357831416421,0.421646752543258,1.21335502733969,994,25,"Jra;peb;sl;yrt;TkR86C;Gel;mbc;HDAC6"
"GOBP_POSITIVE_REGULATION_OF_CELL_SUBSTRATE_JUNCTION_ORGANIZATION",0.196189704094041,0.312501412801662,-0.453423549879095,-1.23494155179727,967,19,"Abl;Sdc;msn;tsr;Pi3K21B;mbt;siz;Tsc1"
"GOBP_MESENCHYMAL_CELL_PROLIFERATION",0.196660117878193,0.313081204977079,0.416109165935876,1.20776511968703,1000,26,"dpp;Dr;smo;so;sog;tkv;tup;Wnt5;gbb"
"GOBP_STEROID_METABOLIC_PROCESS",0.196938353330575,0.313354589236643,-0.269942019086027,-1.11747140780882,951,181,"arr;exd;ftz-f1;Atpalpha;sad;sr;Su(var)2-10;Mdr49;hh;14-3-3zeta;slbo;Jhe;htl;emp;Sply;Hmgs;Gem3;Rel;Cyp9b2;Cyp9c1;Hr96;Cpr;Ugt36A1;crq;Stat92E;ATPCL;Atet;Lip3;Ugt35B1;Ugt35A1;Ugt37C1;Ugt37A1;STUB1;Ugt49B1;CG4757"
"GOBP_ZINC_ION_TRANSPORT",0.197923029932804,0.314751110303951,-0.459576992277801,-1.23416459707796,971,18,"Catsup;rb;Mvl;Eaat1;ZnT35C;Zip42C.1;Zip42C.2;Zip48C;ZnT49B"
"GOBP_PEPTIDE_CATABOLIC_PROCESS",0.198340416919652,0.315074247612104,-0.468795460413488,-1.24357429017927,979,17,"Ide;Acer;Nep1;CG9806;Nep3;CG17633"
"GOBP_REGULATION_OF_RESPONSE_TO_WOUNDING",0.198292588280947,0.315074247612104,0.335572305335543,1.17085093273038,1021,61,"Act5C;fkh;for;peb;Raf;pum;Ras85D;Wnt5;Gel;croc;Xbp1;Rtca;Smox"
"GOBP_RESPONSE_TO_FORSKOLIN",0.199214145383104,0.316291427801993,0.415344526745506,1.20554573924825,1013,26,"Galphai;Jra;ss;l(2)03659;Ac3;Ac78C"
"GOBP_MICROVILLUS_ORGANIZATION",0.199555645324177,0.316662733842356,-0.474645432701422,-1.24066183974298,987,16,"csw;msn;Moe;Fim;promL"
"GOBP_EMBRYONIC_DIGIT_MORPHOGENESIS",0.199842333464722,0.316946708923565,0.380368593770597,1.19444469786986,1013,37,"bi;cta;dpp;Dr;in;tkv;N;Wnt5;HDAC1"
"GOBP_POSITIVE_REGULATION_OF_CHROMOSOME_SEGREGATION",0.200243210376976,0.317132172670682,-0.451642213048588,-1.23008991391846,987,19,"aurA;CycB;glu;Gcn5"
"GOBP_POSITIVE_REGULATION_OF_RECEPTOR_SIGNALING_PATHWAY_VIA_STAT",0.20028265697557,0.317132172670682,-0.483265075227855,-1.24327961372761,991,15,"Cam;Egfr;hop;nmo;Fak"
"GOBP_RIBOSOME_ASSOCIATED_UBIQUITIN_DEPENDENT_PROTEIN_CATABOLIC_PROCESS",0.20028265697557,0.317132172670682,-0.483386478715787,-1.2435919443497,991,15,"EloB;CG2701;Roc1a;Nulp1;CG11710"
"GOBP_REGULATION_OF_INTRACELLULAR_STEROID_HORMONE_RECEPTOR_SIGNALING_PATHWAY",0.200661736084079,0.317561499494008,0.348441049461558,1.17231851080064,1030,51,"brm;Dab;fkh;tup;Rho1;HDAC1;phr6-4;Lgr1;Pkn;cyc;Sirt1;HDAC6"
"GOBP_LYTIC_VACUOLE_ORGANIZATION",0.200772986167616,0.317566734035014,-0.310883061494319,-1.15281880000194,986,82,"ck;dor;hook;mnd;rb;fwd;CanA1;Rab7;Lip3;CREG;CG3558;Vha100-3;Vha100-2;Vha100-1"
"GOBP_CHROMOSOME_SEPARATION",0.200946112710819,0.317669781620219,-0.330810301328587,-1.16618446465411,976,62,"Mps1;aurA;CycB;rod;sw;ctp;glu;Rbf;robl;Bub3;RecQ5"
"GOBP_REGULATION_OF_CELLULAR_RESPONSE_TO_INSULIN_STIMULUS",0.201542520803735,0.318322567061659,-0.372527873263489,-1.18745594852584,992,38,"by;csw;sgg;gig;Myo61F;chico;Neos;Roc1a;Kank;trbl"
"GOBP_REGULATION_OF_CHOLESTEROL_STORAGE",0.201575439305191,0.318322567061659,-0.474141705143319,-1.23934516098467,997,16,"Jhe;emp;crq;Past1;Atet;CG4757;CG4822;CG5853"
"GOBP_CHLORIDE_TRANSPORT",0.201980606560759,0.318414160169023,-0.33993295735789,-1.17394733214744,978,56,"Axs;ort;Mdr49;Lcch3;Esp;tty;Drip;CG12773;Eaat1;CG10353;Clic;Ucp4A;Tspo;hoe2;CG7627"
"GOBP_MITOTIC_CYTOKINETIC_PROCESS",0.202026221692491,0.318414160169023,0.42560503850818,1.21050633790069,1016,24,"pbl;polo;sub;nuf;Rho1;CG5498;CG15602;CG3632"
"GOBP_PROTEIN_O_LINKED_GLYCOSYLATION",0.20195638883228,0.318414160169023,-0.325328594777219,-1.16178020340425,990,66,"arm;Pgant35A;pip;rt;Vang;sfl;botv;beta4GalNAcTA;O-fut2;sotv;FucT6;Hs3st-B;Tango14;CG18558;CG9109;CG9550;C1GalTA"
"GOBP_REGULATION_OF_MITOCHONDRIAL_OUTER_MEMBRANE_PERMEABILIZATION_INVOLVED_IN_APOPTOTIC_SIGNALING_PATHWAY",0.202066362010729,0.318414160169023,0.431425858980639,1.21843826475797,1016,23,"Hsp68;Dcp-1;Hsp70Aa;Hsp70Bb;Drice;CG14777;Decay;CG14778"
"GOBP_MEGAKARYOCYTE_DIFFERENTIATION",0.202185792349727,0.318431799300266,-0.377111613610252,-1.18913200709253,998,36,"csw;grn;hth;ush;bs;Ets97D;Mef2;cher;nito;Lnk"
"GOBP_AUDITORY_RECEPTOR_CELL_MORPHOGENESIS",0.202336171055237,0.318498135497328,0.476849339558242,1.23101297688663,1021,16,"osp;Sod1;Rac1;CG10939;Rac2;CG5921"
"GOBP_NEGATIVE_REGULATION_OF_BLOOD_PRESSURE",0.202705431051888,0.318747112344495,-0.482231186670275,-1.24061976381832,1003,15,"Nos;wit;Oamb;Sur;Snx6;CG2493;BBS4;hiro;CG9701;Gabat"
"GOBP_NEGATIVE_REGULATION_OF_MONOATOMIC_ION_TRANSMEMBRANE_TRANSPORT",0.202711028958718,0.318747112344495,-0.351629507168852,-1.17949961284359,986,49,"Cam;Atpalpha;Pkc98E;Su(dx);14-3-3zeta;CanA1;Nos;Ank;Fkbp12;fray;Amph"
"GOBP_ESTABLISHMENT_OF_MITOTIC_SPINDLE_LOCALIZATION",0.203019467620183,0.319061577851804,0.425371048226919,1.20984082247478,1021,24,"DCTN1-p150;Zw10;sty;toy;Dlc90F;HDAC3;Tip60;Ndc80"
"GOBP_AMYLOID_BETA_FORMATION",0.203441295546559,0.319553812865977,-0.398770606074089,-1.20218242474774,1004,29,"sgg;pigeon;Dif;Atet;Amph;nAChRalpha5;Gga;CG4822;aph-1;CG5853"
"GOBP_POSITIVE_REGULATION_OF_NUCLEOTIDE_METABOLIC_PROCESS",0.203891366031617,0.320089860653692,-0.45037649872814,-1.22664262229136,1005,19,"Eno;Gpdh1;Dsor1;Uch;Taz;raptor"
"GOBP_MACROPHAGE_ACTIVATION",0.204558852426803,0.320899044282226,0.360655276634631,1.17460644870652,1040,44,"Appl;EcR;Jra;sl;LysP;LysS;LysX;Wnt5;Ptp69D;Mhcl;Syt4;GIIIspla2;Sk1"
"GOBP_OLEFINIC_COMPOUND_METABOLIC_PROCESS",0.204624951418578,0.320899044282226,0.337017510721146,1.16823201405671,1052,59,"Dab;dpp;ninaB;mdy;Wnt5;Cyp18a1;Fdh;Aldh;Cyp9b1;gbb;Actbeta;Mgstl"
"GOBP_POSITIVE_REGULATION_OF_INTERLEUKIN_2_PRODUCTION",0.205008143322476,0.321328693476144,-0.410258254719481,-1.20437354795673,1006,26,"Abl;Prosbeta6;lz;Stat92E;Prosalpha7;Prosbeta3;Prosbeta5"
"GOBP_PROTEIN_K63_LINKED_UBIQUITINATION",0.205138662316476,0.321362057792904,-0.391484781391386,-1.19603551740735,1005,31,"ben;Su(dx);Cbl;Plap;ari-2;STUB1;CG10254;CG3473;Ubr1"
"GOBP_PROTEIN_REFOLDING",0.2053208773355,0.321476328430569,-0.413760511228504,-1.20475029334639,1010,25,"Hsc70-1;Hsc70-2;Hsc70-5;Hsp26;Hsp67Bc;l(2)efl;Fkbp12;snRNP-U1-70K"
"GOBP_NUCLEOSIDE_PHOSPHATE_CATABOLIC_PROCESS",0.205572876071707,0.32169968159732,0.301300430183716,1.13693713731599,1054,97,"Ald1;Appl;awd;Pka-C1;dnc;Actn;Ldh;Pgm1;ry"
"GOBP_REGULATION_OF_DNA_BIOSYNTHETIC_PROCESS",0.206219630709427,0.322455867863888,0.344928652451984,1.16588851898637,1060,52,"CycA;Hsp83;CCT1;mei-41;CCT5;Dp;cutlet;Ork1;pcm;l(1)G0020;Usp1;CCT2;CG8142;Pvf1;WDR79;CCT4;Ing5;CG10341"
"GOBP_REGULATION_OF_PEPTIDYL_TYROSINE_PHOSPHORYLATION",0.206275303643725,0.322455867863888,-0.40754064437677,-1.20848117224662,1018,27,"Egfr;mys;hop;htl;unc-119;Ack;Tsp;Snx6;cyst;Vps20;p130CAS;viaf;Pop2;TSG101"
"GOBP_NEGATIVE_REGULATION_OF_BINDING",0.206577392674281,0.32275660607952,0.417415199309352,1.20117806556103,1048,25,"bsk;Jra;crp;smo;wapl;E2f1;Hel89B;Rok"
"GOBP_NEGATIVE_CHEMOTAXIS",0.207073700849634,0.322963093068698,0.465719133186277,1.22021582397819,1047,17,"robo2;Wnt5;Sema1a;Sema2a;Rho1;PlexB;PlexA"
"GOBP_NEGATIVE_REGULATION_OF_CELLULAR_RESPONSE_TO_INSULIN_STIMULUS",0.20714865962632,0.322963093068698,-0.413082115383135,-1.20277500191201,1019,25,"by;sgg;gig;chico;Neos;Roc1a;Kank;trbl;CG9784"
"GOBP_OLFACTORY_LOBE_DEVELOPMENT",0.20699881376038,0.322963093068698,0.444795316644791,1.21802629151448,1046,20,"Dll;emc;robo2;Wnt5;Rac1;Sema2a;Rac2"
"GOBP_ORGANOPHOSPHATE_CATABOLIC_PROCESS",0.206856252434749,0.322963093068698,0.284935354208737,1.12689687474615,1061,132,"Ald1;Appl;awd;Pka-C1;dnc;Actn;Idh;Ldh;Pgm1;ry;sl;sws"
"GOBP_NEGATIVE_REGULATION_OF_SMOOTHENED_SIGNALING_PATHWAY",0.20792864222002,0.323325732893478,0.43968377362562,1.21600198376812,1048,21,"Pka-C1;hyd;run;Su(fu)"
"GOBP_REGULATION_OF_MESENCHYMAL_CELL_PROLIFERATION",0.207786967924148,0.323325732893478,-0.434846775323447,-1.21634984288563,1029,21,"arm;arr;zfh1;hh;htl;LamC;chico;RhoGAPp190"
"GOBP_REGULATION_OF_PLATELET_DERIVED_GROWTH_FACTOR_RECEPTOR_SIGNALING_PATHWAY",0.207763913646267,0.323325732893478,0.48258290490921,1.22248860860637,1048,15,"Ptp10D;CG10939;Lgr1;CG2082;CG15439;lbk"
"GOBP_SEMI_LUNAR_VALVE_DEVELOPMENT",0.207591933570581,0.323325732893478,0.444517925009168,1.21726668301009,1049,20,"dpp;robo2;pnr;N;Rho1;Dad;Smox;Rok"
"GOBP_STEM_CELL_DIVISION",0.2079307568438,0.323325732893478,-0.41856742678716,-1.20935106230555,1032,24,"fz;Wnt2;Psc;Nap1;Lis-1;Vang"
"GOBP_POSITIVE_REGULATION_OF_NON_CANONICAL_NF_KAPPAB_SIGNAL_TRANSDUCTION",0.209352801894238,0.325193211812486,0.450440280733478,1.21826051346882,1060,19,"Appl;Actn;Rho1;Tak1;Sk1;Pdcd4"
"GOBP_SPHINGOID_METABOLIC_PROCESS",0.209348385818974,0.325193211812486,0.481760005590112,1.22040402369175,1056,15,"ifc;wun;Eato;Sk1;CG1801"
"GOBP_MITOCHONDRIAL_RESPIRATORY_CHAIN_COMPLEX_ASSEMBLY",0.209516350107695,0.325275515576169,0.321931547967061,1.15193724402884,1069,71,"l(2)37Bb;l(3)87Df;ND-75;ND-23;RFeSP;CG10340;OXA1L;ECSIT;Surf1;Coa8;fh;sicily;ND-20;CG9921;ND-18;AIF;ND-B14.5B;ND-13A;CG4957;Ttc19;CG14757;CG11825;ND-B14;CG4627"
"GOBP_REGULATION_OF_EPITHELIAL_CELL_MIGRATION",0.210269941140654,0.326273294744622,-0.37005918758719,-1.17958685817918,1035,38,"ena;Pkc98E;Ptp99A;TkR99D;msn;Rab11;Fak;chb;wit;siz;Pten"
"GOBP_ANTIGEN_PROCESSING_AND_PRESENTATION",0.210926268227562,0.327108712950336,-0.352120430649607,-1.17419677275661,1026,48,"Ide;rb;shi;Calr;Dif;Mvl;Rab5;Rab6;Acer;IKKbeta;REG;Prosbeta5;Rab35;CG3165;Tsp;CG17134;MRP"
"GOBP_COLLAGEN_METABOLIC_PROCESS",0.211030706043419,0.327108712950336,0.386522119532122,1.18589654698893,1078,33,"dpp;emc;Got1;CrebA;Fur1;N;Wnt5;Actbeta;scf"
"GOBP_POSITIVE_REGULATION_OF_EPITHELIAL_TO_MESENCHYMAL_TRANSITION",0.211943319838057,0.328301498147224,-0.405417085204445,-1.20218417754606,1046,27,"arm;E(z);sax;Ser;elB;babo;Fak;Axn"
"GOBP_T_HELPER_1_CELL_DIFFERENTIATION",0.212023401250756,0.328301498147224,-0.432791246560131,-1.21060013464311,1050,21,"Prosbeta6;hop;Dif;Stat92E;Prosalpha7;Prosbeta3;Prosbeta5;Prosbeta4R2;Prosalpha6T"
"GOBP_GLYCEROL_METABOLIC_PROCESS",0.212829142744011,0.328932363189178,0.473356097954534,1.22199498023899,1074,16,"Got1;Gpo1;Gk1;CG17597;Coq3;Dgat2;CG1946;CG8298;Gk2;CG5577;CG5567"
"GOBP_INSULIN_SECRETION_INVOLVED_IN_CELLULAR_RESPONSE_TO_GLUCOSE_STIMULUS",0.212878048780488,0.328932363189178,0.352063592318568,1.16572936034804,1090,47,"Ald1;EcR;fkh;Raf;Rac1;lark;Rac2;Ork1;Osbp;Ac78C;Rip11;sut2;sut1"
"GOBP_LYMPHOCYTE_MEDIATED_IMMUNITY",0.212831585441086,0.328932363189178,-0.302025536184578,-1.13851307350581,1034,92,"csw;grn;betaTub85D;Ser;14-3-3zeta;CanA1;Pms2;Hem;Pi3K59F;Pi3K92E;tos;Stat92E;Pi3K21B;Crk;Hmt4-20;Ercc1;Vha100-3;Vha100-2;Vha100-1;Spt6;CG1812;galectin;CG11374;CG3165"
"GOBP_POSITIVE_REGULATION_OF_NEUROBLAST_PROLIFERATION",0.212684306200768,0.328932363189178,-0.468129782973146,-1.22363077313606,1052,16,"arm;asp;hh;otp"
"GOBP_ENDOCHONDRAL_BONE_MORPHOGENESIS",0.213417026284818,0.329246403424192,0.393920397919131,1.18920110335416,1087,31,"Dll;dpp;run;tkv;gbb;Gmap;CG15743;CG12237;Cbs"
"GOBP_NEGATIVE_REGULATION_OF_MAPK_CASCADE",0.213271064409418,0.329246403424192,0.307795839579703,1.1396426077086,1095,85,"Dab;dlg1;Ptp10D;gol;ash1;CG10939;Sema1a;Ance;Ptp69D;sty;Nf1;dod;loco;Spred;Xbp1;HDAC3;GlnRS;CG2082;ball;Atf3;Pink1"
"GOBP_NEGATIVE_REGULATION_OF_UBIQUITIN_DEPENDENT_PROTEIN_CATABOLIC_PROCESS",0.213311622226745,0.329246403424192,-0.354966159091154,-1.16869347543419,1047,44,"CkIIbeta;mor;hh;Taf1;kermit;Uch-L5;RpL11;Gcn5;CG1785;Usp7;wcy;CG8173"
"GOBP_NEGATIVE_REGULATION_OF_STRIATED_MUSCLE_CELL_APOPTOTIC_PROCESS",0.213710469455903,0.329526310869636,0.455402276163928,1.21543996943376,1087,18,"pnr;N;sv;Pdk1;gbb;Hand;CG6770"
"GOBP_CELL_CELL_ADHESION_MEDIATED_BY_CADHERIN",0.214680347277032,0.330688910580649,0.447671659997642,1.21077250348502,1087,19,"fkh;ft;N;Wnt5;Dad;gbb;stan;CG3309"
"GOBP_EXOCYTIC_PROCESS",0.214689265536723,0.330688910580649,0.346739671876591,1.15759906667628,1101,49,"Syb;Syt1;Rop;Rab3;nSyb;Syx1A;Rala;Syt4;GIIIspla2"
"GOBP_LEUKOCYTE_MEDIATED_CYTOTOXICITY",0.215253894396116,0.331385116333528,-0.361154374593605,-1.17239992288293,1063,41,"csw;betaTub85D;CanA1;Nos;Hem;Pi3K59F;Pi3K92E;Stat92E;Pi3K21B;Crk"
"GOBP_POSITIVE_REGULATION_OF_VASCULAR_ASSOCIATED_SMOOTH_MUSCLE_CELL_PROLIFERATION",0.215372456036356,0.33139422890113,0.462601947360252,1.21204858497048,1089,17,"Galphai;Jra;tkv;5-HT1A;Xbp1;Tak1;Marf;Pvf1"
"GOBP_CELLULAR_RESPONSE_TO_VIRUS",0.215520628683694,0.331448870667761,0.409169742354403,1.18762330489766,1096,26,"Hsp83;ci;p38a;Nnp-1;p38b;Smox;Fmr1;CG3008;Tom70"
"GOBP_NEGATIVE_REGULATION_OF_IMMUNE_RESPONSE",0.216243862520458,0.332213808634563,-0.307064670055095,-1.13973935520076,1056,83,"aurA;csw;dx;FER;Galphas;hop;14-3-3zeta;CanA1;pll;Hem;Shark;Stat92E;Crk;RhoGAP1A;Mkrn1;PGRP-LE;cactin;galectin;CG11374;CG3165;OtopLb"
"GOBP_TUMOR_NECROSIS_FACTOR_MEDIATED_SIGNALING_PATHWAY",0.216238437821172,0.332213808634563,-0.345910668416717,-1.16720697897423,1051,50,"cact;Hsc70-2;Su(var)2-10;mts;hop;Dif;Rel;Hr78;Shark;Ubc4;Fak;IKKbeta;Cdk5alpha"
"GOBP_PROTEIN_MATURATION",0.216473273730264,0.332392678139059,0.247565148677508,1.0884379126804,1137,338,"Ace;Acph-1;Pka-C1;tj;Hsc70-3;Hsp23;Hsp67Ba;Hsp68;Hsp83;CG5504;ninaA;shu;CCT1;alphaTub85E;wbl;Fur1;Fur2;Gel;Dcp-1;CCT5;Pfdn2;Cdc37;Ance;CalpA;Hsp70Aa;Hsp70Bb;Psi;Roe1;Drice;PIG-K;Spg7;CaBP1;CG17636;Pisd;MagR;CG6171;Trap1;goe;CG2790;ric8a;Decay;Sras;Fkbp59;PGAP1;CG3097;GAA1;Nf-YC;PIG-T;CCT2;fh;GCS1;prtp;ATP7;CG1847;Nep6;CG7872;CG9240;CG12379;CG4678;Ggt-1;CG7556;Alr;Spp;CG5001;AIF;Pgant2;CG17593;Nepl3;Hsp60C;Tsp26A;Pfdn1;Tg;PIG-U;FucTB;CCT4;CG9302;Ance-3;Tpr2"
"GOBP_REGULATION_OF_T_CELL_RECEPTOR_SIGNALING_PATHWAY",0.216865039338309,0.332820524639179,-0.431387554757866,-1.20667373941603,1074,21,"csw;janA;Moe;Cbl;Lip3"
"GOBP_RESPONSE_TO_ACID_CHEMICAL",0.217213950642464,0.333182191235729,-0.310431732613271,-1.13956622190982,1064,78,"Col4a1;mnd;neur;Egfr;zfh1;Lcch3;Nmdar1;Hmgs;Spn;tsr;Nca;Pi3K59F;Drip;Roc1a;CalpB;Eaat2"
"GOBP_CYTOPLASMIC_PATTERN_RECOGNITION_RECEPTOR_SIGNALING_PATHWAY",0.217961861800287,0.33415518364588,-0.300290376979948,-1.13396530814038,1062,93,"aurA;cact;Hsc70-2;Su(dx);mts;Ac76E;pll;Phb2;Dif;wts;abs;stumps;IKKbeta;CG2930;AlaRS-m;Tollo;Ppt1;CG1785;Tat;Ubqn;CG3165;Wdfy2;loqs;Lamp1;CG8046;Myd88;Sting;Tsp47F;CG9003"
"GOBP_PROTEIN_HOMOOLIGOMERIZATION",0.21813582409029,0.334214492265716,0.306510163628662,1.13488227340547,1120,85,"Ald1;Appl;pbl;Sh;Shaw;GluRIA;Sam-S;Shal;Aldh;rin;scu;Ac78C;GluClalpha;fal;SK;Shmt;CG11700"
"GOBP_REGULATION_OF_GLUCOSE_METABOLIC_PROCESS",0.218227749708511,0.334214492265716,0.333577595745467,1.15630794877113,1122,59,"Pka-C1;Hr3;Actn;Gbeta13F;phr6-4;Pdk;Sirt1;flfl;CG3793;Efr"
"GOBP_LEUKOCYTE_CHEMOTAXIS",0.218489026995533,0.334440539761113,0.32889496401699,1.15242045381163,1124,63,"Appl;dnc;rl;Ptp10D;Wnt5;Rac1;Rac2;CaMKI;sktl;myo;Drp1;fab1"
"GOBP_NUCLEAR_MEMBRANE_REASSEMBLY",0.21930360415394,0.335338463316472,-0.450457291336616,-1.20967422391597,1076,18,"Rcc1;lwr;Ankle2;p47;Vps20;CG5539;CHMP2B;Chmp1;Vps24"
"GOBP_VACUOLAR_TRANSPORT",0.219282051282051,0.335338463316472,-0.285972812469213,-1.11746141644254,1068,117,"cm;dor;hook;Hsc70-2;or;rb;ref(2)P;kst;scat;Pi3K59F;Rab7;Past1;Khc-73;Vps28;Lip3;AP-1mu;rush;CG3558;Sara;Amph;ZnT35C;Smurf"
"GOBP_HEART_VALVE_MORPHOGENESIS",0.219449901768173,0.33538784987115,0.407264065502906,1.18209203998199,1116,26,"dpp;robo2;pnr;tkv;N;Rho1;Dad;Smox;Rok"
"GOBP_INTESTINAL_ABSORPTION",0.219804798698658,0.335581586804075,-0.389331633082279,-1.18057536703283,1080,30,"cora;emp;Moe;Hr96;crq;Fim;Irp-1B;sut3;CG5966"
"GOBP_ORGANELLE_TRANSPORT_ALONG_MICROTUBULE",0.21978929973146,0.335581586804075,-0.331325743623124,-1.15239010272177,1063,58,"cm;or;rb;sw;Klp68D;Dsor1;Uch;Cdc42;Lis-1;Rab6;Khc-73;htt;gammaCOP;BORCS5;Arp10;CG5446;Cen;Lamp1"
"GOBP_CELLULAR_COMPONENT_ASSEMBLY_INVOLVED_IN_MORPHOGENESIS",0.219976680917217,0.3356698108187,0.332935277410413,1.15408142694851,1131,59,"Act5C;Actn;Pgm1;sqh;Tm1;up;Ten-m;pros;CalpA;Mlp84B;Rfx;mtm;Six4;Eato;GIIIspla2"
"GOBP_LIPID_LOCALIZATION",0.220328414051133,0.335901702879234,-0.258457152025112,-1.09533929394813,1059,223,"cact;csw;Got2;if;rdgB;ptc;w;Mdr49;Mdr65;hh;mys;Jhe;emp;scat;Nos;Rel;Shark;crq;Acer;Past1;colt;Orct;Atet;Lip3;chico;fz4;cert;CG4757;Dic1;rdgBbeta;fan;ced-6;slmo;Vap33;CG11655;CG6299;CG4301;CG9903;stas;CG4822;Tspo;Tango14;Vps52;Tsp;CG13784;Acbp1;CG7627;CG5853;CG17134;MRP;CG10383;CG2201;Vps13;prel;Sec24AB;Dh44-R2;CG4630;Dh44-R1;CG10104;Jhedup;Atg9"
"GOBP_NADH_DEHYDROGENASE_COMPLEX_ASSEMBLY",0.220495672698662,0.335901702879234,0.395624173704215,1.18404838961606,1120,30,"l(2)37Bb;ND-75;ND-23;OXA1L;ECSIT;sicily;ND-20;ND-18;ND-B14.5B;ND-13A;ND-B14;CG4627;CG5569;CG7506"
"GOBP_REGULATION_OF_AUTOPHAGOSOME_ASSEMBLY",0.220432220039293,0.335901702879234,0.40695219002099,1.18118681520065,1121,26,"Rala;lok;mtm;Rab3-GAP;fab1;Pink1;CG3632;CG6770"
"GOBP_REGULATORY_NCRNA_MEDIATED_HETEROCHROMATIN_FORMATION",0.220585346690238,0.335901702879234,0.452381114120221,1.20737667837385,1122,18,"aub;shu;spn-E;spen"
"GOBP_RESPONSE_TO_LEUKEMIA_INHIBITORY_FACTOR",0.220757825370675,0.335990440890081,-0.32931583643032,-1.15014736661996,1071,59,"dx;esc;ftz-f1;gro;Pfk;sesB;Iswi;Atet;PRL-1;fz4;nmdyn-D7;aru"
"GOBP_FOCAL_ADHESION_ASSEMBLY",0.221140743624684,0.336163786922856,0.339036456461585,1.15085524688083,1135,53,"Act5C;Actn;yrt;Ptp10D;Wnt5;Rac1;shot;Chi;Rac2;Rho1;sktl;Smox;Rok"
"GOBP_LEUKOCYTE_DEGRANULATION",0.221214511041009,0.336163786922856,0.359142225338014,1.16336241522734,1121,43,"AnxB10;Galphai;Syb;Galphaq;Rop;Rac1;nSyb;Rac2;Pdk1;Rab27;GIIIspla2;AP-1gamma"
"GOBP_TYPE_I_INTERFERON_MEDIATED_SIGNALING_PATHWAY",0.221052631578947,0.336163786922856,-0.401651916909721,-1.19101931569167,1091,27,"csw;hop;pll;Ubc4;Sin3A;CG12121;cactin;CG3165;Myd88;Sting"
"GOBP_KERATINOCYTE_PROLIFERATION",0.22154347383425,0.336489881270192,-0.449668345686891,-1.20755556087088,1087,18,"ptc;B52;14-3-3zeta;htl;CASK;Hr96;botv"
"GOBP_CHROMOSOME_ORGANIZATION_INVOLVED_IN_MEIOTIC_CELL_CYCLE",0.222134698700276,0.337073311121802,0.411466781404613,1.18406055492945,1127,25,"mei-W68;Ubc6;wapl;Mlh1;barr;SMC2;hdm;narya"
"GOBP_PLASMA_MEMBRANE_REPAIR",0.222156747200943,0.337073311121802,0.451376537795305,1.20469552748471,1130,18,"Rab3;Drice;CG5498;Syt4"
"GOBP_SECRETION_BY_TISSUE",0.223279352226721,0.338601986727326,-0.391734507601751,-1.18097054555354,1102,29,"mAChR-A;pk;Pkc98E;tin;Lac;Drip;fray;Hml;CG10353"
"GOBP_POSITIVE_REGULATION_OF_CYTOKINESIS",0.223710122095313,0.33908046326863,0.410799000600174,1.18213891035057,1135,25,"sti;pbl;stg;sub;pav;nuf;Rho1;Pkn"
"GOBP_NEUROBLAST_PROLIFERATION",0.224043715846995,0.339236547618043,-0.370172355458131,-1.16725070278803,1106,36,"arm;asp;numb;hh;alpha-Cat;htl;otp;Lis-1;Optix"
"GOBP_POSITIVE_REGULATION_OF_CHOLESTEROL_METABOLIC_PROCESS",0.223954222573007,0.339236547618043,0.443803507410264,1.20031070031412,1134,19,"Pka-C1;Galphai;rl;AMPKalpha;CG31689;CG9663"
"GOBP_VASCULAR_ENDOTHELIAL_GROWTH_FACTOR_PRODUCTION",0.224263979450701,0.339395384539076,0.458957129757119,1.20249891479818,1134,17,"pnr;tup;CG2082;SerRS;Pvr"
"GOBP_NEGATIVE_REGULATION_OF_NUCLEAR_DIVISION",0.224409448818898,0.339440924640204,0.361117066976253,1.16354652153749,1139,42,"dpp;fzy;polo;spn-B;Zw10;Rca1;gbb;Dlc90F;Cdlc2;Mad1;Rad1;CG3793;robl22E;Dlic;Ndc80"
"GOBP_MONONUCLEAR_CELL_MIGRATION",0.225420636529495,0.34079522747676,-0.311445948806622,-1.13660638056753,1111,75,"Abl;grn;Ptp4E;Plc21C;mys;Calr;Cdc42;Moe;Ret;Pi3K92E;Fak;fray;Crk"
"GOBP_REGULATION_OF_CYTOSOLIC_CALCIUM_ION_CONCENTRATION",0.22567940133911,0.341011196065568,0.409931623082812,1.17964289475233,1145,25,"eag;trpl;Wnt5;Calx;14-3-3epsilon;Ac78C"
"GOBP_RESPONSE_TO_MONOAMINE",0.22604228413357,0.341384188871132,0.374079880816647,1.16913407605189,1143,36,"Appl;Gbeta13F;Galphao;5-HT1A;5-HT7;CG10939;Dop1R1;HDAC1;csul"
"GOBP_REGULATION_OF_EPIDERMIS_DEVELOPMENT",0.226195179770842,0.341439824979895,0.402000333752051,1.17581484902498,1144,27,"awd;dpp;Dr;N;dpn;fus;Rok"
"GOBP_PEPTIDYL_THREONINE_PHOSPHORYLATION",0.226703755215577,0.342014174314736,0.42176982930326,1.19116758591559,1140,23,"baz;bsk;rl;Cdk1"
"GOBP_RIBONUCLEOTIDE_CATABOLIC_PROCESS",0.226808176100629,0.342014174314736,0.310771286903957,1.13280782206779,1153,79,"Ald1;Appl;Pka-C1;dnc;Actn;Ldh;Pgm1;ry"
"GOBP_MONOCARBOXYLIC_ACID_BIOSYNTHETIC_PROCESS",0.227132579650565,0.342285239697372,-0.286727004330248,-1.11349066538742,1104,112,"adp;cn;Cyp6a2;per;Su(P);Mdr49;Jhe;GstS1;htl;poe;ND-ACP;AcCoAS;Cyp6a9;Hydr2;Cyp9c1;ATPCL;Gcn5;Plap;CG4757;Cyp28a5;trbl;Men-b;Las;CG3603;CG5966"
"GOBP_REGULATION_OF_MACROPHAGE_DERIVED_FOAM_CELL_DIFFERENTIATION",0.227336967494448,0.342285239697372,-0.47240230765055,-1.21533334123698,1125,15,"cact;if;Pkc98E;mys;Rel;Atet"
"GOBP_VESICLE_TARGETING_TO_FROM_OR_WITHIN_GOLGI",0.22726372102239,0.342285239697372,0.427644112735297,1.19557324113476,1146,22,"dco;PpV"
"GOBP_PYRIMIDINE_NUCLEOSIDE_MONOPHOSPHATE_METABOLIC_PROCESS",0.227479706988715,0.34232496059376,0.466292944419577,1.20376105824734,1148,16,"Dhod;r;l(2)k01209;Ts;Shmt"
"GOBP_LIPID_EXPORT_FROM_CELL",0.22785813354468,0.342719135423542,0.427393938148151,1.19487382301326,1149,22,"Dab;l(2)03659;phr6-4;Surf4;gbb;Actbeta;Mgstl;GIIIspla2"
"GOBP_REGULATION_OF_ALTERNATIVE_MRNA_SPLICING_VIA_SPLICEOSOME",0.228701324372406,0.343811597498016,0.361471824494218,1.1578171048442,1156,41,"bru1;nau;tra2;heph;lark;qkr58E-3;qkr58E-1;qkr54B;Bin1;x16;Fmr1;CG15747;CG11454;CG4887"
"GOBP_POSITIVE_REGULATION_OF_ERYTHROCYTE_DIFFERENTIATION",0.229150275373721,0.344310577195857,0.392977442226059,1.1761270886624,1164,30,"emc;Hsp68;put;HLH3B;Hsp70Aa;Hsp70Bb;p38a;CG3156;p38b;Actbeta"
"GOBP_REGULATION_OF_NUCLEOTIDE_METABOLIC_PROCESS",0.229437229437229,0.344565762636207,-0.333724136517861,-1.14948828670222,1112,55,"Eno;Gpdh1;Hex-C;Men;mts;Arl2;nvy;Dsor1;Uch;Taz;Mtch;Men-b;raptor"
"GOBP_NUCLEOBASE_CONTAINING_COMPOUND_TRANSPORT",0.229858803986711,0.345022755780053,-0.273612976862126,-1.10349859938878,1106,149,"e(y)2;Hsf;mago;mle;sbr;sesB;e(r);La;eIF4E1;Smg5;drongo;Nup154;Cbp80;qkr58E-2;Sec13;Dbp80;CNT2;Nsun2;mbo;mRpL18;Tnks;Nup93-1;nito;Ythdc1;Nxt1;Spt6;Upf2;BORCS5;Set2;CG9915;Nup35;Elys;Ntf-2;Ent1;Rim2"
"GOBP_ENDOSOME_TO_LYSOSOME_TRANSPORT",0.230300648457457,0.34550969289232,0.354199532401557,1.15358094513389,1171,44,"cad;car;g;lt;Rho1;Rilpl;mtm;CG5498"
"GOBP_AXONEME_ASSEMBLY",0.230514419329696,0.345654139484182,0.336281870610263,1.14498664136504,1182,54,"kl-2;Ubc6;Dhc36C;tilB;Gas8;CG2256;CG10958;GIIIspla2;Cluap1;TTLL3B;gudu;Rsph1;CG15143;CG15144;CG10750;CG13436;CG13502;Rsph4a;CG12020;CG17687;CG13032;Wdr92;CG17122"
"GOBP_CHROMOSOME_CONDENSATION",0.230632058648702,0.345654364006359,0.426042409601685,1.19109532749171,1163,22,"polo;Cdk1;wapl;barr;SMC2;Trf4-1;HP1b"
"GOBP_APOPTOTIC_PROCESS_INVOLVED_IN_DEVELOPMENT",0.23103240088549,0.34576216067132,-0.415075694091201,-1.18817065372122,1147,23,"arr;Hsp26;Hsp67Bc;Ser;l(2)efl;Hr96;Optix"
"GOBP_MACROPHAGE_DIFFERENTIATION",0.231174089068826,0.34576216067132,-0.389541388594083,-1.17435890195133,1141,29,"grn;Hsf;tin;retn;slbo;Cdc42;dia;scat;Rbf;dos"
"GOBP_NEURON_PROJECTION_REGENERATION",0.231029002781089,0.34576216067132,0.414026527383251,1.1775747233002,1162,24,"Jra;Raf;pum;tup;Dhfr;syd;Rtca"
"GOBP_PROTEIN_LOCALIZATION_TO_CHROMATIN",0.23109756097561,0.34576216067132,-0.394439623975886,-1.17808830322535,1136,28,"aurA;E(z);rec;Su(var)2-10;Cdk2;hop;CG14803"
"GOBP_REGULATION_OF_SUPEROXIDE_METABOLIC_PROCESS",0.231439318946743,0.345982965620589,0.464389378908022,1.19884689846419,1168,16,"Appl;Galphai;Sod1;Dhfr;gbb"
"GOBP_POSITIVE_REGULATION_OF_LIPID_TRANSPORT",0.231884057971014,0.34647176157985,0.376504081420067,1.16321824631502,1183,34,"Dab;EcR;usp;Acbp2;gbb;Sirt1;Mgstl;nes;GIIIspla2;CG31689;CG9663;CG17597;CG17002"
"GOBP_DETECTION_OF_BIOTIC_STIMULUS",0.232737611697807,0.346690660058201,-0.405212855524554,-1.17986200546657,1145,25,"dac;emp;wts;Hr38;crq;PGRP-LE;Tspo;CG11034;PGRP-SC1b"
"GOBP_NEGATIVE_REGULATION_OF_MRNA_PROCESSING",0.23271434215725,0.346690660058201,0.394187456976906,1.17208099089175,1177,29,"SmF;heph;Nlp;SmD3;Bin1;x16"
"GOBP_NEGATIVE_REGULATION_OF_PEPTIDE_SECRETION",0.232360097323601,0.346690660058201,-0.380607220386282,-1.16845045324383,1145,32,"csw;Pfk;babo;Nca;Fkbp12;chico;Sur;Sirt4"
"GOBP_REGULATION_OF_LYMPHOCYTE_APOPTOTIC_PROCESS",0.23271434215725,0.346690660058201,0.394393307780146,1.17269306976226,1177,29,"Hr3;dpp;Wnt5;Diap2;arg;foi;mino;CG15890;Zir"
"GOBP_RESPONSE_TO_PROGESTERONE",0.232539197719405,0.346690660058201,-0.44547651475663,-1.19629866720999,1141,18,"Pgi;TkR99D;Lcch3;scat;Hydr2"
"GOBP_SPINDLE_LOCALIZATION",0.232434640522876,0.346690660058201,-0.373921631697095,-1.16283322066048,1137,34,"asp;capu;gro;mys;tsr;Lis-1;chb;Eb1;htt"
"GOBP_LIPID_BIOSYNTHETIC_PROCESS",0.232879303821415,0.346726169960831,0.240037332797042,1.07280056792116,1230,397,"awd;brn;Pka-C1;Dab;dpp;EcR;Galphai;Idh;ifc;ninaB;rl;sl;Zw;pros;mdy;Wnt5;Gel;Cds;Cyp18a1;l(2)03659;Aldh;CalpA;Cyp6a8;Cyp6a22;Pi3K68D;dare;Cyp6a17;Lgr1;sktl;Pdk;Osbp;Ttc7;Xbp1;AMPKalpha;PIG-K;gbb;Sirt1;Npc1a;Actbeta;Fpps;Gk1;mtm;Mgstl;CG17636;Tip60;Pisd;nes;Agpat2;bgm;CG7115;mino;CG7601;CG17841;Eato;fab1;CG33090;Fad2;PGAP1;GAA1;spidey;GIIIspla2;PIG-T;CG10962;Sk1;CG1492;Agpat1;CG15743;CG1998;jub;dob;Pis;Mvd;CG3632;CG4239;CG4829;Ggt-1;Pvf1"
"GOBP_CELLULAR_RESPONSE_TO_ALKALOID",0.233459169481423,0.347413695808976,0.419887683864003,1.18585200740936,1174,23,"CycA;Ca-alpha1D;5-HT1A;Dcp-1;Calx;Drice;Ac78C;Decay;CG4239;Tg;Nedd8"
"GOBP_VITAMIN_TRANSMEMBRANE_TRANSPORT",0.233818770226537,0.347772913046751,-0.429766918619672,-1.18616112973481,1155,20,"emp;crq;Orct;CG17036;CG4630;Tpc2"
"GOBP_NUCLEOSIDE_MONOPHOSPHATE_METABOLIC_PROCESS",0.234818611987382,0.349083555566891,0.356077455590974,1.1534347662808,1190,43,"Aprt;bur;Dhod;dlg1;r;ry;l(2)k01209;dnk;Ts;Adk3"
"GOBP_REGULATION_OF_EMBRYONIC_DEVELOPMENT",0.236252545824847,0.351037873644798,-0.313699678099636,-1.13076302610203,1159,70,"arm;gro;LanA;Plc21C;Uch-L5;tsr;pnut;Hr78;Lis-1;Gcn5;Rack1;Roc1a;Lim1;beta4GalNAcTA;NC2beta"
"GOBP_POSITIVE_REGULATION_OF_SYNAPSE_ASSEMBLY",0.237018937080024,0.351998845476745,-0.443978679731115,-1.19227632711939,1163,18,"Lar;stau;ct;Wnt2;siz"
"GOBP_CILIUM_ORGANIZATION",0.23752417794971,0.352570195814283,0.254010245236042,1.08360597332542,1227,248,"fy;DCTN1-p150;in;kl-2;dco;porin;Klp64D;Ubc6;N;faf;Gel;l(2)03659;CG10939;Sas-4;Arp2;nuf;Dhc36C;tilB;Rab10;Rfx;RN-tre;Vha36-1;Dlc90F;stan;Rilpl;Gk1;CG3062;SkpA;Cdlc2;SAK;HDAC6;Kap3;robl22E;Tektin-A;CG13243;Gas8;Atg5;CG2256;CG10958;GIIIspla2;CG15208;CG4789;Cp110;Cluap1;Tbc1d15-17;CG13693;BBS8;CG14339;IFT57;Cep97;CG7742;CG14020;CG7236;CG13999;CG9107;Fbw5;TTLL3B;gudu;CYLD;Bug22;CG6614;Rsph1;CG15143;CG15144;CG10750;sky"
"GOBP_REGULATION_OF_COLLAGEN_METABOLIC_PROCESS",0.237643337287465,0.352570195814283,0.433038989332993,1.18583279661567,1201,20,"dpp;Got1;CrebA;N;Wnt5;Actbeta"
"GOBP_NEGATIVE_REGULATION_OF_INTRACELLULAR_STEROID_HORMONE_RECEPTOR_SIGNALING_PATHWAY",0.238506876227898,0.352606648172098,0.400890892518701,1.16359377879915,1213,26,"brm;Dab;tup;Rho1;HDAC1;phr6-4;cyc;Sirt1"
"GOBP_NEGATIVE_REGULATION_OF_OXIDATIVE_STRESS_INDUCED_INTRINSIC_APOPTOTIC_SIGNALING_PATHWAY",0.237864077669903,0.352606648172098,-0.428241203142237,-1.18195013927473,1175,20,"arm;fz;P5cr;Rack1"
"GOBP_POSITIVE_REGULATION_OF_DOUBLE_STRAND_BREAK_REPAIR",0.238448844884488,0.352606648172098,-0.3230917353561,-1.1342124896701,1155,61,"Act42A;ben;capu;mor;mus301;Su(var)2-10;Snr1;mre11;Hmt4-20;CG11403;CG3473;Bap111;Ing3;Art2;Gas41;YL-1;d4;MrgBP"
"GOBP_POSITIVE_REGULATION_OF_SUBSTRATE_ADHESION_DEPENDENT_CELL_SPREADING",0.238325281803543,0.352606648172098,-0.407479540594991,-1.17731525137743,1183,24,"Abl;sgg;mys;cdi;Calr;Cdc42;cher;Crk"
"GOBP_REGULATION_OF_CYTOKINESIS",0.238085413657933,0.352606648172098,-0.331045615515106,-1.14325518823969,1153,56,"aurA;Cam;Pkc98E;neb;Cdc42;kermit;Pi3K59F;Rab11;Khc-73;aurB;Roc1a"
"GOBP_REGULATION_OF_GTPASE_ACTIVITY",0.237928348909657,0.352606648172098,0.323461349455967,1.13647242255296,1221,64,"pbl;RanGAP;Sod1;Sema2a;Nf1;Apc;sktl;RN-tre;Nnp-1;PlexB;Rip11;Rab3-GAP;Rich;Graf;RhoGAP15B;Zir;Tbc1d15-17;CG9098;CG9135;Tg"
"GOBP_RNA_SPLICING",0.238276299112801,0.352606648172098,-0.24473621644216,-1.07511689492562,1127,310,"ecd;e(y)2;fl(2)d;Hsc70-2;l(1)10Bb;mago;mle;Rm62;sm;su(w[a]);vir;vls;Hrb87F;B52;fs(1)h;Bx42;U2af50;Rox8;Rbp9;RpS13;Spn;Taf12;Gem3;Rnp4F;noi;abs;nonA-l;Spx;Pitslre;snRNP-U1-70K;U2af38;Gcn5;Pi3K21B;ytr;ubl;Cbp80;qkr58E-2;Es2;vig;Srp54;Srpk79D;TBPH;Taf10b;nito;Ythdc1;Prp18;cyp33;CG4119;hfp;CG4935;Spt6;CG3918;CG3198;Zpr1;CG1622;CG9213;CG9915;Spt7;cactin;CG4291;Cwc25;Art2;CG15432;CG3225"
"GOBP_ATTACHMENT_OF_MITOTIC_SPINDLE_MICROTUBULES_TO_KINETOCHORE",0.238845144356955,0.352752216213937,-0.465932133587153,-1.19868774460143,1182,15,"aurA;dup;Gcn5;Eb1;Klp10A"
"GOBP_HEAD_MORPHOGENESIS",0.238776710448932,0.352752216213937,0.362539648085873,1.15220636511684,1217,39,"Dll;Dr;Raf;Ras64B;Ssdp;Ag5r;Nipped-B"
"GOBP_AMIDE_BIOSYNTHETIC_PROCESS",0.23908807482463,0.352756828552688,0.292066836351547,1.1131166932466,1226,103,"Hsp23;ifc;r;fbl;Pdk;Osbp;AMPKalpha;arg;DIP2;CG17636;Ass;bgm;Pdha;CG17841;CG7024;CG15771;Pdp;spidey;CG1628;Sk1;CG1492;dob;CG4829;Gss1;Ggt-1;CG9547;CG8673;Argl;Hacd1"
"GOBP_POSITIVE_REGULATION_OF_LEUKOCYTE_MIGRATION",0.23897275044109,0.352756828552688,0.362351941298959,1.15160980428329,1218,39,"Appl;rl;Ptp10D;TkR86C;Wnt5;Rac1;Rac2;Rho1;CaMKI;myo;Drp1"
"GOBP_REGULATION_OF_LYMPHOCYTE_MEDIATED_IMMUNITY",0.239341085271318,0.352953119232189,0.330372769829771,1.13853870808153,1234,57,"rl;ss;drk;Mlh1;Ptp69D;spel1;fz2;Dad;AMPKalpha;arg;WASp;Tak1;CG6171;CG18659;Spn42Dd;AP-1gamma"
"GOBP_PURINE_NUCLEOSIDE_MONOPHOSPHATE_METABOLIC_PROCESS",0.239757820383451,0.353390534853764,-0.417472163524187,-1.18157252229838,1187,22,"Pfas;Gart;ras;Prat;CASK;Paics"
"GOBP_ESTABLISHMENT_OF_PROTEIN_LOCALIZATION_TO_MITOCHONDRION",0.240156709108717,0.353551947845854,0.289527604233963,1.10985677129298,1225,107,"bsk;Hsp68;Hsp83;Rac1;eff;Hsp70Aa;Hsp70Bb;Rac2;Roe1;Rala;dod;Tom40;fz2;AMPKalpha;Tim9b;Tim8;OXA1L;Aos1;CG14270;Marf;Pink1;CG1847;Tim9a;CG9240;CG12379;Alr;AIF;Hsp60C;Tom70;ttm3;CG7791;tomboy40;Tom7;rho-7"
"GOBP_MALE_MEIOSIS_I",0.240227853074052,0.353551947845854,0.445705805615727,1.18956070074412,1222,18,"CycA;mei-W68;Myb;spn-E;RpL10;CG11700;hdm"
"GOBP_PEPTIDE_METABOLIC_PROCESS",0.240106622923929,0.353551947845854,-0.344081543567818,-1.14464079844935,1170,47,"Hsp26;Hsp67Bc;Ide;mnd;svr;Acer;Eaat2;Eaat1;Nep1;CG9806;PGRP-LE;Nep3;galectin"
"GOBP_CELLULAR_RESPONSE_TO_LIGHT_STIMULUS",0.24062806673209,0.353793532414105,0.320049721798844,1.12762882115747,1225,66,"Arr1;Galphai;pho;mei-41;Xpac;PCNA;p38a;phr6-4;Nlp;Gcn2;Sirt1;p38b"
"GOBP_CEREBELLAR_CORTEX_DEVELOPMENT",0.240949069339333,0.353793532414105,-0.375686153182569,-1.15998264590502,1177,33,"csw;E(z);Wnt2;neb;Dsor1;Gug;Cdk5;Lim1;beta4GalNAcTA;CG17754;Slc25A46a"
"GOBP_NOREPINEPHRINE_TRANSPORT",0.240778273206323,0.353793532414105,-0.436184919515139,-1.18799052568008,1187,19,"Act42A;Orct;Ent1;CG4630;Ent3;CapaR;PK2-R2;PK2-R1;Octalpha2R;CG6356;AdoR"
"GOBP_REGULATION_OF_TRANSLATIONAL_FIDELITY",0.240864122753887,0.353793532414105,-0.465120787763726,-1.19660042281126,1192,15,"RpS5a;ThrRS;LeuRS-m;IleRS;AlaRS-m"
"GOBP_RESPONSE_TO_INTERLEUKIN_1",0.240993283126399,0.353793532414105,-0.348486173288698,-1.14735871736141,1183,44,"cact;cn;sr;Plc21C;Psc;hep;pll;Dif;tsr;IKKbeta;AdamTS-B;cactin;galectin;CG11374"
"GOBP_APOPTOTIC_PROCESS_INVOLVED_IN_MORPHOGENESIS",0.241163401333064,0.353866696619389,-0.455625541173732,-1.19094630054532,1193,16,"arr;Hsp26;Hsp67Bc;Ser;l(2)efl;Hr96"
"GOBP_AMINO_ACID_TRANSPORT",0.241863303498779,0.354187077597516,-0.305267546650616,-1.11897029279416,1188,77,"arr;cn;mnd;Atpalpha;per;mys;kermit;scat;Mvl;tty;Acer;Orct;mGluR;Eaat2;Eaat1;Sur"
"GOBP_GENITALIA_DEVELOPMENT",0.241769339527368,0.354187077597516,-0.455116542911602,-1.18961584484763,1196,16,"arm;csw;rk;TkR99D;hh"
"GOBP_NEGATIVE_REGULATION_OF_RNA_SPLICING",0.241736749462155,0.354187077597516,0.378206556530827,1.16038339534461,1235,33,"SmF;heph;Nlp;angel;SmD3;Bin1;x16"
"GOBP_TRANSCRIPTION_PREINITIATION_COMPLEX_ASSEMBLY",0.241762767710049,0.354187077597516,-0.324290879870523,-1.13259752566096,1173,59,"Tbp;TfIIB;Taf1;Taf5;Taf6;TfIIA-L;Taf12;Snr1;TfIIEalpha;TfIIEbeta;MED6;Taf10b;MED18;MED15;Rpt4;NC2beta"
"GOBP_LONG_CHAIN_FATTY_ACYL_COA_METABOLIC_PROCESS",0.242622301445831,0.354592553826942,0.468716182262243,1.18736115112254,1224,15,"mdy;bgm;spidey;Hacd1;Dgat2;CG1946"
"GOBP_REGULATION_OF_MUSCLE_ORGAN_DEVELOPMENT",0.242400158950924,0.354592553826942,0.416277973892847,1.17565741971374,1219,23,"dpp;Actn;nau;tap;AMPKalpha;mtm;Smox;drpr"
"GOBP_SPERMATID_DIFFERENTIATION",0.242536585365854,0.354592553826942,0.288323522708621,1.10997037282399,1242,110,"aub;Pka-C1;E(Pc);mei-W68;porin;me31B;Ubc6;Fur1;Su(fu);l(2)03659;fbl;Lgr1;Ran;Rfx;Osbp;Gk1;Tip60;Six4;Fmr1;CG10958;GIIIspla2;CG8565;CG8915;CG6659"
"GOBP_STEROL_TRANSPORT",0.242566191446029,0.354592553826942,-0.310621178192421,-1.12575314007991,1190,72,"cact;ptc;Mdr65;hh;Jhe;emp;scat;Rel;crq;Atet;Lip3;CG4757;fan;Vap33;CG4822;Tspo;Tango14;Vps52;CG7627;CG5853;CG10383"
"GOBP_ESTABLISHMENT_OF_PROTEIN_LOCALIZATION_TO_PLASMA_MEMBRANE",0.244016227180527,0.35645270127364,-0.349781659818271,-1.14723638105634,1202,43,"comt;Moe;Ank;Rab11;Rab7;Khc-73;Rack1;Amnionless;Grip;Gga"
"GOBP_CELL_FATE_COMMITMENT_INVOLVED_IN_FORMATION_OF_PRIMARY_GERM_LAYER",0.244156354350815,0.356480394292853,0.44449910826603,1.18634010158027,1242,18,"eya;dpp;so;tkv;sv;croc;Atu"
"GOBP_DETECTION_OF_EXTERNAL_BIOTIC_STIMULUS",0.246315364425601,0.359454266934582,-0.463167556725683,-1.19157541178734,1219,15,"emp;Hr38;crq;PGRP-LE;PGRP-SC1b;PGRP-LF;Tep4;Tep2;Tep1;PGRP-SC2"
"GOBP_NON_MOTILE_CILIUM_ASSEMBLY",0.246502463054187,0.359548957018056,0.364042500911712,1.14852841167098,1250,38,"fy;DCTN1-p150;in;dco;Sas-4"
"GOBP_REGULATION_OF_LEUKOCYTE_MIGRATION",0.246782431052094,0.359778945567523,-0.310552057117108,-1.12171516089534,1207,71,"Abl;if;Plc21C;TkR99D;mys;Calr;Moe;Hem;CASK;Fak;fray;Crk;RhoGAP1A"
"GOBP_SODIUM_ION_HOMEOSTASIS",0.247466558573166,0.360597630174469,-0.43349322860034,-1.18065945309647,1220,19,"Atpalpha;Vha55;nrv1;Eaat1;sotv"
"GOBP_RESPONSE_TO_GROWTH_HORMONE",0.24773048214646,0.360803504195487,-0.419893491831573,-1.1745226406201,1227,21,"hop;Hmgs;sba;Stat92E;Fak;Pi3K21B"
"GOBP_HINDBRAIN_MORPHOGENESIS",0.248170731707317,0.361265854865377,-0.389754802904384,-1.16409596429295,1220,28,"Abl;csw;Wnt2;neb;Dsor1;Cdk5;Lim1"
"GOBP_NEGATIVE_REGULATION_OF_PROTEIN_LOCALIZATION_TO_MEMBRANE",0.248536240662225,0.361441964912085,-0.462213988556641,-1.18912219940837,1230,15,"Chc;numb;14-3-3zeta;CHOp24;galectin;CG11374"
"GOBP_RENAL_WATER_HOMEOSTASIS",0.248537421827718,0.361441964912085,-0.419483637596576,-1.17337619970658,1231,21,"Galphas;rut;Ac76E;Vha55;Drip;Ac13E"
"GOBP_MEMBRANE_DOCKING",0.248713197446984,0.361518886802879,-0.334356723466603,-1.13773205030795,1207,52,"Cam;dor;Snap25;Moe;Syx5;Rab7;unc-13;fan;Vap33"
"GOBP_VESICLE_DOCKING_INVOLVED_IN_EXOCYTOSIS",0.248956884561892,0.361694397225227,0.413596585941686,1.1680846105871,1252,23,"Syb;Rop;Syx1A;Rala"
"GOBP_RESPONSE_TO_SALT_STRESS",0.249236408063531,0.361921773209727,-0.440059438156416,-1.18175145472551,1223,18,"cn;Irbp;Drip;CalpB;MICU1;Swip-1;Prip;Eglp2;Eglp3"
"GOBP_CELLULAR_RESPONSE_TO_TOXIC_SUBSTANCE",0.250485814224641,0.363556618376365,0.325635439289593,1.12877738689456,1288,59,"Cat;cl;Shaw;Sod1;Dhfr;Fdh;Aldh;gbb;Mgstl;heix;Pink1;ATP7;Rab40"
"GOBP_GLUTAMATE_RECEPTOR_SIGNALING_PATHWAY",0.250888976689056,0.363782833622081,0.387738402459619,1.15290530664521,1269,29,"Appl;dlg1;Galphaq;GluRIA;CalpA"
"GOBP_RESPONSE_TO_EPIDERMAL_GROWTH_FACTOR",0.250888976689056,0.363782833622081,0.39341263040288,1.15069658849337,1269,27,"Dab;r;rl;sl;Gel;Sap47;Pdk1"
"GOBP_PHOSPHOLIPID_METABOLIC_PROCESS",0.251239669421488,0.36411187558523,-0.256198552294828,-1.07781609793672,1215,206,"mAChR-A;ChAT;eas;lace;rdgB;fwd;Plc21C;emp;Phb2;Hmgs;Pi3K59F;Pi3K92E;Lis-1;crq;Ipp;qm;Pi3K21B;Dgkepsilon;Ocrl;Plap;Sbf;Paf-AHalpha;CalpB;Inos;Pten;Taz;EDTP;cert;fan;Vap33;CG9784;galectin;CG11374;Ipk2;PGAP2;Tango14;CG2818;CG11029;frj;Acbp1;PGAP5;CG7840;IP3K1;Pect;CG10383;CG2201;PGAP3;PIG-G;puml;bbc;CG5065;Hyccin;PIG-A;PIG-O;CG15111;EndoB;CG11200;PIP5K59B;sigmar;CG3376;Pcyt2;PIG-Wb;PIG-B;Ctl1;Fitm;iPLA2-VIA;CG7394;Pldn;CG8745;bmm;CG17026;CG17028"
"GOBP_PROTEIN_TETRAMERIZATION",0.251651768363778,0.364529543341326,0.325509408373555,1.12834051537841,1294,59,"Ald1;Appl;Shaw;GluRIA;Sam-S;Shal;Aldh;scu;Pex5;OXA1L;fal;SK;Shmt;CG11700"
"GOBP_GRANULOCYTE_MIGRATION",0.251971608832808,0.364537956696173,0.350978766226978,1.1369186811354,1277,43,"dnc;rl;Ptp10D;Rac1;Rac2;CaMKI;sktl;myo;Drp1;fab1"
"GOBP_JNK_CASCADE",0.251908396946565,0.364537956696173,0.297317233626059,1.1087629285577,1286,91,"Appl;bsk;Jra;Ras85D;Wnt5;Sema2a;Ask1;Diap2;RtGEF;syd;sns;Mkk4;Smox;HDAC3;Eph;Traf4;Tak1;Pink1;slpr;Pdcd4;CG7378;Cbs;Wdr62;CG9098;Daxx;Pvr;CYLD;Hacd2;CG17002;Gadd45"
"GOBP_POSITIVE_REGULATION_OF_RECEPTOR_INTERNALIZATION",0.252029301128489,0.364537956696173,0.455470976165138,1.17582354790285,1272,16,"Appl;sl;Fmr1;CG4701"
"GOBP_CD8_POSITIVE_ALPHA_BETA_T_CELL_HOMEOSTASIS",0.252170401776701,0.364562811806906,-0.460875748150309,-1.18567935385477,1248,15,"Prosbeta6;Prosalpha7;Prosbeta3;Prosbeta5;Prosbeta4R2;Prosalpha6T"
"GOBP_NEGATIVE_REGULATION_OF_RESPONSE_TO_CYTOKINE_STIMULUS",0.25232167555819,0.364602342579664,0.366264806710423,1.14470916064476,1276,36,"EcR;CG5504;robo2;Ptp69D;Diap2;arg;Pli;fal"
"GOBP_CHOLESTEROL_STORAGE",0.252629449838188,0.364688832887119,-0.422869623860428,-1.16712452503286,1248,20,"Jhe;emp;crq;Past1;Atet;Lip3;CG4757;CG4822;CG5853"
"GOBP_REGULATION_OF_PRODUCTION_OF_MOLECULAR_MEDIATOR_OF_IMMUNE_RESPONSE",0.252527336496802,0.364688832887119,-0.32745907129738,-1.13086917527774,1223,56,"grn;Hex-C;mnd;Pgi;hop;pll;Phb2;Pms2;Hr38;Stat92E;mspo;Hmt4-20;Spt6;Tollo;galectin;CG11374;CG3165"
"GOBP_BONE_MINERALIZATION",0.25314368171511,0.365251942916064,-0.327984020157409,-1.12971687732952,1227,55,"grn;pk;rk;sax;htl;Mef2;Hr96;Fak;Tsf1;wit;Mipp1;Axn"
"GOBP_SENSORY_PERCEPTION_OF_CHEMICAL_STIMULUS",0.253506600660066,0.365596283893095,-0.3196690888138,-1.12219730007782,1228,61,"fz;Galphas;Plc21C;Itpr;Galphaf;Pxn;Ugt36A1;Ugt35B1;Ugt35A1;Ugt37C1;Ugt37A1;Ugt49B1"
"GOBP_POSITIVE_REGULATION_OF_ACTIN_FILAMENT_POLYMERIZATION",0.253634577603143,0.365601630234418,0.397067665619415,1.15249678677971,1290,26,"dlg1;rst;Ten-m;drk;Rac1;dock;Rac2;sns"
"GOBP_GOLGI_ORGANIZATION",0.254195661072452,0.365783258674947,-0.297314175601727,-1.10868190264404,1241,86,"hook;kst;14-3-3zeta;Dsor1;Cdc42;Syx5;Rab2;Rab19;Rab6;Past1;Fak;chb;dimm;btv;Cog2;htt;Sec71;CHOp24;pod1;p24-1;Tango2;HUWE1"
"GOBP_NEGATIVE_REGULATION_OF_SMALL_GTPASE_MEDIATED_SIGNAL_TRANSDUCTION",0.254257907542579,0.365783258674947,-0.375136575161873,-1.15165576951316,1253,32,"Abl;mts;mew;mys;RhoGAPp190;Kank;cindr"
"GOBP_POSITIVE_REGULATION_OF_PROTEIN_UBIQUITINATION",0.254098360655738,0.365783258674947,0.316259865281771,1.1190881939982,1301,67,"bsk;fzy;Hsc70-3;CG5504;eff;Diap2;phr6-4;Nlp;Pli;HDAC3;Ulp1;MTA1-like;CG11700;Pink1;Sk1;CG8188"
"GOBP_RIBOSOME_BIOGENESIS",0.254016832440704,0.365783258674947,0.249728079237873,1.07349648230684,1327,267,"RpLP0;Mybbp1A;Mtr4;Fib;RpS14a;Dbp73D;RpS17;RpL7;Dbp45A;bys;RpS9;Bka;l(3)07882;RpS4;Rlb1;RpL7A;csul;Nlp;Ran;dbe;emb;Rtc1;Zfrp8;Nnp-1;l(2)09851;CG14805;CG3071;CG11417;mEFTu1;RpL10;CG2685;eIF5B;l(1)G0020;Ulp1;Non1;CG2875;CG1575;CG1738;CG1662;CG15027;CG9123;CG12608;Rrp47;eIF5;CG9609;CG14230;CG3862;CG4887;CG17219;mRpS2;CG3008;CG11030;CG9107;Aatf;CG13390;CG13097;CG4364;CG13126;CG5776;RpL24;CG12288;CG10341;CG10628;CG11123;CG2906;Cul4;CG1671;CG12128;RpLP0-like;CG12909;RpS15Ab;RpS11;CG8545;Ak6;CG12863;Rrp42;CG8414;CG4866;Ns2"
"GOBP_B_CELL_PROLIFERATION",0.254509415262636,0.365813423908235,0.42329911156699,1.17068809510133,1283,21,"nAChRalpha1;ss;Dcp-1;Ptp69D;Pkn;foi;Pli"
"GOBP_NEGATIVE_REGULATION_OF_PROTEIN_SECRETION",0.254527559055118,0.365813423908235,0.352225984270175,1.13489878012226,1292,42,"EcR;Galphai;Galphao;wbl;nuf;gbb;Actbeta;moody;Rip11;CG11601;CG3625;CG7420"
"GOBP_ADULT_LOCOMOTORY_BEHAVIOR",0.254871395167576,0.36595004616057,0.330096226548542,1.12392550058437,1307,54,"Appl;emc;en;fkh;pum;alphaTub85E;Dop1R1;unpg;Npc1a;GluClalpha"
"GOBP_NUCLEAR_ENVELOPE_ORGANIZATION",0.25485198980592,0.36595004616057,0.358572914521572,1.13959948008884,1299,39,"DCTN1-p150;Lam;Pkc53E;polo;Cdk1;mei-41;inaC;CG5498;ball"
"GOBP_MYOTUBE_CELL_DEVELOPMENT",0.255553371338706,0.366437605159788,0.368564366498383,1.14608152782675,1299,35,"Actn;Ca-alpha1D;nau;smo;Pp2B-14D;goe;Nep6;Nepl3;Wnt10"
"GOBP_PIGMENT_GRANULE_ORGANIZATION",0.255584624672972,0.366437605159788,-0.407383478892914,-1.16615138231887,1269,23,"cm;or;rb;zfh1;Khc-73;AP-1mu"
"GOBP_POSITIVE_REGULATION_OF_SMALL_GTPASE_MEDIATED_SIGNAL_TRANSDUCTION",0.255511811023622,0.366437605159788,0.351841898488921,1.1336612266649,1297,42,"Sos;robo2;Ras85D;drk;N;Wnt5;Rac1;Sema2a;Rac2;CkIalpha;PlexB;Fmr1"
"GOBP_NON_PROTEINOGENIC_AMINO_ACID_METABOLIC_PROCESS",0.256208119826567,0.366973850306602,0.36344181520767,1.14129072764828,1299,37,"r;slgA;Hnf4;Aldh;Odc1;Odc2;pug;Ass;Aasdh;CG1440;CG1628;CG1764;Cbs"
"GOBP_RESPONSE_TO_AUDITORY_STIMULUS",0.256138283244942,0.366973850306602,0.439358719256786,1.17262072733185,1303,18,"Appl;ec;Shaw;TkR86C;tap"
"GOBP_CALCINEURIN_MEDIATED_SIGNALING",0.256904955320877,0.367088742833143,-0.397102969401983,-1.15624837531089,1264,25,"Cam;ftz-f1;sgg;Egfr;CanA1;homer;Dyrk3"
"GOBP_DETOXIFICATION",0.256613756613757,0.367088742833143,-0.310049745169581,-1.11611136437106,1260,69,"Pkc98E;Pu;w;Mdr49;Scsalpha1;Ccs;Mvl;Nos;Pxn;Orct;Atet;Rlip;glob1;CG2930;Hml;CG3842;Clic;CG4822;SelT;CG5853;MRP;CG2065;Balat;CG4630;DJ-1alpha"
"GOBP_NEGATIVE_REGULATION_OF_MICROTUBULE_DEPOLYMERIZATION",0.25651383558877,0.367088742833143,-0.449321510005455,-1.1744683775144,1269,16,"dia;chb;pigs;Tao;cyst;CG2812;CG2765;CG16719"
"GOBP_REGULATION_OF_FIBROBLAST_MIGRATION",0.256912209889001,0.367088742833143,-0.411375529429072,-1.16431720337009,1272,22,"FER;Pkc98E;zfh1;mys;Sdc;Fak;glob1"
"GOBP_SENSORY_PERCEPTION_OF_SMELL",0.256767842493847,0.367088742833143,-0.340693338965674,-1.12968416713962,1251,46,"fz;Galphas;Galphaf;Ugt36A1;Ugt35B1;Ugt35A1;Ugt37C1;Ugt37A1;Ugt49B1"
"GOBP_GLUTAMINE_FAMILY_AMINO_ACID_METABOLIC_PROCESS",0.25740050970398,0.36744880204763,0.358005498109844,1.13779614408211,1312,39,"EcR;Gdh;Got1;r;slgA;Odc1;Odc2;Faa;arg;CG17636;Ass"
"GOBP_NEGATIVE_REGULATION_OF_GLIOGENESIS",0.257413997627521,0.36744880204763,0.426686160691021,1.16843622785281,1301,20,"Dll;emc;N;dpn;Nf1;Ptx1"
"GOBP_AUDITORY_RECEPTOR_CELL_DEVELOPMENT",0.258484609313339,0.36879811862262,0.430666139506581,1.16477938295079,1309,19,"osp;Sod1;Rac1;CG10939;Rac2"
"GOBP_NEGATIVE_REGULATION_OF_RNA_CATABOLIC_PROCESS",0.258869636963696,0.368960079468554,-0.31865457691105,-1.11863585933175,1254,61,"mle;Hrb87F;Bx42;Rb97D;Rbp9;bol;Mvl;Irp-1B;TBPH;Nsun2;Axn;Tob;Mt2"
"GOBP_POSITIVE_REGULATION_OF_NUCLEAR_DIVISION",0.258974358974359,0.368960079468554,0.375549046169487,1.14148520054043,1312,32,"Dr;fzy;polo;Ubc6;Wnt5;BRWD3;Nlp;Cdc16;Mad1;Sk1;Pvf1"
"GOBP_RETINOIC_ACID_RECEPTOR_SIGNALING_PATHWAY",0.258854482898199,0.368960079468554,-0.443184277387206,-1.17563547369741,1278,17,"E(z);Bx42;Calr;Hr78;Hr96;CtBP;Crk"
"GOBP_POSITIVE_REGULATION_OF_DNA_RECOMBINATION",0.259497369959088,0.369168888984351,0.335643936589836,1.12055567691208,1331,49,"E(Pc);Ubc6;Mlh1;Arp2;Ptp69D;spel1;dom;WASp;Pli;Bap55;Tip60;MRG15"
"GOBP_POSITIVE_REGULATION_OF_DNA_REPLICATION",0.259383642828921,0.369168888984351,0.390508520297965,1.14220232742475,1312,27,"chif;twe;stg;Cdk1;Pep;ci;PCNA;Nlp"
"GOBP_POSITIVE_REGULATION_OF_EXCITATORY_POSTSYNAPTIC_POTENTIAL",0.259408331656269,0.369168888984351,-0.406482929408418,-1.16357352366578,1288,23,"dsh;ct;Wnt2;Nmdar1;Fak;Pten;nAChRalpha5;ssh"
"GOBP_REGULATION_OF_LIPID_CATABOLIC_PROCESS",0.259959349593496,0.369647369020814,-0.385968990192745,-1.15278872890714,1278,28,"Fbp2;Pkc98E;Mdr49;emp;crq;chico;mbt"
"GOBP_PEPTIDYL_LYSINE_MODIFICATION",0.260583641594739,0.370179155425235,-0.31411209623565,-1.11210330213533,1267,64,"arm;sr;Su(var)2-10;lwr;Dif;ND-ACP;Smyd3;Gcn5;CalpB;tna;chm;Las;Sirt4;Set2;Tat;CG7889;HINT1;CG9643"
"GOBP_TETRAPYRROLE_METABOLIC_PROCESS",0.260584986704848,0.370179155425235,-0.369513481464091,-1.14092367337796,1273,33,"Mvl;Ppox;Alas;Irp-1B;Amnionless;Uros1;MSBP;Tspo;MRP;Urod;CG5532;ABCB7;Pbgs;ScsbetaA;CG9471;Ho;Hmt-1;CG14882;CG7988"
"GOBP_NEGATIVE_REGULATION_OF_DEFENSE_RESPONSE",0.261048304213772,0.370658354728242,-0.281249648531232,-1.09221961501162,1269,112,"aurA;csw;dx;ftz-f1;Galphas;grn;Su(dx);14-3-3zeta;pll;Rel;Hr38;Shark;Rbf;Crk;RhoGAP1A;botv;Mkrn1;CG5445;CG8173;cactin;galectin;CG11374;CG3165;OtopLb"
"GOBP_TELOMERE_MAINTENANCE_IN_RESPONSE_TO_DNA_DAMAGE",0.261352169525732,0.370910797271926,-0.409990054968671,-1.16039589149402,1294,22,"mei-9;Pp1-87B;Cdk2;Rrp1;Uch-L5;Ercc1;Arp8"
"GOBP_BIOMINERAL_TISSUE_DEVELOPMENT",0.261598201512365,0.371080958943769,-0.292233628801111,-1.10157744167641,1279,91,"grn;pk;rk;sax;mys;htl;Mef2;Nos;Hr96;Sp1;Fak;Tsf1;Rbcn-3B;wit;Mipp1;Axn;Hey;Vha100-3;Vha100-2;Vha100-1"
"GOBP_POSITIVE_REGULATION_OF_SMAD_PROTEIN_SIGNAL_TRANSDUCTION",0.261731391585761,0.371090965804967,-0.419588355261849,-1.15806818984458,1293,20,"Mps1;CkIIbeta;net;sax;hop;babo;wit;Nup93-1;Lnk"
"GOBP_CELL_CHEMOTAXIS",0.262288635469917,0.371701910189064,0.30109200824154,1.10472696881057,1333,82,"Appl;dnc;rl;Ptp10D;N;Wnt5;Rac1;Rac2;CaMKI;sktl;PlexB;Eph;myo;Drp1;fab1"
"GOBP_REGULATION_OF_STEM_CELL_PROLIFERATION",0.262675626145388,0.372071108386967,-0.434577347141983,-1.16702965019296,1289,18,"ovo;tll;CycE;babo;Acer;chm"
"GOBP_PROTEIN_NEDDYLATION",0.263072557762465,0.372454025475058,-0.427839453285123,-1.16526086591866,1297,19,"Roc1a;CSN5;CSN4;CSN1b;CSN7;CSN6"
"GOBP_CELLULAR_RESPONSE_TO_VASCULAR_ENDOTHELIAL_GROWTH_FACTOR_STIMULUS",0.263562753036437,0.37296855191592,-0.38024661847389,-1.14633775618391,1301,29,"if;svp;mys;Myo61F;Dif;Hr38;Pi3K92E;dos;PRL-1"
"GOBP_REGULATION_OF_RECEPTOR_SIGNALING_PATHWAY_VIA_STAT",0.265148434322895,0.37454466078048,-0.37636778618673,-1.14126492573705,1303,30,"Cam;Lar;Egfr;hop;nmo;Fak;Lnk;Hesr;Hrs"
"GOBP_REGULATION_OF_SUBSTRATE_ADHESION_DEPENDENT_CELL_SPREADING",0.265185767643012,0.37454466078048,0.36565504237511,1.13703474268086,1348,35,"Dab;Actn;osp;peb;Raf;Rac1;Rac2;sty;mbc"
"GOBP_RIBONUCLEOSIDE_MONOPHOSPHATE_BIOSYNTHETIC_PROCESS",0.265099310903932,0.37454466078048,-0.427112535460812,-1.16328103706719,1307,19,"Pfas;Gart;ras;r-l;Prat;Paics"
"GOBP_TRANSLATIONAL_ELONGATION",0.265116279069767,0.37454466078048,0.324508161876661,1.1183279529222,1367,57,"eEF2;RpLP1;RpLP2;pelo;mEFTu1;AlaRS;CG3909;Dgp-1;eEF1gamma;CG17219;SerRS;Secp43;eEF1delta;CG6094;mEFTs"
"GOBP_AMINO_ACID_ACTIVATION",0.26551724137931,0.374653105102125,-0.343330137543353,-1.12607626342517,1308,43,"AspRS;TrpRS;SerRS-m;ThrRS;LysRS;LeuRS-m;IleRS;HisRS;GlyRS;CysRS;AlaRS-m;alpha-PheRS;CG8097"
"GOBP_CELLULAR_RESPONSE_TO_EXTERNAL_STIMULUS",0.265422077922078,0.374653105102125,-0.356908182986506,-1.13088589960631,1307,37,"csw;Mp20;Atpalpha;mys;Rel;Drip;dos;vig;Dronc;Tollo"
"GOBP_NEGATIVE_REGULATION_OF_TRANSLATION",0.265922920892495,0.374865947899243,-0.301167710916333,-1.1021639335798,1310,76,"Gapdh1;RpS3;Pkc98E;unk;Calr;Rox8;eIF4E1;smg;Rack1;Pur-alpha;eIF4G1;vig;Irp-1B;eIF3e;Tob"
"GOBP_PROTEIN_AUTOUBIQUITINATION",0.265853658536585,0.374865947899243,-0.383615672186762,-1.14575998167158,1307,28,"stc;Su(dx);Taf1;Cbl;Roc1a;STUB1"
"GOBP_CELL_DIFFERENTIATION_IN_SPINAL_CORD",0.266978446522977,0.375454392767972,-0.375810166336827,-1.13957404782468,1312,30,"grn;prd;ptc;hh;btv;PHDP;Lim1;CG1344;CG6999;CG13001"
"GOBP_CYTOSOLIC_TRANSPORT",0.266953292945085,0.375454392767972,0.291476632048244,1.09414839808687,1365,94,"Arl1;DCTN1-p150;Khc;Syb;Klp98A;Arp2;Rab14;Rab4;Surf4;syd;Rich;fab1;Arfrp1;AP-1gamma;Syx16;CG1695;Tbc1d15-17;TBC1D23;Vps29;CG17660;Snx1;Vps53;mon2"
"GOBP_EATING_BEHAVIOR",0.266545233758348,0.375454392767972,-0.43935155769968,-1.16546841350304,1316,17,"bsh;TkR99D;Uch"
"GOBP_EMBRYO_IMPLANTATION",0.266863905325444,0.375454392767972,0.373368058823841,1.13485606700111,1352,32,"put;sd;Sod1;Fur2;bon;Smox;myo;CG6171;Fkbp59"
"GOBP_HOMOLOGOUS_RECOMBINATION",0.266666666666667,0.375454392767972,-0.383178093211805,-1.14445304737593,1311,28,"mei-9;mus101;okr;spn-A;spn-D;mre11"
"GOBP_NEGATIVE_REGULATION_OF_MRNA_CATABOLIC_PROCESS",0.267420349434738,0.375896162463927,-0.332477550459796,-1.12187958534261,1300,50,"mle;Hrb87F;Bx42;Rb97D;Rbp9;bol;Mvl;Irp-1B;TBPH;Axn;Tob"
"GOBP_PORPHYRIN_CONTAINING_COMPOUND_METABOLIC_PROCESS",0.267611336032389,0.375984981187816,-0.378910286357389,-1.14230908666912,1321,29,"Mvl;Ppox;Alas;Irp-1B;Uros1;MSBP;Tspo;MRP;Urod;CG5532;ABCB7;Pbgs;ScsbetaA;CG9471;Ho;Hmt-1;CG7988"
"GOBP_LENS_MORPHOGENESIS_IN_CAMERA_TYPE_EYE",0.268164339202591,0.376582093524593,-0.43870610575355,-1.16375622233753,1324,17,"arm;Hsp26;Hsp67Bc;hth;Optix;tapas"
"GOBP_ENDOCRINE_HORMONE_SECRETION",0.268595041322314,0.377006971169011,0.384748004680884,1.13483671535507,1364,28,"bi;Dab;nuf;phr6-4;gbb;Actbeta;AkhR;Rip11"
"GOBP_SOMATIC_STEM_CELL_POPULATION_MAINTENANCE",0.268921095008052,0.377284626377533,-0.396734604266721,-1.14627031254226,1335,24,"arr;ftz-f1;grn;tll;Wnt2;Su(H);Vang"
"GOBP_REGULATION_OF_MITOCHONDRION_ORGANIZATION",0.269191610669925,0.377484136601963,-0.303526127361265,-1.1026875416372,1321,73,"aurA;Hsc70-2;ref(2)P;sesB;sgg;LamC;mtSSB;mst;ko;vimar;Pgam5;Rlip;Mtch"
"GOBP_NEGATIVE_REGULATION_OF_ERBB_SIGNALING_PATHWAY",0.269620504669183,0.377725487969875,0.407082899489308,1.14968857647602,1356,23,"Acph-1;Ptp10D;sty;Vps25"
"GOBP_REGULATION_OF_PHOSPHOLIPID_METABOLIC_PROCESS",0.269578905942542,0.377725487969875,0.384443327351904,1.13393805177512,1369,28,"EcR;Gbeta13F;Idh;CalpA;Xbp1;mtm;Eato;CG3632;Pvf1;CG1801"
"GOBP_AMINO_ACID_BETAINE_TRANSPORT",0.269937411669695,0.377989464603638,-0.454199010845922,-1.16850233899839,1336,15,"colt;Orct;Mct1;Balat;CG4630;CG8468"
"GOBP_NEGATIVE_REGULATION_OF_PROTEASOMAL_PROTEIN_CATABOLIC_PROCESS",0.270078899453773,0.378007669930067,-0.346107595877318,-1.12355421188618,1334,41,"CkIIbeta;mor;hh;kermit;Uch-L5;RpL11;Gcn5;CG1785;Usp7;wcy;CG8173;Sgt;p47;PI31;DJ-1alpha;CG14480"
"GOBP_MICROTUBULE_NUCLEATION",0.270231801545344,0.378041826032525,-0.37446552450426,-1.13549667293366,1328,30,"Act42A;Hsc70-2;Grip91;chb;Grip84;Grip75;Grip163;Grip128;nmdyn-D7"
"GOBP_RESPONSE_TO_AMYLOID_BETA",0.270635721493441,0.37842694516811,-0.406978442254647,-1.15187211639808,1340,22,"Atpalpha;sgg;Nmdar1;Cdk5;Shark;nAChRalpha5;Snx6;MRP"
"GOBP_SKELETAL_MUSCLE_TISSUE_REGENERATION",0.271179570328334,0.379007266463638,-0.424473454634208,-1.15609325299159,1337,19,"E(z);fz;prd;Wnt2;CalpB"
"GOBP_POSITIVE_REGULATION_OF_PLASMA_MEMBRANE_BOUNDED_CELL_PROJECTION_ASSEMBLY",0.271655863288156,0.379492663719731,0.308132071035778,1.10743604099696,1382,73,"fy;Hsp83;Ras85D;sn;Ten-m;Gel;Rac1;Sas-4;Arp2;nuf;Rac2;Rala;Abi;myo;Fmr1;CG4789;RhoGAP15B;Cp110"
"GOBP_CHEMOKINE_PRODUCTION",0.272459788152217,0.38025459997335,0.373992882855451,1.12904219047223,1388,31,"Appl;EcR;Wnt5;arg;Eph"
"GOBP_TORC1_SIGNALING",0.272447724477245,0.38025459997335,-0.308901102677387,-1.10419134975533,1328,67,"ben;14-3-3zeta;gig;nmo;Shark;Sec13;Roc1a;Tsc1;Dyrk3;Wdr24;CG3473;raptor;Usp7;Nprl2;wcy;CG1812;mio;Art2;CG4968"
"GOBP_NEGATIVE_REGULATION_OF_INNATE_IMMUNE_RESPONSE",0.272745776511297,0.38047324537517,-0.340008668118164,-1.11944731023987,1339,44,"aurA;csw;dx;14-3-3zeta;pll;Crk;cactin;galectin;CG11374;CG3165;OtopLb"
"GOBP_MEMBRANE_LIPID_CATABOLIC_PROCESS",0.273279352226721,0.38074583503061,-0.384156881244852,-1.13914124782163,1349,27,"Gal;Aldh-III;Sply;scat"
"GOBP_PLACENTA_BLOOD_VESSEL_DEVELOPMENT",0.273266152934203,0.38074583503061,0.440525364545917,1.15420643555069,1382,17,"Jra;l(2)gl;rl;N;dpn;fz2"
"GOBP_POSITIVE_REGULATION_OF_GTPASE_ACTIVITY",0.273329436976427,0.38074583503061,0.332519959116455,1.1101261999851,1402,49,"pbl;RanGAP;Sema2a;Nf1;Apc;sktl;RN-tre;PlexB;Rip11;Rich;Graf;RhoGAP15B;Zir;CG9098;Tg"
"GOBP_HOMOLOGOUS_CHROMOSOME_SEGREGATION",0.273823645709767,0.381253746179902,0.420889256460403,1.15256200099371,1384,20,"mei-W68;polo;Ubc6;wapl;Mlh1;hdm;narya"
"GOBP_INCLUSION_BODY_ASSEMBLY",0.274021352313167,0.381310562320006,0.420807946578241,1.15233934223242,1385,20,"Hsp68;Hsp83;Hsp70Aa;Hsp70Bb;Rpt6;HDAC6"
"GOBP_NEGATIVE_REGULATION_OF_SMOOTH_MUSCLE_CELL_PROLIFERATION",0.27412367073651,0.381310562320006,0.396309927211492,1.14044431663767,1391,25,"cta;dpp;for;Tm1;Ance;CG2082;Marf;Pdcd4"
"GOBP_CELL_COMMUNICATION_BY_ELECTRICAL_COUPLING",0.274451689389449,0.381470850187301,0.440104658707421,1.15310415762223,1388,17,"Pka-C1;dnc;Ca-alpha1D;Sh;Calx;ara"
"GOBP_POSITIVE_REGULATION_OF_B_CELL_ACTIVATION",0.274498229043684,0.381470850187301,0.383353059481468,1.13072224300187,1394,28,"nAChRalpha1;Mlh1;Ptp69D;spel1;Xbp1;foi;Pli"
"GOBP_CYTOKINE_PRODUCTION_INVOLVED_IN_IMMUNE_RESPONSE",0.274877650897227,0.381800638478789,-0.370298711659812,-1.13130939501973,1347,31,"grn;Hex-C;mnd;hop;pll;Hr38;mspo;Tollo;galectin;CG11374"
"GOBP_TRNA_WOBBLE_BASE_MODIFICATION",0.274995089373404,0.381800638478789,0.43227500934987,1.15371475210207,1399,18,"CG3587;l(1)G0020;Elp3;Uba4;Elp2;CG9752;CG4610;CG17807;CG3434;Elp1;CG18528"
"GOBP_LIPID_DROPLET_ORGANIZATION",0.275526420341677,0.382357890870383,0.40129055487343,1.14135105570334,1386,24,"Cds;Rab18;AMPKalpha;Tip60;Pisd;Rab40;dob;Lsd-2"
"GOBP_ERYTHROCYTE_DEVELOPMENT",0.275977874357961,0.382803821952439,0.38019704269392,1.13048175087141,1396,29,"l(3)mbt;Zw;Rac1;heph;HLH3B;Rac2;CG3156;HDAC6;Rh50"
"GOBP_REGULATION_OF_ESTABLISHMENT_OF_PROTEIN_LOCALIZATION_TO_MITOCHONDRION",0.2767209256717,0.38365361136953,0.340974160634145,1.11697424903893,1410,45,"bsk;Hsp68;Rac1;eff;Hsp70Aa;Hsp70Bb;Rac2;fz2;AMPKalpha;Aos1;Pink1"
"GOBP_PROTEIN_PROCESSING",0.277117818889971,0.384022903049597,0.276345228217084,1.08553078917554,1422,125,"Ace;Acph-1;Pka-C1;tj;Fur1;Fur2;Gel;Dcp-1;Ance;CalpA;Drice;Spg7;CG17636;Pisd;goe;Decay;Sras;CG3097;fh;Nep6;CG9240;CG4678;Ggt-1"
"GOBP_LYMPHOCYTE_MIGRATION",0.277281947261663,0.384069439192002,-0.340375501179564,-1.11638545707731,1366,43,"Abl;grn;mys;Moe;Ret;Pi3K92E;Fak;fray;Crk"
"GOBP_POSITIVE_REGULATION_OF_INTERLEUKIN_1_PRODUCTION",0.277745040267138,0.38452983927808,0.431737555472813,1.15228032158186,1413,18,"Appl;tup;Wnt5;HDAC1;fz2;Smox"
"GOBP_RESPONSE_TO_PROSTAGLANDIN",0.277876807288572,0.384531310932728,0.454527895494448,1.15141910101504,1402,15,"Galphai;Gbeta13F;pho;Galphaq;AMPKalpha"
"GOBP_POSITIVE_REGULATION_OF_INSULIN_SECRETION_INVOLVED_IN_CELLULAR_RESPONSE_TO_GLUCOSE_STIMULUS",0.27819253438114,0.384787229031177,0.389809053097687,1.13142851975091,1415,26,"Ald1;EcR;Rac1;Rac2;Osbp;Ac78C;sut2;sut1"
"GOBP_NEGATIVE_REGULATION_OF_TYPE_I_INTERFERON_PRODUCTION",0.278708375378406,0.385189108189776,-0.404710732824342,-1.1454538126511,1380,22,"csw;Su(dx);Dif;Roc1a;CG5445;cactin;CG1812;Atg9;nopo;Duba;Atg12"
"GOBP_RESPONSE_TO_ISCHEMIA",0.278744939271255,0.385189108189776,-0.382482115540774,-1.13417506138298,1376,27,"per;ref(2)P;sr;Uch;Mef2;Pi3K92E;STUB1"
"GOBP_MEMBRANE_BIOGENESIS",0.279295689131755,0.385768975317194,-0.355191394465797,-1.12001179640049,1379,36,"Lar;Rcc1;lwr;Ank;Flo1;Pten;Ankle2;Lrp4;Pex19;Lrch;p47;Vps20;CG5539;CHMP2B"
"GOBP_GLYCEROPHOSPHOLIPID_METABOLIC_PROCESS",0.279744750926307,0.386026762300748,-0.262971977377405,-1.07479890012376,1358,163,"mAChR-A;ChAT;eas;rdgB;fwd;Plc21C;emp;Phb2;Pi3K59F;Pi3K92E;Lis-1;crq;Ipp;Pi3K21B;Dgkepsilon;Ocrl;Sbf;Paf-AHalpha;CalpB;Pten;Taz;EDTP;CG9784;Ipk2;PGAP2;CG2818;CG11029;frj;Acbp1;PGAP5;IP3K1;Pect;CG10383;CG2201;PGAP3;PIG-G;puml;bbc;CG5065;Hyccin;PIG-A;PIG-O;CG15111;EndoB;PIP5K59B;sigmar;Pcyt2;PIG-Wb;PIG-B;Ctl1"
"GOBP_OVULATION_CYCLE",0.279723127035831,0.386026762300748,-0.386711646731389,-1.13524901120766,1373,26,"ftz-f1;sr;Lcch3;Sply;Nos;Stat92E;Dronc;fz4"
"GOBP_REGULATION_OF_SPINDLE_ASSEMBLY",0.281410003938558,0.388142630842587,0.394150718597426,1.1342308533271,1428,25,"Hsp68;polo;Sas-4;Hsp70Aa;Hsp70Bb;CG5498"
"GOBP_INTRACELLULAR_LIPID_TRANSPORT",0.281575188736992,0.388188474819228,-0.34829968227534,-1.11423287810065,1379,39,"Jhe;scat;colt;Atet;cert;CG4757;stas;CG4822;Tspo;Tango14;Vps52;CG5853;CG10383;Jhedup;Start1;CPT2"
"GOBP_INTERLEUKIN_2_PRODUCTION",0.282808527283395,0.389706176706206,0.36572874927723,1.12209997561706,1445,33,"Pka-C1;dnc;EcR;sl;Prosbeta1;Ptp69D;Prosalpha5;Tip60;Tak1"
"GOBP_LEUKOCYTE_APOPTOTIC_PROCESS",0.283858998144712,0.390604851516251,-0.320571324343521,-1.10418439082777,1376,55,"aurA;kn;mnd;hop;Mef2;Hr38;Pi3K92E;Stat92E;Lip3;chico;Crk;lili;Drep3"
"GOBP_PROTEIN_HOMOTETRAMERIZATION",0.28377005890717,0.390604851516251,-0.343921284682916,-1.10946320525094,1396,40,"ena;Men;shi;v;Itpr;mtSSB;RyR;Drip"
"GOBP_REGULATION_OF_INSULIN_RECEPTOR_SIGNALING_PATHWAY",0.283685064935065,0.390604851516251,-0.351984861549983,-1.11528604771946,1397,37,"by;csw;sgg;gig;chico;Neos;Sik2;Roc1a;Kank;trbl"
"GOBP_NEUROEPITHELIAL_CELL_DIFFERENTIATION",0.284530386740331,0.391345674516155,0.421436677487213,1.13981738550144,1441,19,"Dll;dpp;Dr;dpn;Wnt5;Smox;msk"
"GOBP_MITOCHONDRIAL_RNA_PROCESSING",0.284697508896797,0.391392556623541,0.416088037631689,1.13941435634493,1439,20,"angel;scu;MTPAP;RNaseZ;mldr;CG7849;CG4610;Suv3;CG6345;CG18528;PNPase;CG31381;CG31643"
"GOBP_MAINTENANCE_OF_PROTEIN_LOCALIZATION_IN_ORGANELLE",0.284954706577393,0.391563169897566,0.393153288299504,1.13136059034249,1446,25,"Hsc70-3;RanGAP;Pep;Su(fu);Taf8;SkpA;HDAC3;GAA1;Pink1"
"GOBP_PROTEOGLYCAN_METABOLIC_PROCESS",0.285097636176773,0.391576678633084,-0.328428777445112,-1.10821780341303,1386,50,"arm;Gal;pip;hh;Vang;sfl;wit;botv;beta4GalNAcTA;sotv;AdamTS-B"
"GOBP_NUCLEUS_ORGANIZATION",0.285831453762559,0.392401370494376,-0.287654992096508,-1.08625119802829,1393,93,"Rcc1;pnt;fs(1)h;LamC;lwr;Iswi;Wee1;Arp6;Lis-1;drongo;Nup154;Chd3;vig;Torsin;Srpk79D;TBPH;CG11403;Dyrk3;Amph;Nup93-1;Ankle2;Dd;CG3527;Zpr1;Nup35;Elys"
"GOBP_REGULATION_OF_CELL_FATE_COMMITMENT",0.286231884057971,0.392767818516115,-0.391005687299725,-1.12971796905707,1421,24,"fz;prd;fs(1)h;hop;Ets98B;Stat92E;Chd3"
"GOBP_REGULATION_OF_POSTSYNAPTIC_NEUROTRANSMITTER_RECEPTOR_INTERNALIZATION",0.286406786507776,0.39282459948992,-0.43864964715789,-1.14657350677144,1417,16,"numb;mys;nmd;Nca;siz"
"GOBP_FOAM_CELL_DIFFERENTIATION",0.287391216352965,0.393717510114704,-0.431235140173236,-1.14393798282152,1419,17,"cact;if;Pkc98E;mys;Rel;Atet"
"GOBP_NEGATIVE_REGULATION_OF_DNA_BINDING_TRANSCRIPTION_FACTOR_ACTIVITY",0.287459283387622,0.393717510114704,-0.384357581807548,-1.12833830681152,1411,26,"acj6;exd;Phb2;cher;IKKbeta;Sik2;Hey"
"GOBP_REGULATION_OF_DNA_BINDING",0.287419093851133,0.393717510114704,-0.412641920138528,-1.13889595723074,1420,20,"acj6;grn;TfIIB;Rbf;CG3224;CG13001;CG5445"
"GOBP_NEUROTROPHIN_SIGNALING_PATHWAY",0.288453934361408,0.394895986454752,0.414770397255452,1.13580613350409,1458,20,"Sos;Raf;Dcp-1;sty;wdb"
"GOBP_PROSTANOID_BIOSYNTHETIC_PROCESS",0.289595492050714,0.396274389587536,-0.395467718500838,-1.1320420451156,1438,23,"Cyp6a2;Su(P);GstS1;Cyp6a9;Cyp9c1;Plap;Cyp28a5"
"GOBP_EPITHELIAL_TUBE_BRANCHING_INVOLVED_IN_LUNG_MORPHOGENESIS",0.290635517719263,0.397341194534098,0.440335487542992,1.13675044585632,1467,16,"dpp;fkh;Ras85D;sty;fus;stan"
"GOBP_POSITIVE_REGULATION_OF_CARBOHYDRATE_METABOLIC_PROCESS",0.290645224553834,0.397341194534098,0.337923347306205,1.1069802954807,1481,45,"Appl;Pka-C1;Actn;phr6-4;Lgr1;AMPKalpha;Sirt1;flfl"
"GOBP_DEFENSE_RESPONSE_TO_BACTERIUM",0.291077044025157,0.397625885028687,0.298839700959099,1.08931540672059,1480,79,"AnxB10;Appl;EcR;LysP;LysS;LysX;N;Diap2;Rab14;Drice;arg;Eph;Tak1;Syt4;Nhe3"
"GOBP_HEPARAN_SULFATE_PROTEOGLYCAN_METABOLIC_PROCESS",0.291123778501629,0.397625885028687,-0.383369558672102,-1.12543781933707,1429,26,"arm;Vang;sfl;botv;sotv;Hs3st-B"
"GOBP_NEGATIVE_REGULATION_OF_CELL_JUNCTION_ASSEMBLY",0.2917004048583,0.398043873419813,-0.378613831806477,-1.12270443108805,1440,27,"sax;Lac;Acer;chb;IKKbeta;Pten"
"GOBP_PROTEIN_K63_LINKED_DEUBIQUITINATION",0.291625420708771,0.398043873419813,0.439723333956496,1.13517013747312,1472,16,"otu;faf;not;Shmt;CG3251;CYLD"
"GOBP_PLATELET_DENSE_GRANULE_ORGANIZATION",0.292146174035938,0.398467336121339,-0.444780968719297,-1.14427286251131,1446,15,"cm;or;rb;AP-1mu"
"GOBP_REGULATION_OF_TYPE_2_MITOPHAGY",0.292929292929293,0.399350315012966,0.449838343588795,1.13953943489796,1478,15,"porin;Cdc37;HDAC6;Pink1"
"GOBP_NEGATIVE_REGULATION_OF_IMMUNE_EFFECTOR_PROCESS",0.293507022186037,0.399891078234558,-0.334810254729567,-1.10233201162825,1441,44,"csw;FER;hop;CanA1;pll;Hem;Stat92E;Crk;RhoGAP1A;PGRP-LE;galectin;CG11374"
"GOBP_PRODUCTION_OF_MOLECULAR_MEDIATOR_OF_IMMUNE_RESPONSE",0.293597800471328,0.399891078234558,0.305996303051652,1.09153732549298,1494,70,"pho;sl;Syb;Wnt5;Mlh1;Ptp69D;Ddx1;spel1;fz2;Dad;Pkn;Xbp1;arg;Sirt1;Tak1;CG6171;CG18659;fal;Atg5;DNAlig4"
"GOBP_REGULATION_OF_DNA_RECOMBINATION",0.294105649602284,0.40039741838497,-0.294513860055828,-1.08113318177431,1441,78,"Abl;Act42A;mus301;Blm;spn-A;Su(var)2-10;Pms2;Stat92E;mre11;Pp4-19C;Hmt4-20;RecQ5;Spt6;Set2;Ing3;Ubqn;Art2;Gas41;YL-1"
"GOBP_NEUROMUSCULAR_SYNAPTIC_TRANSMISSION",0.294385132463424,0.400592534554761,0.413313722721721,1.13181717990258,1488,20,"nAChRalpha1;nAChRalpha2;nAChRbeta2;Rop;Rab3"
"GOBP_MEMBRANE_PROTEIN_PROTEOLYSIS",0.295356158992523,0.401542430571165,0.378115290596254,1.11527313770394,1500,28,"Appl;Fur1;Rok;Spp;Tsp26A;S2P;rho-7;Dg;lbk"
"GOBP_REGULATION_OF_CARBOHYDRATE_BIOSYNTHETIC_PROCESS",0.295277207392197,0.401542430571165,-0.31907699264445,-1.09576465538979,1437,54,"Chc;Hex-C;sgg;Pp1-87B;Rel;Gcn5;chico;Sik2;Dyrk3;Usp7;CG9784"
"GOBP_REGULATION_OF_ERBB_SIGNALING_PATHWAY",0.295628308174868,0.401726781824693,0.347862875815946,1.10556134155028,1507,39,"Acph-1;Sos;Ptp10D;sty;Rala;Vps25"
"GOBP_NONRIBOSOMAL_PEPTIDE_BIOSYNTHETIC_PROCESS",0.295891519935236,0.401898823476207,-0.42884414053767,-1.13759537516914,1461,17,"Hsp26;Hsp67Bc;mnd;Eaat2;Eaat1"
"GOBP_L_AMINO_ACID_TRANSPORT",0.296273419806465,0.402231841749248,-0.323136783452873,-1.09955340917341,1438,52,"cn;mnd;Atpalpha;per;mys;scat;Mvl;tty;Acer;Orct;Eaat2;Eaat1;Sur"
"GOBP_INNER_EAR_RECEPTOR_CELL_DEVELOPMENT",0.297242497972425,0.403361360255938,-0.363050921498529,-1.11455324821483,1465,32,"ck;fz;Lcch3;Sdc;Lis-1;Vang;nompB;Fim;CG12206;Mks1;Hesr"
"GOBP_NEUTRAL_AMINO_ACID_TRANSPORT",0.297522299306244,0.403554912198695,0.409000327043277,1.13114296883267,1500,21,"l(2)gl;Mal-A2;Mal-A3;Ance;aralar1;CG16700;CG13384;Ance-3"
"GOBP_REGULATION_OF_SYNAPSE_MATURATION",0.297682709447415,0.403586419905205,0.44734647869946,1.13322699322129,1502,15,"fzy;mr;tutl;Rok"
"GOBP_T_HELPER_17_TYPE_IMMUNE_RESPONSE",0.298624754420432,0.40467711999305,0.383982814628573,1.11451774686239,1519,26,"Hr3;Jra;N;Prosbeta1;Prosalpha5;Dad"
"GOBP_DENTATE_GYRUS_DEVELOPMENT",0.300653594771242,0.407238893101747,0.4463285855064,1.13064844594861,1517,15,"smo;alphaTub85E;pros;Dop1R1;Fmr1;erm"
"GOBP_EXPORT_ACROSS_PLASMA_MEMBRANE",0.300883138221401,0.407362260767308,-0.328448072217515,-1.09525785170843,1464,48,"Cam;Atpalpha;Su(dx);w;Mdr49;nrv1;Orct;Atet;Rlip;CG2930;ZnT35C"
"GOBP_LEUKOTRIENE_METABOLIC_PROCESS",0.302634184987126,0.40951843475924,0.445445591637484,1.1284116283257,1527,15,"MAPk-Ak2;CG17636;CG1492;CG4829;Ggt-1;CG7806;CG10602"
"GOBP_POSTSYNAPTIC_MODULATION_OF_CHEMICAL_SYNAPTIC_TRANSMISSION",0.302754111353279,0.40951843475924,0.402802680954425,1.12612355102043,1527,22,"Pka-C1;Galphao;Raf;CanB;Wnt5;Pp2B-14D"
"GOBP_REGULATION_OF_BONE_REMODELING",0.303900217778658,0.41087979811802,0.43577501996789,1.12497734626301,1534,16,"Pkc53E;Nf1;Lgr1;Pdk;RhoGAP15B"
"GOBP_GOLGI_VESICLE_TRANSPORT",0.304276315789474,0.41101052389928,-0.251138904166376,-1.05546526010572,1479,202,"cm;comt;or;shi;ct;betaCOP;scat;Snap25;Syx5;Ank;Rab2;Rab11;Rab19;Rab6;Past1;Khc-73;Rack1;Sec13;AP-1mu;fidipidine;Amnionless;beta'COP;Cog2;Madm;htt;fan;Sec71;gammaSnap1;Rpn11;CG16865;gammaCOP;Vap33;CHOp24;pod1;Gga;p24-1;Tomosyn"
"GOBP_TYPE_II_INTERFERON_PRODUCTION",0.30417728966464,0.41101052389928,0.334279465141322,1.09504354773085,1550,45,"Appl;dnc;EcR;Ras85D;tup;Wnt5;Prosbeta1;Prosalpha5;fz2;Actbeta"
"GOBP_MYELOID_LEUKOCYTE_MIGRATION",0.305058365758755,0.41142998311406,0.310644975099528,1.08524369498505,1567,62,"Appl;dnc;rl;Ptp10D;Rac1;Rac2;CaMKI;sktl;myo;Drp1;fab1"
"GOBP_NEGATIVE_REGULATION_OF_TORC1_SIGNALING",0.305205368035787,0.41142998311406,-0.365007968891352,-1.10681840422853,1500,30,"ben;14-3-3zeta;gig;nmo;Sec13;Tsc1;Wdr24;CG3473;Usp7;Nprl2;mio"
"GOBP_POSITIVE_REGULATION_OF_CELLULAR_RESPONSE_TO_TRANSFORMING_GROWTH_FACTOR_BETA_STIMULUS",0.305229023104986,0.41142998311406,-0.412132962187854,-1.12248276475006,1505,19,"if;zfh1;Bx42;kermit;Axn;Tsp;Mnn1"
"GOBP_POSITIVE_REGULATION_OF_TYPE_II_INTERFERON_PRODUCTION",0.305217732444096,0.41142998311406,0.36628114448194,1.10576132502072,1555,31,"Appl;dnc;Ras85D;tup;Wnt5;Prosbeta1;Prosalpha5;fz2"
"GOBP_SEMAPHORIN_PLEXIN_SIGNALING_PATHWAY",0.305286081963968,0.41142998311406,0.435407420611839,1.12402836816856,1541,16,"Rac1;Sema1a;Sema2a;Rac2;Rho1;PlexB;PlexA"
"GOBP_PROTEIN_MODIFICATION_BY_SMALL_PROTEIN_REMOVAL",0.305916585838991,0.412090932023037,0.317060976904124,1.08895110480079,1576,56,"ec;otu;Cdk1;faf;not;alien;Usp47;CG7857;CSN3;Ulp1;Usp1;Shmt;Usp39;CG7332;Usp2;CG3251;CYLD;Usp14"
"GOBP_MONOCARBOXYLIC_ACID_TRANSPORT",0.306398687448728,0.412551459255908,-0.286847319546483,-1.07394279287529,1493,88,"Got2;w;Mdr49;Mdr65;Jhe;Nos;Shark;Acer;colt;Orct;Mct1;chico;Ugt37C1;Ugt37A1;CG4757;CG11655;CG9903;Tspo;Tsp;MRP;Sln;CG4630;CG8468;Jhedup"
"GOBP_MONOATOMIC_ANION_HOMEOSTASIS",0.30663430420712,0.412679836677652,-0.406795877105051,-1.12276081813875,1515,20,"Cyp6a2;Vha55;Cyp6a9;Cyp9c1;fray;CG12773;Cyp28a5"
"GOBP_POSITIVE_REGULATION_OF_NEUROTRANSMITTER_TRANSPORT",0.30703835508106,0.413034677937118,0.40886201356468,1.11962663159296,1552,20,"Syt1;Rop;Rab3;Pp2B-14D;Syx1A"
"GOBP_PLASMA_MEMBRANE_FUSION",0.307598039215686,0.413598460407929,-0.354620315991212,-1.1028093835709,1505,34,"comt;LysB;LysD;LysE;Ag5r2;CG16756;CG9400"
"GOBP_NEGATIVE_REGULATION_OF_PROTEIN_LOCALIZATION_TO_NUCLEUS",0.307909036023345,0.413827493823975,-0.389623964691004,-1.11531406782553,1529,23,"cact;sgg;14-3-3zeta;alpha-Cat;wts;Sin3A"
"GOBP_METANEPHROS_MORPHOGENESIS",0.30862452029893,0.414410469520516,-0.430975043082513,-1.12651308323114,1527,16,"arm;salr;rk;Wnt2;Cbp53E"
"GOBP_POSITIVE_REGULATION_OF_ORGAN_GROWTH",0.308602999210734,0.414410469520516,0.413530533062278,1.11843443202535,1563,19,"H2.0;smo;tkv;Cdk1;pros;N;p38b"
"GOBP_NEGATIVE_REGULATION_OF_CYTOPLASMIC_PATTERN_RECOGNITION_RECEPTOR_SIGNALING_PATHWAY",0.309135399673736,0.414907092080352,-0.361806898808703,-1.10536583281788,1515,31,"aurA;Su(dx);AlaRS-m;Ppt1;Ubqn;CG3165;loqs;Lamp1;Tsp47F;CG9003;P32"
"GOBP_URATE_METABOLIC_PROCESS",0.309305640399104,0.414946280918451,-0.417721053824116,-1.1217631533917,1518,18,"w;Orct;Mct1;sut3;G6P;LRR;CG4630;CG8468"
"GOBP_RESPONSE_TO_LITHIUM_ION",0.310093230644508,0.415813256406628,-0.409963508613819,-1.11657405452982,1529,19,"sgg;hh;Ac76E;Calr;slbo"
"GOBP_ACTIN_NUCLEATION",0.311102074013827,0.416357464068424,-0.363093853964259,-1.10101420867754,1529,30,"capu;Arpc1;alpha-Cat;dia;Hem"
"GOBP_ESTABLISHMENT_OR_MAINTENANCE_OF_MONOPOLAR_CELL_POLARITY",0.31079478054567,0.416357464068424,0.407826301625779,1.11679044082204,1571,20,"sn;Wnt5;CG10939;Rho1;Graf;BBS8"
"GOBP_POSITIVE_REGULATION_OF_CYTOKINE_PRODUCTION_INVOLVED_IN_IMMUNE_RESPONSE",0.31128640776699,0.416357464068424,-0.405383369918977,-1.1188622837309,1538,20,"grn;Hex-C;mnd;Hr38;mspo"
"GOBP_PROTEIN_K48_LINKED_UBIQUITINATION",0.311348205625606,0.416357464068424,0.316137997759506,1.08578111785048,1604,56,"kel;hyd;mr;Ubc6;eff;Cdc27;Diap2;Ubc2;Pli;SkpA;Cdc16"
"GOBP_REGULATION_OF_CARBOHYDRATE_CATABOLIC_PROCESS",0.311158798283262,0.416357464068424,0.331357550482822,1.09138234467167,1594,46,"Ald1;Appl;Pka-C1;Actn"
"GOBP_RESPONSE_TO_INTERLEUKIN_6",0.311124570967091,0.416357464068424,-0.438413394998966,-1.12789122228692,1540,15,"FER;hop;slbo;Dif;tsr;Rel"
"GOBP_GOLGI_TO_PLASMA_MEMBRANE_TRANSPORT",0.312170385395538,0.416888458390228,-0.331615136313679,-1.08765264904303,1538,43,"comt;Ank;Rab11;Khc-73;Rack1;fidipidine;Amnionless;Sec71;Gga;Tomosyn"
"GOBP_NEGATIVE_REGULATION_OF_EPITHELIAL_CELL_DIFFERENTIATION",0.312058170066653,0.416888458390228,-0.42923164617964,-1.12195606896344,1544,16,"arm;E(z);sax;Ser;B52;zfh1"
"GOBP_SODIUM_ION_TRANSPORT",0.312152991980259,0.416888458390228,-0.280589171357694,-1.06696463376827,1517,98,"Gpdh1;Atpalpha;per;Pkc98E;14-3-3zeta;Vha55;Nmdar1;Nos;Ank;nrv1;CG2187;fray;Sik2;CNT2;Nhe1"
"GOBP_INTERFERON_MEDIATED_SIGNALING_PATHWAY",0.312512315270936,0.417155731182892,0.346580813908277,1.09343802088166,1585,38,"EcR;CG5504;Raf;Wnt5;Cdc37;not;arg;fal"
"GOBP_ACTIVATED_T_CELL_PROLIFERATION",0.312739753684636,0.417270002421858,-0.438025696831536,-1.12689380440478,1548,15,"Abl;Stat92E;galectin;CG11374"
"GOBP_CELLULAR_RESPONSE_TO_GONADOTROPIN_STIMULUS",0.313101551758004,0.417563356877629,0.418822166506121,1.1178099625333,1593,18,"CycA;N;sv;Lgr1;Actbeta"
"GOBP_MITOCHONDRIAL_FISSION",0.313517915309446,0.4179291829816,-0.376222506488024,-1.10445659471246,1539,26,"aurA;rb;Pgam5;Rlip;Mtch;Slc25A46a;PAPLA1;Slc25A46b"
"GOBP_POSITIVE_REGULATION_OF_SMOOTHENED_SIGNALING_PATHWAY",0.313824419778002,0.418148298454204,-0.392353296023636,-1.11047852796028,1554,22,"fu;hh;alpha-Cat;Uch-L5;Cpr;sfl;btv"
"GOBP_NEGATIVE_REGULATION_OF_HIPPO_SIGNALING",0.314591170065334,0.418899468585766,0.431872603211295,1.11490304129902,1588,16,"sti;Sirt1;p38b;jub;Dlg5"
"GOBP_POSITIVE_REGULATION_OF_TRIGLYCERIDE_METABOLIC_PROCESS",0.31467295226871,0.418899468585766,0.418122431972457,1.11594241516975,1601,18,"Pka-C1;EcR;Tip60"
"GOBP_FATTY_ACID_BIOSYNTHETIC_PROCESS",0.315573770491803,0.419718821332227,-0.287532192866028,-1.06890453788931,1539,84,"adp;Cyp6a2;Su(P);GstS1;poe;ND-ACP;AcCoAS;Cyp6a9;Hydr2;Cyp9c1;ATPCL;Gcn5;Plap;Cyp28a5;trbl;Las;CG3603;CG5966;Mfe2;CG6847"
"GOBP_REGULATION_OF_SYSTEMIC_ARTERIAL_BLOOD_PRESSURE",0.315485996705107,0.419718821332227,-0.309176169075162,-1.07980885625792,1531,59,"sgg;svp;Tm2;Ptp4E;Plc21C;TkR99D;Nos;Nca;Acer;sfl;wit;Oamb;sut3;Nep1;Nep3;CG17633;CG5355;CG17134;CG2493;BBS4;CG10104"
"GOBP_NEGATIVE_REGULATION_OF_LYMPHOCYTE_APOPTOTIC_PROCESS",0.315903709550118,0.419967787391075,0.410311630891411,1.10972859114206,1600,19,"Hr3;dpp;arg;foi;mino;CG15890;Zir"
"GOBP_REGULATION_OF_EXTRINSIC_APOPTOTIC_SIGNALING_PATHWAY_IN_ABSENCE_OF_LIGAND",0.316101026045777,0.420040297482691,0.410168437841338,1.10934131130461,1601,19,"eya;Hsp68;Hsp70Aa;Hsp70Bb;Nf1;Actbeta"
"GOBP_CYCLIC_NUCLEOTIDE_METABOLIC_PROCESS",0.316570976044348,0.420474858475156,0.431289633207873,1.11339807195165,1598,16,"dnc;Gycalpha99B;Ac3;Ac78C;Eph"
"GOBP_ATP_BIOSYNTHETIC_PROCESS",0.317335945151812,0.421271461193138,0.303982753002847,1.07752603188678,1619,68,"Ald1;Ldh;ATPsynbeta;ATPsynG;ND-SGDH;ATPsynD;CG5989;ND-75;ND-23;ND-42;ATPsyngamma;aralar1;ND-ASHI;Pink1;ND-20;ND-24;ND-18;ND-B17.2;ND-B14.5B;ND-13A;ATPsynGL"
"GOBP_REGULATION_OF_PROTEIN_LOCALIZATION_TO_CELL_SURFACE",0.317457114026236,0.421271461193138,-0.39119209404018,-1.10719197504401,1572,22,"arm;Gpdh1;Egfr;Rab11;Torsin;TM9SF4"
"GOBP_POSITIVE_REGULATION_OF_NEUROTRANSMITTER_SECRETION",0.318082788671024,0.421911435649302,0.439746529185995,1.11397465002455,1605,15,"Syt1;Rop;Pp2B-14D;Syx1A"
"GOBP_NEGATIVE_REGULATION_OF_INFLAMMATORY_RESPONSE",0.318243902439024,0.421934908055705,0.306726653144401,1.0790791834798,1630,65,"EcR;sl;Sod1;ss;tup;Fur1;ash1;Ptp69D;Pka-R2;p38b;Smox;nes;Syt4;Fmr1"
"GOBP_PROTEIN_EXIT_FROM_ENDOPLASMIC_RETICULUM",0.318825910931174,0.422516139621403,-0.364360567343811,-1.0984457321071,1574,29,"Sec61beta;Edem1;Sec13;Faf2;TM9SF4;CG16865;CG6766;CG11141;Sec24AB;CG13887;CG12010;sff;CG14646;Der-2;Sar1;Gp93"
"GOBP_CENTRAL_NERVOUS_SYSTEM_PROJECTION_NEURON_AXONOGENESIS",0.3201189296333,0.423821257701505,0.401366082962731,1.11002948568098,1614,21,"nAChRalpha1;ci;PlexB;PlexA;Eph;Adar"
"GOBP_CGAS_STING_SIGNALING_PATHWAY",0.320097739767868,0.423821257701505,-0.414214865795702,-1.11234750985846,1571,18,"aurA;Dif;abs;AlaRS-m;CG3165;Sting"
"GOBP_NATURAL_KILLER_CELL_MEDIATED_IMMUNITY",0.320242914979757,0.423821257701505,-0.369808378270455,-1.09659360028331,1581,27,"csw;betaTub85D;Pi3K59F;Pi3K92E;Stat92E;Pi3K21B;Crk;galectin;CG11374"
"GOBP_FATTY_ACID_METABOLIC_PROCESS",0.320518092105263,0.423830208342456,-0.24958030986595,-1.04891493233329,1558,202,"adp;Cyp6a2;Fbp2;per;Su(P);Mdr49;Vha55;Jhe;GstS1;wal;Sply;poe;ND-ACP;AcCoAS;Cyp6a9;Hydr2;Cyp9c1;Cpr;ATPCL;Gcn5;Lip3;chico;Plap;fidipidine;Ugt37C1;Ugt37A1;CG4757;glob1;Sur;Cyp28a5;trbl;Las;CG3603;CG3626;Sirt4;CG5966;CG11095;Mfe2;CG6847;CG9577;CG8814;CG3165;Cyp28d2;Cyp4d21;Acbp1;CG4598"
"GOBP_VIRAL_GENOME_REPLICATION",0.3205378020265,0.423830208342456,0.317304967735145,1.08037328517351,1644,54,"shu;pros;N;Gcn2;Pkn;bon;Kap-alpha1;CycK;Adar;Rad23;Fmr1;CG16863;Atg5;Tango10;CG8565"
"GOBP_CATECHOLAMINE_UPTAKE",0.321999595223639,0.42439275769895,-0.419921962321476,-1.11392750212218,1590,17,"Act42A;Orct;Torsin"
"GOBP_GLYCOSPHINGOLIPID_BIOSYNTHETIC_PROCESS",0.321866350336101,0.42439275769895,0.40370422166469,1.10550254821066,1627,20,"brn;ifc;AMPKalpha"
"GOBP_NATURAL_KILLER_CELL_ACTIVATION",0.321582452017235,0.42439275769895,0.353756930209406,1.0929403857401,1641,34,"emc;Syb;nSyb;Ptp69D;vri;Rab27;AP-1gamma;PGRP-SA;CG4789"
"GOBP_ORGANIC_ANION_TRANSPORT",0.321576763485477,0.42439275769895,-0.246245046745115,-1.04453541840733,1549,224,"cn;Got2;mnd;Atpalpha;per;sesB;w;Mdr49;Mdr65;mys;Jhe;kermit;scat;Mvl;Nos;Esp;Shark;tty;Acer;colt;Orct;mGluR;Mct1;chico;Eaat2;Eaat1;Ugt37C1;Ugt37A1;cert;CG4757;Dic1;rtet;sut3;Sur;sbm;CG11655;CG6299;CG9903;CG7914;Shawn;CG12531;Tspo;G6P;Tsp;CG7627;CG7309;CG17036;MRP;Irk3;CG13743;CG8046;Sln;Balat;CG4630;VGAT;CG8468;Jhedup"
"GOBP_REGULATION_OF_CHROMATIN_ORGANIZATION",0.32152311138261,0.42439275769895,-0.413902222054077,-1.1115079251014,1578,18,"prd;trx;Cdk2;yem;Ssrp;Acf"
"GOBP_REGULATION_OF_SMOOTH_MUSCLE_CELL_DIFFERENTIATION",0.321999595223639,0.42439275769895,-0.41991011997743,-1.11389608792168,1590,17,"Su(var)2-10;bs;zfh1;hh;htl;Hey"
"GOBP_RESPONSE_TO_COLD",0.322117276662731,0.42439275769895,0.370671575815098,1.09331746612276,1636,28,"Pka-C1;Hsp83;Jra;Gcn2;AMPKalpha"
"GOBP_VIRAL_TRANSLATION",0.321823204419889,0.42439275769895,0.408635601339761,1.10519560262057,1630,19,"heph;Oda;Gcn2;MCTS1;Atg5;ATP7"
"GOBP_REGULATION_OF_NUCLEOTIDE_EXCISION_REPAIR",0.322965057564128,0.425319247696359,-0.42500404726665,-1.11090567158527,1598,16,"Act42A;mor;Snr1;chm;Bap111"
"GOBP_FIBROBLAST_MIGRATION",0.323279352226721,0.425522438499374,-0.363134400648839,-1.09474918068618,1596,29,"FER;Pkc98E;zfh1;mys;Sdc;Sply;Fak;glob1"
"GOBP_REGULATION_OF_DOUBLE_STRAND_BREAK_REPAIR_VIA_HOMOLOGOUS_RECOMBINATION",0.323408624229979,0.425522438499374,-0.313507847148239,-1.07663926265967,1574,54,"Abl;Act42A;mus301;spn-A;Su(var)2-10;Pp4-19C;RecQ5;Set2;Ing3;Ubqn;Art2;Gas41;YL-1"
"GOBP_REGULATION_OF_CELLULAR_RESPONSE_TO_VASCULAR_ENDOTHELIAL_GROWTH_FACTOR_STIMULUS",0.32404603270745,0.426170508817755,-0.432631786571421,-1.11301707503112,1604,15,"if;svp;mys;Pi3K92E;PRL-1;AdamTS-B"
"GOBP_NUCLEUS_LOCALIZATION",0.324428253390002,0.426482538638689,-0.418492297860422,-1.1101350294609,1602,17,"hook;Cdc42;LamC;Lis-1;NetB;nudC"
"GOBP_PROSTATE_GLAND_DEVELOPMENT",0.324945512185457,0.42697172704315,0.395094390863374,1.10457332948501,1639,22,"Sap-r;dpp;emc;fkh;N;Wnt5;gbb"
"GOBP_PROTEIN_LOCALIZATION_TO_ENDOPLASMIC_RETICULUM",0.325388810341345,0.427363339296535,-0.423605711886653,-1.10725060355848,1610,16,"bic;Ank;fan;Vap33;Sting;CG15651;PPP1R15;CG13887"
"GOBP_REGULATION_OF_CELLULAR_SENESCENCE",0.325668979187314,0.42754044478763,0.399765000013195,1.10560148501414,1642,21,"Ras85D;tkv;Rca1;Abi;cyc;arg;Sirt1"
"GOBP_NEGATIVE_REGULATION_OF_TOR_SIGNALING",0.326534774627779,0.42810396923125,-0.326543905812034,-1.0794423338984,1600,45,"ben;sgg;14-3-3zeta;gig;nmo;Sec13;Tsc1;Wdr24;CG3473;Usp7;Nprl2;Ubr1;mio"
"GOBP_OLIGODENDROCYTE_DEVELOPMENT",0.326446280991736,0.42810396923125,0.369266050503062,1.08917178710935,1658,28,"emc;kto;Ten-m;eIF2Bepsilon;eIF2Bbeta;Eato"
"GOBP_RETROGRADE_TRANSPORT_ENDOSOME_TO_GOLGI",0.326394344069128,0.42810396923125,0.299818459372805,1.06949997765815,1661,70,"Arl1;DCTN1-p150;Syb;Rab14;Rab4;Surf4;syd;Rich;fab1;Arfrp1;Syx16;CG1695;Tbc1d15-17;TBC1D23;Vps29;CG17660;Snx1;Vps53;mon2"
"GOBP_POSITIVE_REGULATION_OF_AMIDE_METABOLIC_PROCESS",0.327749747729566,0.429314228771319,-0.388256505438996,-1.09888337118729,1623,22,"sgg;pigeon;Dif;Atet;nAChRalpha5;CG3626;CG4822;CG5853"
"GOBP_SIGNALING_RECEPTOR_LIGAND_PRECURSOR_PROCESSING",0.327694728560189,0.429314228771319,0.363568553774192,1.088110356303,1665,30,"Ace;Fur1;Fur2;Ance"
"GOBP_NEGATIVE_REGULATION_OF_RESPONSE_TO_BIOTIC_STIMULUS",0.327970297029703,0.429411933182637,-0.305068357937739,-1.07094148166548,1589,61,"aurA;csw;dx;Su(dx);14-3-3zeta;pll;Tsf1;Crk;trbl;CG5445;cactin;galectin;CG11374;CG3165;OtopLb"
"GOBP_POSITIVE_REGULATION_OF_AMYLOID_BETA_FORMATION",0.328678405181137,0.430030041819489,-0.417000984352108,-1.10617902029669,1623,17,"sgg;pigeon;Dif;Atet;nAChRalpha5;CG4822;CG5853"
"GOBP_REGULATION_OF_MEMBRANE_LIPID_DISTRIBUTION",0.328734726054395,0.430030041819489,0.345504076292475,1.08496210985511,1667,37,"Syt1;porin;trpl;CG3149;Eato;CG33090;SK;CG4332;CG9981;CG1801;CG31689;CG9663;CG33298"
"GOBP_LYSOSOMAL_TRANSPORT",0.329103561195252,0.430321189793969,-0.282757672814635,-1.06053506283726,1607,89,"cm;dor;hook;Hsc70-2;rb;kst;scat;Pi3K59F;Rab7;Past1;Khc-73;Lip3;rush;CG3558;Sara;Amph;ZnT35C"
"GOBP_CELLULAR_RESPONSE_TO_CAMP",0.329436976427041,0.430374593538345,0.32365954003373,1.07580482268718,1690,48,"Appl;dnc;r;ss;l(2)03659;Calx;Actbeta;Ass"
"GOBP_MATERNAL_PLACENTA_DEVELOPMENT",0.32938154514918,0.430374593538345,0.419227748176867,1.09840523123097,1666,17,"Jra;usp;Hrb27C;ash1"
"GOBP_PROTEIN_TARGETING_TO_MITOCHONDRION",0.329743489328373,0.430583819620094,0.29796458486729,1.06617852421641,1683,71,"Hsp68;Rac1;eff;Hsp70Aa;Hsp70Bb;Rac2;dod;Tom40;fz2;AMPKalpha;Tim8;Aos1;Marf;Pink1;CG1847;Tim9a;CG9240"
"GOBP_REGULATION_OF_FIBROBLAST_GROWTH_FACTOR_RECEPTOR_SIGNALING_PATHWAY",0.330231637299545,0.431029936528509,0.425819270227618,1.09927602698203,1667,16,"fy;run;CrebA;Wnt5;sty"
"GOBP_POSITIVE_REGULATION_OF_RESPONSE_TO_ENDOPLASMIC_RETICULUM_STRESS",0.331015299026426,0.431861201656649,0.388945095284431,1.0984635647576,1665,23,"Appl;dock;Xbp1;Sirt1"
"GOBP_REGULATION_OF_STEROL_TRANSPORT",0.331973898858075,0.432886410552107,-0.356329270611486,-1.08863098593127,1627,31,"cact;ptc;Mdr65;hh;Jhe;Rel;Atet;CG4757;CG4822;Tspo;Tango14;CG5853"
"GOBP_XENOBIOTIC_METABOLIC_PROCESS",0.33209538702111,0.432886410552107,0.284869507931845,1.05955367655648,1698,89,"Ace;Hr3;r;ry;ss;Hnf4;Cyp18a1;l(2)03659;Aldh;Cyp9b1;Ugt37B1;Ugt36E1;Ugt36F1"
"GOBP_U2_TYPE_PRESPLICEOSOME_ASSEMBLY",0.332340087405642,0.433013523980247,0.384111357018901,1.09248996149297,1672,24,"SmF;snf;SmD3;Sf3b1;Sf3b2;Phf5a"
"GOBP_NEGATIVE_REGULATION_OF_TRANSMEMBRANE_TRANSPORT",0.332922318125771,0.433388256604432,-0.300794584397468,-1.06495309980642,1619,64,"Cam;Atpalpha;Pkc98E;sgg;Su(dx);14-3-3zeta;CanA1;Nos;Ank;Fkbp12;fray;chico;Amph"
"GOBP_PROTEINOGENIC_AMINO_ACID_BIOSYNTHETIC_PROCESS",0.332793522267206,0.433388256604432,-0.360697845604898,-1.08740364516741,1643,29,"Got2;Gs2;Hn;CG11899;P5cr;Oat;Pcd"
"GOBP_REGULATION_OF_MAST_CELL_DEGRANULATION",0.333535598705502,0.433994573813174,-0.399350523649826,-1.10221156578101,1648,20,"FER;grn;Shark;dos;galectin;CG11374"
"GOBP_AUTOPHAGY_OF_MITOCHONDRION",0.334554334554335,0.435127697727167,-0.286558784587615,-1.05530459550846,1643,79,"ref(2)P;sesB;sgg;gig;Phb2;Cul1;Roc1a;Cortactin;STUB1;htt;Usp30;HUWE1;Slc25A46a;Tspo;Atg4a;CG4230;CG5676;Slc25A46b;Atg18b;Vps13;DJ-1alpha;Atg9;zda;Gint3"
"GOBP_EXTRACELLULAR_TRANSPORT",0.334890333062551,0.435372231493603,-0.374559663684867,-1.09060882431784,1648,25,"fu;Su(dx);Dhc93AB;Vang;Drip;nmdyn-D7"
"GOBP_POSITIVE_REGULATION_OF_CHROMOSOME_SEPARATION",0.33536825521859,0.435724290955126,0.377773584862971,1.08710306820778,1702,25,"fzy;polo;barr;Cdc16;Mad1;SMC2"
"GOBP_PROTEIN_LOCALIZATION_TO_VACUOLE",0.335457348406989,0.435724290955126,-0.317264041053776,-1.07054461370188,1631,50,"cm;rb;ref(2)P;scat;Pi3K59F;Rab7;Vps28;Sara;Smurf;Gga;Hrs;Mon1;Lamp1;Vps13;RagC-D;Snx16;EndoB"
"GOBP_BLASTOCYST_FORMATION",0.336437246963563,0.436611548551743,-0.359563474368046,-1.08398383151186,1661,29,"ftz-f1;pk;bs;Ets97D;fng;wts;Rga;Nle"
"GOBP_CELLULAR_RESPONSE_TO_GLUCOSE_STARVATION",0.336397418345394,0.436611548551743,0.351995126732803,1.07996356289946,1719,33,"Hsc70-3;Mybbp1A;Xbp1;AMPKalpha;Sirt1;Tip60;Lsd-2;CG3632"
"GOBP_REGULATION_OF_B_CELL_MEDIATED_IMMUNITY",0.337300786766189,0.437539203997411,-0.391213149449931,-1.09429822151554,1671,21,"csw;Pms2;Stat92E;Hmt4-20;Spt6"
"GOBP_GLYCOSAMINOGLYCAN_BIOSYNTHETIC_PROCESS",0.337813072693952,0.43779797744406,-0.408736355728583,-1.09763532173072,1658,18,"Chc;Rel;sotv;Hs3st-B"
"GOBP_RESPONSE_TO_OSMOTIC_STRESS",0.337946705226193,0.43779797744406,-0.306551950207322,-1.06622392068276,1635,58,"cn;Atpalpha;hep;Dif;Irbp;nmo;Drip;fray;CalpB;sut3;Spn27A;Tollo;raptor;NFAT;Tspo;MICU1;Swip-1;cyst;Vps13;Prip"
"GOBP_TRNA_MODIFICATION",0.337940432158848,0.43779797744406,0.314410807345713,1.06726377182641,1735,53,"scu;CG3587;CG4045;AlaRS;l(1)G0020;wuho;THADA;CG14618;SerRS;Elp3;Uba4;CG7849;Elp2;CG9752;CG3045;CG4610;CG17807;CG15014;CG11342;CG3434;CG11109;CG18048;CG9386;CG6345;Elp1"
"GOBP_FATTY_ACID_DERIVATIVE_BIOSYNTHETIC_PROCESS",0.338646202282566,0.438511059469766,0.366022128352325,1.07960364922787,1720,28,"CG17636;bgm;spidey;CG1492;CG4829;Ggt-1;CG9547;Hacd1;Dgat2;CG1946;ACC"
"GOBP_DEFENSE_RESPONSE_TO_GRAM_NEGATIVE_BACTERIUM",0.339271255060729,0.438883301572377,-0.358883594138839,-1.08193418178835,1675,29,"LysB;LysD;LysE;Mvl;Nos;Drip;Tsf1;drosha;CG16756"
"GOBP_INFLAMMATORY_RESPONSE_TO_ANTIGENIC_STIMULUS",0.339271255060729,0.438883301572377,-0.358822541452801,-1.08175012492703,1675,29,"Galphas;grn;Su(H);Shark;LysRS;Mkrn1;CG3165;MRP;Prosalpha6T"
"GOBP_MRNA_PROCESSING",0.339381207028266,0.438883301572377,0.236566397997497,1.03760956310421,1776,331,"bru1;Pka-C1;crn;SmF;Hrb98DE;Mtr4;lds;nau;snf;tra2;nonA;Hrb27C;orb;Pabp2;Xe7;Ref1;heph;lark;Hel25E;mof;Psi;Ddx1;Clp;csul;hrg;Nlp;angel;Atu;Cdk9;Nnp-1;Cbp20;qkr58E-3;qkr58E-1;qkr54B;SmD3;fus;sip1;MTPAP;Bin1;kin17;CG2685;SF1;Adar;NiPp1;CG5808;CstF64;Cpsf100;Nab2;x16;Fmr1;CG16890;icln;Trf4-1;PPP4R2r;Upf1;Tango4;CG15747;mRNA-cap;CG5877;CG8565;Usp39;Ssu72;CG11454;CG3436;Sf3b1;CG4887;tho2;Sf3b2;Dim1;CG3294"
"GOBP_CENTRAL_NERVOUS_SYSTEM_NEURON_AXONOGENESIS",0.339630066902794,0.43901215150616,0.365793790808604,1.07893015430403,1725,28,"nAChRalpha1;Pkc53E;ci;PlexB;PlexA;Eph;Adar"
"GOBP_MACROPHAGE_MIGRATION",0.340248962655602,0.439408256733131,0.415914388369543,1.08972400304142,1721,17,"rl;Ptp10D;myo"
"GOBP_ORGANIC_CATION_TRANSPORT",0.340460191407045,0.439408256733131,-0.290304138467054,-1.05465305262612,1671,73,"Act42A;mnd;TkR99D;Mvl;Acer;colt;Orct;Mct1;Rlip;Eaat2;Eaat1"
"GOBP_QUATERNARY_AMMONIUM_GROUP_TRANSPORT",0.340460191407045,0.439408256733131,-0.407629556844361,-1.0946630841689,1671,18,"colt;Orct;Mct1;Balat;CG4630;CG8468;Tpc2"
"GOBP_RESPONSE_TO_CAMP",0.34053393111881,0.439408256733131,-0.297318621981157,-1.06175385338531,1670,66,"Gpdh1;grn;per;Rap1;Top1;Itpr;Hmgs;Drip;ATPsynO;CG2187;Alas"
"GOBP_RESPONSE_TO_INCREASED_OXYGEN_LEVELS",0.340797485759183,0.439555547173834,0.409175170629188,1.09206273862271,1734,18,"Cat;Sh;HDAC1"
"GOBP_NEGATIVE_REGULATION_OF_SMALL_MOLECULE_METABOLIC_PROCESS",0.341073170731707,0.439718347192236,0.302795295863166,1.06524847864371,1747,65,"Ald1;Pka-C1;dpp;Actn;pros;Wnt5;phr6-4;gbb;Sirt1;Ugt37B1;Pfrx"
"GOBP_REGULATION_OF_HIPPO_SIGNALING",0.341564598972738,0.440159023292946,0.362098479260813,1.07666729841501,1728,29,"sti;ex;14-3-3epsilon;Sirt1;p38b;AlaRS;jub;Schip1;Dlg5"
"GOBP_MEMBRANE_LIPID_BIOSYNTHETIC_PROCESS",0.343615775087856,0.442433182638906,0.286331689452565,1.05641780455645,1759,84,"brn;ifc;Osbp;AMPKalpha;PIG-K;CG7115;CG17841;Eato;CG33090;PGAP1;GAA1;PIG-T;Sk1;dob;CG1801;CG8673;PIG-U;Hacd1;Hacd2;TM9SF2;PIG-N;CG16935"
"GOBP_POSITIVE_REGULATION_OF_SPINDLE_CHECKPOINT",0.343630123157682,0.442433182638906,-0.425258923499717,-1.09404916110204,1701,15,"aurA;sw;ctp;robl"
"GOBP_CARBOHYDRATE_DERIVATIVE_CATABOLIC_PROCESS",0.344143771947945,0.442634583600725,-0.262498634845882,-1.04601331981157,1665,135,"Eno;Gal;Gapdh1;Gpdh1;Hex-C;Pfk;Pgi;mts;Arl2;nvy;Uch;Pglym87;Stt3B;CRMP;Lip3;Edem1;NTPase;LManII;Mtch;Ogg1;AdamTS-B;raptor;CG10996;PGRP-LE;CG17065;HINT1;CG3165;CG8891"
"GOBP_CELLULAR_RESPONSE_TO_UV",0.344707091469681,0.442634583600725,-0.315489506902742,-1.06455679998398,1676,50,"aurA;mei-9;Xpc;Taf1;Drip;Pi3K21B;Roc1a;Timp;Ercc1;Nep1;CG8173;CG3165;tank"
"GOBP_MITOTIC_G2_M_TRANSITION_CHECKPOINT",0.344800471790839,0.442634583600725,0.345598908485015,1.07466852754877,1753,35,"chif;polo;Cdk1;mei-41;l(2)dtl;Rad17"
"GOBP_MOTOR_BEHAVIOR",0.344055374592834,0.442634583600725,-0.367649148854666,-1.07928824031128,1689,26,"Ama;Lcch3;scat;nrv1;Eaat1;CG15387;CG11034;CCHa2-R;Vps13;KCNQ"
"GOBP_REGULATION_OF_NUCLEOTIDE_BINDING_DOMAIN_LEUCINE_RICH_REPEAT_CONTAINING_RECEPTOR_SIGNALING_PATHWAY",0.344398340248963,0.442634583600725,0.414666532124849,1.08645453475608,1742,17,"Hsp68;Hsp70Aa;Hsp70Bb;Diap2"
"GOBP_REGULATION_OF_TISSUE_REMODELING",0.344820795588815,0.442634583600725,0.375044691209966,1.079250246354,1750,25,"Pkc53E;Pp2B-14D;Nf1;Lgr1;Pdk;Rok;RhoGAP15B;Pvr;Hand"
"GOBP_RESPONSE_TO_CHEMOKINE",0.344922412099784,0.442634583600725,0.407938175274672,1.08876127599378,1755,18,"Galphai;robo2;rl;Rho1"
"GOBP_VASODILATION",0.344990176817289,0.442634583600725,0.371092387985636,1.07710302747689,1755,26,"for;r;slo;Sod1;Dop1R1;Gycalpha99B"
"GOBP_PIGMENT_METABOLIC_PROCESS",0.345189144736842,0.442696802012114,-0.314777315844569,-1.06584980671749,1678,51,"mnd;zfh1;kermit;Mvl;Ppox;Alas;Irp-1B;Ugt37C1;Ugt37A1;Uros1;MSBP;Tspo;hoe2;MRP;Urod;CG5532;ABCB7;Slc45-1;Pbgs;CG9701;CG1090;CG9471;Ho;Ugt37A2;Ugt37A3;Hmt-1;CG7988"
"GOBP_RESPONSE_TO_PURINE_CONTAINING_COMPOUND",0.345394736842105,0.442767457860337,-0.276510426524568,-1.04964889259905,1679,96,"Galphas;Gpdh1;grn;per;Rap1;Top1;Itpr;Galphaf;Taf1;Hmgs;RyR;Drip;ATPsynO;CG2187;Alas"
"GOBP_NEURON_RECOGNITION",0.345608507286333,0.442848531548951,0.374817292496206,1.07859587069265,1754,25,"Appl;robo2;slp2;tutl;Dcp-1;PlexB"
"GOBP_MICROTUBULE_ORGANIZING_CENTER_LOCALIZATION",0.34608378870674,0.443264478178157,-0.410647344480613,-1.08932471205258,1709,17,"asp;aurA;Moe;Lis-1;asun"
"GOBP_PHOSPHATIDYLINOSITOL_METABOLIC_PROCESS",0.347230737788678,0.444539961085418,-0.278446147828804,-1.04960540109044,1698,91,"mAChR-A;rdgB;fwd;Plc21C;Pi3K59F;Pi3K92E;Ipp;Pi3K21B;Dgkepsilon;Ocrl;Sbf;Pten;EDTP;CG9784;Ipk2;PGAP2;frj;PGAP5;IP3K1;PGAP3;PIG-G;Hyccin;PIG-A;PIG-O;PIP5K59B;sigmar;PIG-Wb;PIG-B"
"GOBP_POSITIVE_REGULATION_OF_LIPID_METABOLIC_PROCESS",0.347578347578348,0.444695720724581,-0.284575239535961,-1.04799983180554,1707,79,"eEF1alpha2;ftz-f1;Pepck1;Pkc98E;Jhe;emp;Cpr;crq;Gcn5;Atet;chico;Plap;CalpB;Taz;CG4757;Dd;Sirt4;raptor"
"GOBP_RETROGRADE_VESICLE_MEDIATED_TRANSPORT_GOLGI_TO_ENDOPLASMIC_RETICULUM",0.347654710287741,0.444695720724581,0.340866836964947,1.07040011389059,1763,37,"BicD;Zw10;wun;CG4293;alphaCOP;epsilonCOP;deltaCOP;Cog3;Cog4;Uvrag"
"GOBP_REGULATION_OF_NEURON_MIGRATION",0.347937131630648,0.444863555522541,0.370219404383502,1.07456917523082,1770,26,"sub;scrt;Sema1a;PlexB;Nipped-B;ball;Socs16D;Wdr62;sky;unc-5;lbk"
"GOBP_PROTEIN_DEACETYLATION",0.348127600554785,0.444913727555246,0.388340787514797,1.08569214486364,1756,22,"fry;Sirt1;HDAC3;HDAC6;D12;Brms1;Ada3;Atac1"
"GOBP_AXONEMAL_DYNEIN_COMPLEX_ASSEMBLY",0.348827969805324,0.44561523541783,0.379572455578362,1.07958041281813,1755,24,"kl-2;Dhc36C;tilB;CG2256;CG10958;gudu;CG10750"
"GOBP_EXTRACELLULAR_VESICLE_BIOGENESIS",0.350437792710242,0.44617469507605,-0.404510431378842,-1.08628687237399,1720,18,"Sdc;Rab11;Rab7;CSN5;Hrs;Vps20;TSG101;Vps24"
"GOBP_MAINTENANCE_OF_PROTEIN_LOCATION",0.350479170741248,0.44617469507605,0.348859887287992,1.07034426960756,1791,33,"Hsc70-3;RanGAP;Pep;Su(fu);Taf8;SkpA;HDAC3;GAA1;Pink1"
"GOBP_NEGATIVE_REGULATION_OF_JNK_CASCADE",0.350171060575569,0.44617469507605,-0.377272083280795,-1.07995631689292,1739,23,"per;Su(dx);Lis-1;trbl;Tao;Art2;Mnn1;CG8569;Hipk"
"GOBP_POSITIVE_REGULATION_OF_MRNA_PROCESSING",0.349817592217268,0.44617469507605,-0.398009376841488,-1.08401585580977,1725,19,"CycB;vls;Bx42;snRNP-U1-70K;Cbp80"
"GOBP_PROTON_TRANSMEMBRANE_TRANSPORT",0.349794238683128,0.44617469507605,-0.2652353804867,-1.04307284953819,1699,122,"mnd;Atpalpha;sesB;Vha55;Phb2;blw;ox;Mvl;sun;nrv1;ATPsynCF6;ATPsynO;ATPsynB;ND-PDSW;ND-B14.5A;Nhe1;ATPsyndelta;CG2930;sut3;Vha100-3;Vha100-2;Vha100-1;ND-MNLL;ND-B18;Ucp4A;ND-15;OtopLb;ND-51;Vha100-5;COX4L;Sting;Sln;ClC-b;VGAT;ND-B15"
"GOBP_REGULATION_OF_RECEPTOR_INTERNALIZATION",0.349478243748769,0.44617469507605,0.333361965324288,1.06283495292252,1774,40,"Appl;dlg1;sl;CanB;Rala;mtm;Fmr1;CG4701;Graf;RhoGAP15B"
"GOBP_RNA_METHYLATION",0.350145489815713,0.44617469507605,0.307831677293143,1.05725292451368,1804,56,"SmF;Fib;scu;SmD3;CG4045;wuho;THADA;CG14618;SerRS;CG2906;Lsm11;CG12128;Lsm10;CG8545;CG12863;CG4610;CG17807;CG11342;CG14100;CG11109;CG1074;CG18048;CG9386"
"GOBP_VESICLE_MEDIATED_TRANSPORT_BETWEEN_ENDOSOMAL_COMPARTMENTS",0.350295857988166,0.44617469507605,0.351845408287803,1.06943774863796,1775,32,"Dab;rl;Klp98A;nuf;Rme-8;Rilpl;mtm"
"GOBP_ERAD_PATHWAY",0.351501439736734,0.446443832324155,-0.299648532975167,-1.05633186937833,1708,62,"Calr;Sec61beta;Stt3B;Edem1;Faf2;Torsin;Sik2;STUB1;CG8042;Rpt4;CG1924;Ubqn;CG6766;Edem2;Sgt;Atf6;p47;casp;CG8405;Gint3;CG13887;CG12010;CG7546;sff;CG14646;CG11999;CG3061;Der-2;wfs1;CG13605;Gp93;alpha-Man-Ib;Trc8"
"GOBP_IMPORT_ACROSS_PLASMA_MEMBRANE",0.351535172949864,0.446443832324155,0.275177550865884,1.04638534777768,1808,101,"kar;dlg1;Ca-alpha1D;sei;CanB;CG10939;Pp2B-14D;Ance;Calx;CanB2;nrv2;Ork1;foi;sut2;sut1;Nhe3;Nckx30C;SK;CG15890;CG16700;VGlut;CG13384;Ance-3;Jwa;nrv3;CG7882;CG8008"
"GOBP_NEGATIVE_REGULATION_OF_INTERLEUKIN_6_PRODUCTION",0.351548269581056,0.446443832324155,-0.40850452131991,-1.08364044243807,1736,17,"csw;pll;Hem"
"GOBP_NEGATIVE_REGULATION_OF_MITOCHONDRIAL_OUTER_MEMBRANE_PERMEABILIZATION_INVOLVED_IN_APOPTOTIC_SIGNALING_PATHWAY",0.351752822341058,0.446443832324155,0.427819051435277,1.08375972626466,1775,15,"Hsp68;Hsp70Aa;Hsp70Bb;CG14777;CG14778"
"GOBP_NON_CANONICAL_NF_KAPPAB_SIGNAL_TRANSDUCTION",0.351372396340276,0.446443832324155,0.31599238500581,1.05906274649268,1804,50,"Appl;Actn;dlg1;Rho1;Diap2;CG5989;gbb;Tak1;CG12645;Sk1;Pdcd4;CG5347"
"GOBP_NUCLEOSIDE_MONOPHOSPHATE_BIOSYNTHETIC_PROCESS",0.351609058402861,0.446443832324155,0.378920680687345,1.07772663392672,1769,24,"Aprt;bur;Dhod;r;l(2)k01209;dnk;Ts"
"GOBP_TRICARBOXYLIC_ACID_CYCLE",0.351713272942103,0.446443832324155,0.373144574801521,1.0737823617259,1785,25,"Idh;mAcon1;Irp-1A;Pdha;ScsbetaG;CG7024"
"GOBP_CELLULAR_RESPONSE_TO_ESTRADIOL_STIMULUS",0.352209944751381,0.446446211744319,0.399223674092953,1.07974010982638,1784,19,"CycA;Dr;His2Av;nau;noc;Tip60"
"GOBP_GRANULOCYTE_ACTIVATION",0.352207483666601,0.446446211744319,0.418381851441934,1.08007591851969,1778,16,"AnxB10;Syb;Rop;nSyb"
"GOBP_POSITIVE_REGULATION_OF_POST_TRANSLATIONAL_PROTEIN_MODIFICATION",0.352063751532489,0.446446211744319,-0.282983643460445,-1.04609169002729,1722,81,"ben;pk;sgg;sr;Su(var)2-10;RpS2;Psc;Set;Roc1a;gus;Ubc10;Axn;STUB1;CG3473;trbl;CG1785;hiw;HUWE1;Ubqn"
"GOBP_NEGATIVE_REGULATION_OF_EXOCYTOSIS",0.352975839717148,0.446736567950149,0.405553241209087,1.08239603730373,1796,18,"Galphai;Raf;Rop;N"
"GOBP_NEGATIVE_REGULATION_OF_VASCULATURE_DEVELOPMENT",0.353068025877279,0.446736567950149,0.334139813076137,1.06194735251159,1800,39,"CrebA;Wnt5;Sema1a;Sema2a;E2f1;sty;Nf1;Spred;Eph;Rok;SPARC;lqf;Naxe"
"GOBP_REGULATION_OF_PATTERN_RECOGNITION_RECEPTOR_SIGNALING_PATHWAY",0.353136603478601,0.446736567950149,0.278847965929059,1.0467427631748,1806,94,"Appl;bsk;EcR;Hsp68;PpV;pum;sl;Hsp70Aa;Hsp70Bb;CkIalpha;Diap2;14-3-3epsilon;Pdk1;Pli;Tak1"
"GOBP_RESPONSE_TO_AMINE",0.352883483719106,0.446736567950149,0.35494132430127,1.07152769116493,1798,31,"r;Shaw;Sod1;Cdk1;GluRIA;Dop1R1;HDAC1;Ptx1;Ass;Dhit"
"GOBP_VESICLE_TETHERING",0.353198251887167,0.446736567950149,0.378115841182819,1.0754375084863,1777,24,"Gmap;TBC1D23;CG4953;CG9067"
"GOBP_REGULATION_OF_RECEPTOR_SIGNALING_PATHWAY_VIA_JAK_STAT",0.354268292682927,0.447897428909828,-0.357847606504079,-1.06879748872648,1742,28,"Cam;Lar;Egfr;hop;Fak;Lnk;Hesr;Hrs"
"GOBP_PROTEOGLYCAN_BIOSYNTHETIC_PROCESS",0.354575163398693,0.448092839655908,-0.342509793318635,-1.06514770024084,1735,34,"arm;pip;Vang;sfl;wit;botv;beta4GalNAcTA;sotv;Hs3st-B;CG9550"
"GOBP_NEGATIVE_REGULATION_OF_HORMONE_SECRETION",0.354864919764371,0.448266463695483,-0.328994125454067,-1.06130935534136,1746,40,"csw;Pfk;TkR99D;babo;Nca;Fkbp12;chico;Sur;Sirt4"
"GOBP_POSITIVE_REGULATION_OF_SIGNAL_TRANSDUCTION_BY_P53_CLASS_MEDIATOR",0.355061047656558,0.448321717684804,0.371947193331096,1.0703367077086,1802,25,"brm;Dr;mei-41;RpL23;Spred"
"GOBP_POSITIVE_REGULATION_OF_TRANSLATIONAL_INITIATION",0.356053100851991,0.44938147692259,0.38535210977967,1.07733663845052,1796,22,"dock;pelo;Gcn2;eIF2Bepsilon;eIF2Bbeta"
"GOBP_RESPONSE_TO_PAIN",0.357924604783137,0.451549823015433,-0.395729821796227,-1.07780727390936,1765,19,"Pu;TkR99D;Tbh;Ret;CalpB;Tat;Tspo;Tsp"
"GOBP_REGULATION_OF_MITOCHONDRIAL_GENE_EXPRESSION",0.358434333399563,0.451999060806478,0.380835822039525,1.07556125462646,1803,23,"mof;AMPKalpha;Shmt;CG1662;CG13390;CG4957;CG7849"
"GOBP_DEOXYRIBONUCLEOTIDE_METABOLIC_PROCESS",0.359555025824394,0.452821377311154,0.37654534120253,1.07097069064392,1809,24,"awd;ry;Ts;fal;Shmt;CG8353;Dera;CG5757;cN-IIIB;CG16758;CG11811"
"GOBP_G_PROTEIN_COUPLED_DOPAMINE_RECEPTOR_SIGNALING_PATHWAY",0.359430604982206,0.452821377311154,0.392446652401692,1.07467485100307,1817,20,"Gbeta13F;Galphao;CG10939;Dop1R1;csul"
"GOBP_LIPID_TRANSLOCATION",0.35967142577743,0.452821377311154,0.346206740105757,1.0622040936045,1838,33,"Syt1;porin;trpl;CG3149;Eato;SK;CG4332;CG9981;CG1801;CG31689;CG9663;CG33298;Tmem63"
"GOBP_MODIFICATION_OF_POSTSYNAPTIC_STRUCTURE",0.359702093397746,0.452821377311154,-0.370272413844267,-1.0698141048914,1786,24,"stau;Rap1;alpha-Cat;tsr;Cortactin"
"GOBP_EXTRINSIC_APOPTOTIC_SIGNALING_PATHWAY_VIA_DEATH_DOMAIN_RECEPTORS",0.359952793076318,0.452943163913827,0.35556204295182,1.06414797767252,1829,30,"Raf;tkv;scrt;Diap2;Nf1;gbb;Atf3;Rab3-GEF;Daxx;CG17019;CG8314;Fem-1"
"GOBP_ENDOTHELIAL_CELL_DEVELOPMENT",0.360305958132045,0.453193727586352,-0.37015593178643,-1.06947755767972,1789,24,"Vinc;Plc21C;Rap1;Mbs;Moe;IKKbeta"
"GOBP_AMINO_ACID_TRANSMEMBRANE_TRANSPORT",0.361767728674203,0.454643595796457,-0.311875814068361,-1.05236310987472,1759,50,"mnd;Atpalpha;per;mys;Mvl;tty;Acer;Orct;Eaat2;Eaat1;sbm;CG12531;Tspo;Irk3;CG13743;Balat;VGAT"
"GOBP_NEGATIVE_REGULATION_OF_MUSCLE_CELL_APOPTOTIC_PROCESS",0.361697806661251,0.454643595796457,-0.366735134347889,-1.06782607014434,1780,25,"arr;mnd;hop;l(2)efl;STUB1;Hey"
"GOBP_RELEASE_OF_SEQUESTERED_CALCIUM_ION_INTO_CYTOSOL_BY_ENDOPLASMIC_RETICULUM",0.362248014660965,0.455052800654381,-0.400825214937274,-1.07639045949612,1778,18,"Cam;Atpalpha;Itpr;RyR;Ank;Fkbp12"
"GOBP_MYELIN_ASSEMBLY",0.362679619510221,0.455400529491707,-0.404255872587497,-1.07237004675853,1791,17,"mys;Itgbn;cora;Nrx-IV"
"GOBP_NEGATIVE_REGULATION_OF_MEMBRANE_PERMEABILITY",0.362971744714483,0.455572898016216,0.409730078287939,1.07352068974756,1836,17,"Hsp68;Hsp70Aa;Hsp70Bb;CG14777;CG14778"
"GOBP_IMMUNOGLOBULIN_PRODUCTION",0.364048040952944,0.456421373175117,0.330444695308697,1.05353402221597,1848,40,"pho;Syb;Mlh1;Ptp69D;spel1;Pkn;Xbp1;CG6171;fal;DNAlig4;Pgant2;Hsp60C"
"GOBP_L_AMINO_ACID_CATABOLIC_PROCESS",0.364114552893045,0.456421373175117,0.316644380031978,1.05248728673251,1868,48,"b;Gdh;Got1;slgA;Sam-S;Hdc;Faa;scu;arg;CG17896;Shmt;CG1764;CG1640"
"GOBP_LACTATION",0.364423455332546,0.456421373175117,0.359678854662386,1.06089379292891,1851,28,"awd;r;ry;Xbp1;Usf;ATP7"
"GOBP_PROXIMAL_TUBULE_DEVELOPMENT",0.364021804966687,0.456421373175117,-0.418072659351274,-1.07556130387294,1802,15,"Drip;Orct;Hey;MRP;Prip;CG4630;Eglp2;Eglp3"
"GOBP_REGULATION_OF_ANGIOTENSIN_LEVELS_IN_BLOOD",0.364370834174914,0.456421373175117,-0.411104379535876,-1.07457373589059,1803,16,"Acer;sfl;Nep1;CG17633;CG5355;CG17134;CG2493;CG10104"
"GOBP_REGULATION_OF_PROTEIN_EXPORT_FROM_NUCLEUS",0.364717542120912,0.456595322944563,0.386941541586312,1.07013656267399,1839,21,"Pka-C1;RanGAP;CaMKI;14-3-3epsilon;emb;HDAC3"
"GOBP_SPHINGOLIPID_BIOSYNTHETIC_PROCESS",0.365082444228904,0.456857741778577,0.304741269717486,1.04663886920906,1881,56,"brn;ifc;Osbp;AMPKalpha;CG7115;CG17841;Eato;Sk1;dob;CG1801;CG8673;Hacd1;Hacd2;TM9SF2"
"GOBP_ANTIMICROBIAL_HUMORAL_RESPONSE",0.365543675610248,0.457240430971662,-0.382976270864748,-1.07125809211478,1811,21,"Gapdh1;Mvl;mspo;Tsf1;RpL39;Torsin;galectin;PGRP-SC1b;Tsf3;PGRP-LF;iPLA2-VIA;CG6878"
"GOBP_RESPONSE_TO_ATP",0.366031617349007,0.457656191347547,-0.393979456101687,-1.07303998882325,1805,19,"Taf1;RyR;Sur;ssh;Asph;veil;Cib2"
"GOBP_POLARIZED_EPITHELIAL_CELL_DIFFERENTIATION",0.366332744058142,0.457748093603417,0.402073817030301,1.07310967349121,1864,18,"Wnt5;CG10939;Rho1;Rab10;Graf;BBS8;Dlg5;CG8314;yki"
"GOBP_POSITIVE_REGULATION_OF_PROTEIN_CONTAINING_COMPLEX_DISASSEMBLY",0.366571892770106,0.457748093603417,-0.365088664189665,-1.06303202781242,1804,25,"aurA;Pp1-87B;tsr"
"GOBP_VITAMIN_TRANSPORT",0.366551654150599,0.457748093603417,-0.331207175259774,-1.05574363338575,1805,38,"w;emp;crq;Orct;Amnionless;sut3;CG3556;CG17036;MRP;CG4630"
"GOBP_REGULATION_OF_LYMPHOCYTE_MIGRATION",0.36685667752443,0.457909353108559,-0.361645114036354,-1.06166251155872,1801,26,"Abl;mys;Moe;Fak;fray;Crk"
"GOBP_CALCIUM_ION_IMPORT",0.368194281237759,0.458328949129271,0.342920379700531,1.05946060716375,1879,34,"Ca-alpha1D;tup;CanB;dpn;Pp2B-14D;Calx;CanB2;Nckx30C;SK;Pvf1"
"GOBP_ENDONUCLEOLYTIC_CLEAVAGE_OF_TRICISTRONIC_RRNA_TRANSCRIPT_SSU_RRNA_5_8S_RRNA_LSU_RRNA",0.367971388833698,0.458328949129271,0.377984864501116,1.06750954496722,1851,23,"Bka;l(3)07882;Rtc1;CG14805;Ulp1;CG1575;CG11123;CG1671;CG8414;CG5645;CG7728;Tsr1"
"GOBP_MODULATION_OF_EXCITATORY_POSTSYNAPTIC_POTENTIAL",0.367455621301775,0.458328949129271,0.347634847684756,1.05663970624276,1862,32,"Appl;dlg1;GluRIA;Syx1A;Calx;mtm"
"GOBP_NEGATIVE_REGULATION_OF_PROTEOLYSIS",0.367560110366575,0.458328949129271,0.290018520086414,1.04407448840308,1864,74,"Acph-1;EcR;Hsp83;Pkc53E;Fur1;Su(fu);faf;Pabp2;RpL23;eIF3h;mtm;Rok;HDAC6"
"GOBP_NEGATIVE_REGULATION_OF_T_CELL_PROLIFERATION",0.367964494654025,0.458328949129271,-0.382137810875105,-1.06891275869036,1823,21,"csw;Su(dx);Egfr;hh;Sdc"
"GOBP_POSITIVE_REGULATION_OF_ORGANELLE_ASSEMBLY",0.368023255813954,0.458328949129271,0.303754781150007,1.04680714540219,1898,57,"bsk;fy;sn;Sas-4;nuf;Rho1;Rala;SAK;Rab3-GAP;Atg5;CG4789;Cp110"
"GOBP_REGULATION_OF_SYNAPTIC_VESICLE_RECYCLING",0.368283356812236,0.458328949129271,-0.371225512322256,-1.06264776746242,1829,23,"Act42A;Cam;CanA1;Cdk5;Plap;Torsin"
"GOBP_CELLULAR_COMPONENT_DISASSEMBLY_INVOLVED_IN_EXECUTION_PHASE_OF_APOPTOSIS",0.368493419760361,0.458396465511621,0.401381506684968,1.07126194081833,1875,18,"awd;pnr;Dcp-1;Drep1"
"GOBP_QUINONE_METABOLIC_PROCESS",0.3686898448242,0.458446966810142,0.401267452661285,1.07095753781836,1876,18,"Fdh;dare;heix;Coq7;Coq6;CG6565;Coq3;CG12091;ND-39;Pdss2"
"GOBP_GLYCOLIPID_BIOSYNTHETIC_PROCESS",0.368892349620401,0.458504982079941,0.312555622548392,1.04754428193497,1894,50,"brn;ifc;AMPKalpha;PIG-K;CG33090;PGAP1;GAA1;PIG-T;CG8673;PIG-U;TM9SF2;PIG-N"
"GOBP_POSITIVE_REGULATION_OF_ADAPTIVE_IMMUNE_RESPONSE",0.369521103896104,0.459092520127676,-0.331678415842333,-1.05094380448552,1820,37,"grn;fs(1)h;14-3-3zeta;Pms2;Mvl;Stat92E;Hmt4-20"
"GOBP_ENDOLYSOSOMAL_TOLL_LIKE_RECEPTOR_SIGNALING_PATHWAY",0.369727547931382,0.459155105957842,-0.375588317312536,-1.06302856623174,1831,22,"Ac76E;pll;stumps;IKKbeta;Tollo;Ppt1;Ubqn;Wdfy2;Myd88"
"GOBP_T_CELL_MIGRATION",0.37130207285168,0.460915906468204,-0.369915402834364,-1.0588975270392,1844,23,"Abl;mys;Moe;Pi3K92E;fray;Crk"
"GOBP_DETECTION_OF_STIMULUS_INVOLVED_IN_SENSORY_PERCEPTION",0.37209756097561,0.461708572075177,0.316282592931922,1.04725371436342,1906,47,"Galphai;Ca-alpha1D;ninaB;Sh;Ork1;Eph"
"GOBP_VIRAL_GENE_EXPRESSION",0.372971862805504,0.462598322248648,-0.313318644572012,-1.04480657547253,1815,48,"mle;sgg;TfIIB;La;alpha-Man-IIa;Edem1;CycT;eIF3g1;FucT6;CG1924;DENR;Art2;Mon1;loqs;Parp16;eIF3b;Mgat1;SiaT;Atg12;eIF3l"
"GOBP_CEREBELLAR_CORTEX_MORPHOGENESIS",0.374320788891125,0.464075752599111,-0.369149437976429,-1.05670492222294,1859,23,"csw;Wnt2;neb;Dsor1;Cdk5;Lim1"
"GOBP_RRNA_METABOLIC_PROCESS",0.374515879163439,0.464122037278365,0.244959757303973,1.02480007787582,1933,209,"brm;Mtr4;Fib;RpS14a;Dbp73D;RpS17;RpL7;Dbp45A;bys;Bka;l(3)07882;pelo;Rlb1;RpL7A;csul;Nlp;pcm;dbe;Rtc1;Nnp-1;CG14805;CG3071;CG11417;CG2685;l(1)G0020;Ulp1;Non1;CG2875;CG1575;CG1738;CG9123;CG12608;Rrp47;CG9609;CG14230;CG17219;CG3008;CG11030;CG9107;Aatf;CG13097;CG4364;CG12288;CG10341;CG11123;CG2906;CG1671;CG12128;RpLP0-like;CG12909;CG8545;Ak6;CG12863;Rrp42;CG8414;CG8950;CG4866"
"GOBP_REGULATION_OF_SIGNAL_TRANSDUCTION_BY_P53_CLASS_MEDIATOR",0.375687352710134,0.465377764915037,0.290316087137485,1.0415120538848,1912,72,"brm;Dr;mei-41;RpL23;Su(Tpl);csul;Nlp;lok;Spred;Sirt1;CSN3;AlaRS;CG11700;CG9123;CG12608;Usp2;CG31917;Art8;Ing5;Mondo;CG8545;CG17019;Mlf;CG8435;ste24a"
"GOBP_ALPHA_AMINO_ACID_BIOSYNTHETIC_PROCESS",0.376428852975956,0.465708025843256,0.33431658234139,1.04983081076478,1909,37,"Gdh;Got1;r;Nmdmc;pug;aay;CG17636;Ass;Shmt;Ggt-1;Cbs;Argl;CG6287"
"GOBP_NEGATIVE_REGULATION_OF_PROTEOLYSIS_INVOLVED_IN_PROTEIN_CATABOLIC_PROCESS",0.376364010706197,0.465708025843256,-0.307229752125894,-1.04542577214456,1827,52,"CkIIbeta;mor;hh;Taf1;kermit;Uch-L5;RpL11;Gcn5;CG1785;Usp7;wcy;CG8173;Sgt;p47;PI31;DJ-1alpha;CG14480;Hipk;CG7546;CG11658;viaf;Pbgs"
"GOBP_RESPONSE_TO_AMINO_ACID_STARVATION",0.376333465033584,0.465708025843256,0.353918546217635,1.05234500236784,1904,29,"bsk;rl;Ask1;Gcn2;Atf3"
"GOBP_ENDOPLASMIC_RETICULUM_TO_CYTOSOL_TRANSPORT",0.377049180327869,0.466083482573357,-0.399463559687965,-1.05965747247913,1862,17,"Sec61beta;Edem1;Faf2;CG6766;CG13887;CG12010;sff;CG14646;Der-2;Gp93"
"GOBP_REGULATION_OF_MYELOID_LEUKOCYTE_MEDIATED_IMMUNITY",0.377039151712887,0.466083482573357,-0.344631725702574,-1.05289350687065,1848,31,"FER;grn;mys;Shark;dos;RhoGAP1A;galectin;CG11374"
"GOBP_CORONARY_VASCULATURE_DEVELOPMENT",0.377458693941778,0.466197933491482,0.351404734113339,1.05170572777345,1918,30,"dpp;N;Su(fu);AP-1-2beta;Dad;Spred;Scgdelta;PlexB"
"GOBP_PHOSPHOLIPID_DEPHOSPHORYLATION",0.377316228873956,0.466197933491482,-0.396278313064724,-1.06418004554638,1852,18,"mAChR-A;Ocrl;Pten;CG9784"
"GOBP_CLATHRIN_DEPENDENT_ENDOCYTOSIS",0.377822990844354,0.46625639222487,-0.335025136792825,-1.04855557764557,1856,35,"Chc;shi;Pi3K92E;Nak;unc-119;promL;Ack;CG12121;CG1924;Ubqn"
"GOBP_MODIFIED_AMINO_ACID_BIOSYNTHETIC_PROCESS",0.377737226277372,0.46625639222487,-0.343687850258714,-1.0551093171633,1862,32,"Hsp26;Hsp67Bc;mnd;Pu;Eaat2;Eaat1;CG5321;CG12539"
"GOBP_CENTRIOLE_ASSEMBLY",0.379201265322262,0.467757801170098,0.386536018475565,1.05848918705354,1917,20,"fzy;Sas-4;Nlp;SAK;Cp110;Wdr62"
"GOBP_REGULATION_OF_TELOMERE_MAINTENANCE_VIA_TELOMERE_LENGTHENING",0.379357618488053,0.467757801170098,0.340764426136981,1.05279973774138,1936,34,"Hrb98DE;Hsp83;CCT1;mei-41;CCT5;pcm;l(1)G0020;CCT2;WDR79;CCT4;CG10341;Rhau"
"GOBP_POSITIVE_REGULATION_OF_TELOMERE_MAINTENANCE",0.379988320031147,0.468339186230261,0.310165814688896,1.0395347329858,1951,50,"Hrb98DE;Hsp83;pho;rl;CCT1;mei-41;CCT5;Mekk1;Bap55;CG11970;Nek2;CCT2"
"GOBP_POSITIVE_REGULATION_OF_MACROPHAGE_ACTIVATION",0.381149970361589,0.469574209716832,0.404345974178736,1.05941397056029,1928,17,"Jra;LysP;LysS;LysX;Wnt5"
"GOBP_AROMATIC_AMINO_ACID_METABOLIC_PROCESS",0.381364459649829,0.469641791665884,-0.367680815455609,-1.05250093194966,1894,23,"cn;Hn;v;CG11596;Pcd"
"GOBP_OLIGOSACCHARIDE_BIOSYNTHETIC_PROCESS",0.382358771060456,0.470131496469967,0.381352025371752,1.05467803722248,1928,21,"brn;LysP;LysS;LysX"
"GOBP_RESPONSE_TO_TOPOLOGICALLY_INCORRECT_PROTEIN",0.382401315789474,0.470131496469967,-0.271206968817837,-1.02951667343183,1859,96,"Hsc70-1;Hsc70-2;Hsf;Hsp26;Su(var)2-10;CycD;poe;Stt3B;Rack1;Pi3K21B;dimm;Edem1;Faf2;Torsin;STUB1;CSN5;CG8042;Vap33;CHOp24"
"GOBP_SPLICEOSOMAL_CONFORMATIONAL_CHANGES_TO_GENERATE_CATALYTIC_CONFORMATION",0.381936245572609,0.470131496469967,0.355226410595787,1.04776104905924,1940,28,"SmF;SmD3;Usp39;CG3436;Sf3b1;Sf3b2;Phf5a;fand;CG8435;Sf3b6;U4-U6-60K;Prp3"
"GOBP_SYNAPSE_MATURATION",0.382243174229032,0.470131496469967,0.395672961624671,1.05602619388258,1945,18,"fzy;mr;tutl;Rok"
"GOBP_OVULATION_CYCLE_PROCESS",0.382755203171457,0.470173614918758,0.38109883423922,1.05397780460554,1930,21,"tkv;N;Dcp-1;Lgr1;Sirt1;Actbeta;myo"
"GOBP_VESICLE_BUDDING_FROM_MEMBRANE",0.38263201320132,0.470173614918758,-0.295125062504317,-1.03603557527751,1854,61,"cm;or;rb;shi;Rab7;Sec13;fan;sut3;Vap33;CHOp24"
"GOBP_NEGATIVE_REGULATION_OF_ESTABLISHMENT_OF_PROTEIN_LOCALIZATION",0.383848657445077,0.470960500299223,-0.281403647797358,-1.03149622560286,1886,77,"cact;csw;Pfk;sina;Gdi;14-3-3zeta;babo;fra;Nca;Cdk5;Fkbp12"
"GOBP_REGULATION_OF_ARP2_3_COMPLEX_MEDIATED_ACTIN_NUCLEATION",0.383727990285367,0.470960500299223,-0.39807555842896,-1.05597551984479,1895,17,"alpha-Cat;Hem;GMF;PICK1;LRR;wash;FAM21;Strump;Arfip"
"GOBP_SUPEROXIDE_METABOLIC_PROCESS",0.383876029815614,0.470960500299223,0.346748686022774,1.04679504332127,1956,31,"Appl;Galphai;Sod1;Dhfr;Rac1;Rac2;gbb"
"GOBP_RESPONSE_TO_COPPER_ION",0.384207424867413,0.471170589395552,0.395230608338179,1.05484558084406,1955,18,"Appl;Sod1;Cdk1"
"GOBP_INTRACELLULAR_MONOATOMIC_ANION_HOMEOSTASIS",0.385376691577459,0.471987683340146,-0.403229623356044,-1.0539901406077,1907,16,"Cyp6a2;Cyp6a9;Cyp9c1;fray;Cyp28a5;Cyp28d2"
"GOBP_POLYSACCHARIDE_CATABOLIC_PROCESS",0.385515432721404,0.471987683340146,-0.377241390370662,-1.05521653130808,1910,21,"Pfk;Pp1-87B;PhKgamma;CG7766;G6P;Atg18b;Pgm2a"
"GOBP_REGULATION_OF_PROTEIN_SERINE_THREONINE_KINASE_ACTIVITY",0.385416666666667,0.471987683340146,0.291401305940854,1.03606492478424,1960,69,"crp;twe;stg;Ptp10D;Ten-m;Wnt5;Cdc37;Sap47;Rho1;loco;Sirt1;Mekk1;CycK;Tak1"
"GOBP_REGULATION_OF_VASCULAR_ENDOTHELIAL_GROWTH_FACTOR_RECEPTOR_SIGNALING_PATHWAY",0.385468224114037,0.471987683340146,0.408763823194231,1.05524644597401,1946,16,"robo2;Pkc53E;inaC;lqf"
"GOBP_VESICLE_DOCKING",0.386082170237861,0.472484918818547,0.33648408500092,1.04632522642129,1963,35,"Syb;Syt1;Rop;Syx1A;Rala;CG2082"
"GOBP_LATE_ENDOSOME_TO_VACUOLE_TRANSPORT_VIA_MULTIVESICULAR_BODY_SORTING_PATHWAY",0.386740331491713,0.473093578065954,0.388172183902465,1.04985025607676,1959,19,"Vsp37A;Vps25;Stam;CG5498;Mvb12;Vta1;mop;Vps60;Vps37B;CG10435"
"GOBP_POSITIVE_REGULATION_OF_KINASE_ACTIVITY",0.388758782201405,0.475365061195567,0.292037100467815,1.03337573691755,1991,67,"pbl;Ten-m;Wnt5;Sap47;Ptp69D;Rho1;Abi;Pka-R2;CG32809;Ac78C;Sirt1;Mekk1;JTBR;Traf4;Tak1;CenG1A;slpr"
"GOBP_REGULATION_OF_KETONE_METABOLIC_PROCESS",0.389269629919718,0.475791961455675,0.288683606579331,1.03296927641688,1987,71,"awd;Dab;dpp;EcR;pros;Wnt5;fbl;Pdk;gbb;Sirt1;Ugt37B1;Pdp;GIIIspla2"
"GOBP_NEGATIVE_REGULATION_OF_INTRACELLULAR_TRANSPORT",0.390016233766234,0.476308742108867,-0.327871082940536,-1.0388800320673,1921,37,"cact;Hsp26;Hsp67Bc;14-3-3zeta;l(2)efl;Cdk5"
"GOBP_TETRAPYRROLE_BIOSYNTHETIC_PROCESS",0.389926888708367,0.476308742108867,-0.359249339826886,-1.04602961325596,1919,25,"Mvl;Ppox;Alas;Irp-1B;Uros1;MSBP;Tspo;Urod;CG5532;ABCB7;Pbgs;ScsbetaA;Hmt-1;CG7988"
"GOBP_NEGATIVE_REGULATION_OF_CD4_POSITIVE_ALPHA_BETA_T_CELL_ACTIVATION",0.390609188423396,0.4768349511791,-0.396573861067603,-1.05199196542093,1929,17,"lz;hop;Bgb;Bro;Stat92E;galectin;CG11374"
"GOBP_CELLULAR_RESPONSE_TO_REACTIVE_NITROGEN_SPECIES",0.390883977900552,0.476866330129033,0.386734090989149,1.04596079084479,1980,19,"CycA;pnr;Shaw;Ask1"
"GOBP_MITOTIC_RECOMBINATION",0.390959071472205,0.476866330129033,-0.391712089917123,-1.05191774554916,1919,18,"mei-9;spn-A;spn-D;mre11;Ercc1"
"GOBP_NITRIC_OXIDE_MEDIATED_SIGNAL_TRANSDUCTION",0.39160562264898,0.477278112045249,0.407027438448771,1.05076387259662,1977,16,"for;Shaw;Gycalpha99B;Rilpl;CG1764;Cbs"
"GOBP_SEROTONIN_TRANSPORT",0.391621129326047,0.477278112045249,-0.396366201428576,-1.05144110644296,1934,17,"mys;Nos;Shark;Orct"
"GOBP_VASCULAR_ASSOCIATED_SMOOTH_MUSCLE_CELL_DIFFERENTIATION",0.392199564442685,0.477785142273449,0.406898738740771,1.05043162717333,1980,16,"N;dpn;Ptx1;Pdcd4;Pvf1"
"GOBP_POSITIVE_REGULATION_OF_CELL_CYCLE_CHECKPOINT",0.392397545040586,0.477828467512171,0.406815972842751,1.0502179624242,1981,16,"spn-B;pros;Dlc90F;Cdlc2;Mad1;robl22E;Dlic;Ndc80"
"GOBP_REGULATION_OF_MEMBRANE_DEPOLARIZATION",0.392784758816376,0.478102093685469,-0.385853993824841,-1.0509095304562,1937,19,"Gpdh1;Ank;Rack1"
"GOBP_CATECHOL_CONTAINING_COMPOUND_BIOSYNTHETIC_PROCESS",0.394624312767257,0.479944079438309,-0.390526431053089,-1.04873373455908,1937,18,"grn;Hn;Pu;Tbh;Hr38"
"GOBP_MEMBRANE_FUSION",0.394608321937878,0.479944079438309,0.260097570580099,1.02462107087356,2019,129,"car;lt;Syb;Syt1;LysP;LysS;LysX;Rop;Rab3;Ance;nSyb;Syx1A;Ag5r;Rab14;Rab4;CG5498;Syt4;fab1;CG14435;Rab39;Sk1"
"GOBP_RESPONSE_TO_STEROL",0.394869723288225,0.480044101617338,-0.400069918522589,-1.04573108038793,1954,16,"arr;ptc;Jhe;babo;CG4757"
"GOBP_ACUTE_INFLAMMATORY_RESPONSE",0.395528455284553,0.480646309560989,-0.348147768049304,-1.03982660057999,1945,28,"grn;sax;Lip3;beta4GalNAcTA;Btnd;CG2493;DJ-1alpha;FucTA;CG7497;NPFR;AdoR;vanin-like;Tep4;Tep2;Tep1"
"GOBP_INTRACELLULAR_PROTEIN_TRANSMEMBRANE_TRANSPORT",0.39590712317985,0.480907826752733,0.351787415432736,1.03761753193251,2011,28,"Hsc70-3;faf;SsRbeta;Trp1;Pex1;Pex5;l(1)G0320"
"GOBP_NEGATIVE_REGULATION_OF_CELL_SUBSTRATE_JUNCTION_ORGANIZATION",0.396073669297713,0.480911570397801,-0.395315191252725,-1.04865309046633,1956,17,"sax;chb;Pten;Tsp"
"GOBP_REGULATION_OF_MULTICELLULAR_ORGANISM_GROWTH",0.396276057478243,0.480958812335393,-0.328156250976006,-1.03476288525644,1957,36,"Galphas;Hsf;ptc;Sply;Moe;sba;Stat92E;Fim"
"GOBP_FLUID_TRANSPORT",0.396812588259028,0.481212957402333,-0.374571683377196,-1.04774884874417,1966,21,"Itpr;Drip;sotv;CG9784;CG7627;Prip;Eglp2;Eglp3;AhcyL1"
"GOBP_MALE_MEIOTIC_NUCLEAR_DIVISION",0.396761133603239,0.481212957402333,-0.343707232072899,-1.03618167277846,1959,29,"Hsc70-1;sesB;spn-D;Klp67A;fs(1)h;Taf1;mael"
"GOBP_GLYCOSAMINOGLYCAN_METABOLIC_PROCESS",0.397570850202429,0.481598262814578,-0.343463835135487,-1.0354478987341,1963,29,"Chc;Rel;sfl;sotv;PGRP-LE;Hs3st-B;PGRP-SC1b;CG18278"
"GOBP_ORGANISM_EMERGENCE_FROM_PROTECTIVE_STRUCTURE",0.397549891325825,0.481598262814578,0.399916673109324,1.04780890031745,2011,17,"Fib;pie;asf1;Phf7;CG13775;CG18324;CG14073;RhoGDI"
"GOBP_REGULATION_OF_VASCULAR_PERMEABILITY",0.397621407333994,0.481598262814578,0.37680286850905,1.04209675926468,2005,21,"for;Ptp10D;TkR86C;AMPKalpha;gbb"
"GOBP_GOLGI_TO_PLASMA_MEMBRANE_PROTEIN_TRANSPORT",0.397975708502024,0.481688054081224,-0.343358618640374,-1.03513070027641,1965,29,"comt;Ank;Rab11;Khc-73;Rack1;Amnionless;Gga"
"GOBP_NUCLEAR_TRANSCRIBED_MRNA_POLY_A_TAIL_SHORTENING",0.398022997780916,0.481688054081224,-0.373772418654612,-1.04551315200015,1972,21,"twin;smg;Rga;Tob;Rcd-1;PAN2;Not11;Pop2"
"GOBP_GLYCEROLIPID_CATABOLIC_PROCESS",0.398897058823529,0.482547346652477,-0.332415534205371,-1.03375625658035,1952,34,"Plc21C;emp;Hydr2;Lis-1;crq;mbt;Paf-AHalpha;CG5966;CG6847;CG2818;CG11029;PAPLA1"
"GOBP_ATP_SYNTHESIS_COUPLED_ELECTRON_TRANSPORT",0.399843352261602,0.483493276758583,0.287159595717761,1.02751605232985,2041,71,"Cdk1;ND-SGDH;cype;ND-75;ND-23;COX5A;ND-42;RFeSP;ND-ASHI;Pink1;CG2076;ND-20;UQCR-14;ND-24;ND-18;COX6B;ND-B17.2;ND-B14.5B;ND-13A;COX5B;ND-B22;CG14757;ND-B14"
"GOBP_RESPONSE_TO_ORGANOPHOSPHORUS",0.402169463774048,0.48610622942615,-0.273582148589611,-1.02018538609503,1964,86,"Gpdh1;grn;per;Rap1;Top1;Itpr;Taf1;Hmgs;RyR;Drip;ATPsynO;CG2187;Alas;Sur;ssh;CG9784;SLC5A11;CG7627;CG17134;Prip;CG10104;Asph;veil;CG5493;Cib2;Eglp2;Eglp3"
"GOBP_REGULATION_OF_LEUKOCYTE_APOPTOTIC_PROCESS",0.40301241603908,0.486925062828326,-0.312037583516627,-1.02735508331228,1979,44,"aurA;mnd;hop;Mef2;Hr38;Pi3K92E;Stat92E;chico"
"GOBP_MULTICELLULAR_ORGANISMAL_LEVEL_WATER_HOMEOSTASIS",0.404906731549067,0.488812311948033,-0.337139367597376,-1.03500571133592,1996,32,"Galphas;rut;Ac76E;Vha55;Drip;Ac13E;sotv;CG9784;CG7627;Prip;Eglp2;Eglp3"
"GOBP_PROTEIN_SUMOYLATION",0.404850381380794,0.488812311948033,0.336567321099958,1.03262919184263,2069,33,"eya;RanGAP;CalpA;Syx1A;bon;Hmg-2;Ulp1;CG16863;Uba2;Aos1"
"GOBP_DIACYLGLYCEROL_METABOLIC_PROCESS",0.405224906698095,0.488960098903518,0.388706725121856,1.03743374776358,2062,18,"mdy;Gel;mino;Dgat2;CG1946;Hsl;Gpat4"
"GOBP_POSITIVE_REGULATION_OF_LIPID_STORAGE",0.405585913782635,0.488960098903518,-0.392689003144497,-1.04168659806539,2003,17,"emp;Rel;crq;Past1"
"GOBP_REGULATION_OF_CARBOHYDRATE_METABOLIC_PROCESS",0.405494933749026,0.488960098903518,0.267345641093246,1.01889998770492,2080,103,"Ald1;Appl;Pka-C1;Hr3;Actn;Gbeta13F;phr6-4;Lgr1;Pdk;AMPKalpha;Sirt1;flfl;Pfrx;CG3793"
"GOBP_RETINOIC_ACID_METABOLIC_PROCESS",0.405693950177936,0.488960098903518,0.378604963238644,1.03677080685364,2051,20,"ninaB;Fdh;Aldh;Cyp9b1;Ugt37B1"
"GOBP_PEPTIDE_BIOSYNTHETIC_PROCESS",0.408163265306122,0.491302190816683,0.369147537400091,1.03203318975544,2059,22,"Hsp23;Fur1;Fur2;CG17636;Aasdh;CG1492;CG4829;Gss1;Ggt-1"
"GOBP_POSITIVE_REGULATION_OF_MITOTIC_NUCLEAR_DIVISION",0.408130408532904,0.491302190816683,-0.360459477279614,-1.03182956471844,2027,23,"arr;aurA;Rbf;Lnk;APC7"
"GOBP_REGULATION_OF_CHOLESTEROL_EFFLUX",0.408305185773892,0.491302190816683,0.366734933504022,1.03573735023802,2054,23,"EcR;rl;usp;Sirt1;Eato;Naxe;CG1801;CG31689;CG9663"
"GOBP_RETINA_LAYER_FORMATION",0.408022130013831,0.491302190816683,0.396422291300663,1.03865338216475,2064,17,"fj;jumu;sdk;drpr"
"GOBP_MIRNA_PROCESSING",0.408644400785855,0.49139328919348,0.354989355975694,1.03036365719873,2079,26,"dpp;Hrb98DE;pum;Cbp20;Smox"
"GOBP_MITOTIC_SISTER_CHROMATID_COHESION",0.408714948557595,0.49139328919348,-0.370659755284457,-1.03680643548276,2025,21,"SMC3;Rbf;Pitslre;san;Tnks"
"GOBP_ISOPRENOID_METABOLIC_PROCESS",0.409143968871595,0.491708152132448,0.293060521895421,1.0238120978269,2102,62,"awd;ninaB;mdy;Cyp18a1;Fdh;Aldh;Cyp4c3;Cyp9b1;Fpps;Ugt37B1;Mvd;Npc2a;CG17597;CG9265;CG2070;Dgat2;CG1946;Cyp9h1;CG15117;Hsl"
"GOBP_INNER_EAR_RECEPTOR_CELL_STEREOCILIUM_ORGANIZATION",0.409539142684645,0.491982097908626,-0.360077866826118,-1.03073718964456,2034,23,"ck;Sdc;Vang;nompB;Fim;CG12206;Mks1;Hesr"
"GOBP_RESPONSE_TO_SYMBIONT",0.409869494290375,0.492177980490728,-0.336329224573023,-1.02752831592002,2009,31,"Ugt36A1;Ugt35B1;Ugt35A1;Ugt37C1;Ugt37A1;Ugt49B1;Ugt307A1;Balat;Ugt37A2;Ugt37A3;Ugt49B2;Ugt303B1;Ugt304A1;Ugt302K1;Ugt303A1;Ugt35E2;Ugt37D1;Ugt37E1;Ugt37C2;Ugt305A1"
"GOBP_POSITIVE_REGULATION_OF_PROTEIN_SERINE_THREONINE_KINASE_ACTIVITY",0.410114579217701,0.492198273142682,0.345709058260716,1.02793482743976,2075,29,"Ten-m;Wnt5;Sap47;Rho1;Sirt1;Mekk1;Tak1;slpr;Pvf1;Pvr"
"GOBP_RESPONSE_TO_L_GLUTAMATE",0.410220994475138,0.492198273142682,0.380861530271845,1.03007786664629,2078,19,"alphaTub85E;GluRIA;PCNA"
"GOBP_NUCLEOTIDE_BINDING_DOMAIN_LEUCINE_RICH_REPEAT_CONTAINING_RECEPTOR_SIGNALING_PATHWAY",0.411433172302738,0.49345144431906,-0.357556194456354,-1.03307361234203,2043,24,"cact;Hsc70-2;Su(dx);Dif"
"GOBP_ICOSANOID_METABOLIC_PROCESS",0.411921891058582,0.493836268742603,-0.302179749578577,-1.01964566235319,2003,50,"Cyp6a2;Fbp2;Su(P);Vha55;GstS1;Cyp6a9;Cyp9c1;Shark;Plap;Cyp28a5;Cyp28d2;Cyp4d21;CG17633;MRP;CG1941;CG8839"
"GOBP_GLYCEROLIPID_METABOLIC_PROCESS",0.412523403370085,0.493953542008462,-0.239493604029855,-1.01160043743752,1982,216,"mAChR-A;ChAT;csw;eas;Pepck1;rdgB;tin;fwd;Plc21C;emp;Phb2;Hydr2;Pi3K59F;Pi3K92E;Lis-1;crq;Ipp;Pi3K21B;Dgkepsilon;Lip3;Ocrl;Sik2;mbt;Sbf;Paf-AHalpha;CalpB;Pten;Taz;EDTP;Dd;CG5966;CG9784;CG6847;Ipk2;PGAP2;G6P;CG2818;CG11029;frj;PAPLA1;Acbp1;PGAP5;IP3K1;Pect;CG10383;CG2201;PGAP3;PIG-G;CG1941;puml;Balat;bbc;CG5065;Hyccin;PIG-A;PIG-O;CG15111;EndoB;PIP5K59B;sigmar;CG2765;Pcyt2;PIG-Wb;CG1271;PIG-B;Ctl1;Fitm"
"GOBP_INTERFERON_BETA_PRODUCTION",0.412419093851133,0.493953542008462,-0.37568507873889,-1.03689469364624,2038,20,"csw;mle;Dif;Tollo;cactin;Sting;Atg9;nopo"
"GOBP_POSITIVE_REGULATION_OF_GENE_EXPRESSION_EPIGENETIC",0.412467111920664,0.493953542008462,-0.324470816521231,-1.02314174204036,2037,36,"ash2;sr;trx;Rrp1;Snr1;Gcn5;Ogg1;chm;HemK2;Mnn1;CG4036;YL-1"
"GOBP_NEGATIVE_REGULATION_OF_HYDROLASE_ACTIVITY",0.413521695257316,0.494947448107007,-0.364761680316937,-1.03238590810836,2048,22,"Gapdh1;Arl2;Timp;Sec71;Spn55B;CHOp24"
"GOBP_PHOSPHOLIPID_TRANSPORT",0.413821642871922,0.495018956313512,-0.291069189075937,-1.01829476676362,1999,60,"rdgB;Mdr49;Mdr65;emp;crq;Atet;cert;rdgBbeta;fan;slmo;Vap33;CG6299;CG4301;stas;CG4822;CG13784;Acbp1;CG5853;MRP"
"GOBP_REGULATION_OF_T_CELL_MIGRATION",0.414086217364906,0.495018956313512,-0.389965893363888,-1.03446300142579,2045,17,"Abl;mys;fray;Crk;galectin;CG11374;Lrch"
"GOBP_VESICLE_COATING",0.414024390243902,0.495018956313512,-0.343070879767001,-1.02466325912389,2036,28,"cm;or;rb"
"GOBP_NEGATIVE_REGULATION_OF_CALCIUM_ION_TRANSMEMBRANE_TRANSPORT",0.414771583819682,0.495636880421407,-0.358988624631594,-1.02761919061751,2060,23,"Cam;Atpalpha;CanA1;Nos;Fkbp12;Amph"
"GOBP_REGULATION_OF_TUMOR_NECROSIS_FACTOR_MEDIATED_SIGNALING_PATHWAY",0.415020535888911,0.495733015259917,0.334630222055349,1.02668593801033,2121,33,"EcR;Hsp68;Hsp70Aa;Hsp70Bb;MAPk-Ak2;Diap2;Pli"
"GOBP_INTRACELLULAR_IRON_ION_HOMEOSTASIS",0.415631996743334,0.496261905202471,-0.309481391217915,-1.01893905495311,2041,44,"fra;Mad;Mvl;Cul1;Alas;Irp-1B;Roc1a;Vha100-3;Vha100-2;Vha100-1;Fer3HCH"
"GOBP_POSITIVE_REGULATION_OF_LYMPHOCYTE_MIGRATION",0.41671714112659,0.497355711640741,-0.401632012954738,-1.03326501235699,2063,15,"Abl;mys;Fak;fray;galectin;CG11374"
"GOBP_RENAL_ABSORPTION",0.417358639778569,0.497919350457643,0.375353693338104,1.02786753815572,2110,20,"kel;rst;Gel;CG10939"
"GOBP_ICOSANOID_BIOSYNTHETIC_PROCESS",0.418026101141925,0.498268760645028,-0.333918013427327,-1.02016176092912,2049,31,"Cyp6a2;Su(P);GstS1;Cyp6a9;Cyp9c1;Shark;Plap;Cyp28a5"
"GOBP_INTRINSIC_APOPTOTIC_SIGNALING_PATHWAY_IN_RESPONSE_TO_OXIDATIVE_STRESS",0.417957263281709,0.498268760645028,0.32165459767653,1.02226743135198,2131,39,"pnr;slgA;Sod1;nonA;Ask1;Pdk;Sirt1;Mkk4;Trap1;Pink1"
"GOBP_NEGATIVE_REGULATION_OF_ORGANELLE_ASSEMBLY",0.418159609120521,0.498268760645028,-0.348474336772371,-1.02299775451777,2053,26,"Gdi;cdi;Cdc2rk;Gcn5"
"GOBP_PROTEIN_HETEROOLIGOMERIZATION",0.419916848148881,0.500160067714174,0.398670222581469,1.02918925703183,2120,16,"Shaw;Syt1;GluRIA;Sam-S"
"GOBP_NEGATIVE_REGULATION_OF_LEUKOCYTE_PROLIFERATION",0.420244190626231,0.500347393291126,0.355639280250614,1.02340811593771,2133,25,"dpp;dlg1;Dcp-1;Pkn;arg;Pli;Mad1"
"GOBP_RNA_SPLICING_VIA_TRANSESTERIFICATION_REACTIONS",0.420445810914681,0.50038494163066,0.238276607661447,1.00773030749011,2187,228,"bru1;crn;SmF;Hrb98DE;Mtr4;nau;snf;tra2;nonA;Hrb27C;heph;lark;Hel25E;Psi;Ddx1;csul;Nlp;Cbp20;qkr58E-3;qkr58E-1;qkr54B;SmD3;fus;sip1;Bin1;kin17;SF1;CG5808;Nab2;x16;Fmr1;CG16890;icln;Upf1;Tango4;CG15747;CG8565;Usp39;CG11454;CG3436;Sf3b1;CG4887;Sf3b2;Dim1;CG3294;Phf5a;Caper;CG13097;CG17768;holn1"
"GOBP_BASE_EXCISION_REPAIR",0.420956995760145,0.500759946464046,-0.400381647488141,-1.03004823967049,2084,15,"RpS3;Rrp1;Parg;Fen1;Ogg1;HUWE1"
"GOBP_DNA_DAMAGE_TOLERANCE",0.421271538918598,0.500759946464046,0.406903138973977,1.03077512100319,2126,15,"Ubc6;PCNA;l(2)dtl;spel1;Usp1"
"GOBP_REGULATION_OF_GLYCOLYTIC_PROCESS",0.421148772072255,0.500759946464046,-0.320093898657306,-1.02031936756207,2074,38,"Gpdh1;Hex-C;mts;Arl2;nvy;Uch"
"GOBP_CELL_VOLUME_HOMEOSTASIS",0.421816014305583,0.500906833435936,0.363081712572209,1.02541987834736,2122,23,"Gbeta13F;slo;Lgr1;Nlp;icln;SK;CG10413;AQP;Eglp4;Ncc69;ClC-c;Cln3"
"GOBP_MODIFIED_AMINO_ACID_METABOLIC_PROCESS",0.421658536585366,0.500906833435936,0.263242820708691,1.01109922131905,2160,108,"Hsp23;Idh;kar;slgA;Sod1;Zw;Dhfr;sv;Nmdmc;fbl;pug;Ts;CG17636;Ass;nes;Shmt;GIIIspla2;Aladin;CG1492;CG4829;Gss1;Ggt-1"
"GOBP_REGULATION_OF_MITOTIC_SPINDLE_ASSEMBLY",0.421905891656781,0.500906833435936,0.374037960108833,1.02426453784097,2133,20,"Hsp68;polo;Hsp70Aa;Hsp70Bb;CG5498"
"GOBP_GLUTAMATE_METABOLIC_PROCESS",0.422231028333664,0.501090635481096,0.365711699724808,1.02242754931022,2130,22,"EcR;Gdh;Got1;slgA"
"GOBP_NEGATIVE_REGULATION_OF_ADAPTIVE_IMMUNE_RESPONSE",0.422936893203884,0.501725943470091,-0.372913100394239,-1.02924400481367,2090,20,"csw;hop;CanA1;Hem;Stat92E;galectin;CG11374"
"GOBP_MICROTUBULE_BUNDLE_FORMATION",0.423212882953653,0.50185098816995,0.284426283961615,1.0145936476983,2154,70,"kl-2;polo;sub;Ubc6;Dhc36C;tilB;Gas8;CG2256;CG10958;GIIIspla2;Aladin;Cluap1;TTLL3B;gudu;Rsph1;BuGZ;CG15143;CG15144;CG10750"
"GOBP_CELLULAR_RESPONSE_TO_TOPOLOGICALLY_INCORRECT_PROTEIN",0.423927942040337,0.502294001402606,0.283598314855492,1.01477305746775,2164,71,"Hsc70-3;Hsp68;hyd;CrebA;dock;Hsp70Aa;Hsp70Bb;Xbp1;CG3156;Sirt1;HDAC6;Manf;Atf3"
"GOBP_REGULATION_OF_COAGULATION",0.423835832675612,0.502294001402606,0.377367977862219,1.02062920689177,2147,19,"fkh;for;Pvf1;CG11601;CG3625"
"GOBP_LIPID_OXIDATION",0.426124197002141,0.504300584529881,0.298567033338658,1.01348226810048,2188,53,"Fdh;Cyp4c3;Pdk;scu;AMPKalpha;Pex5;p38b;Mtpbeta;Mtpalpha;CG9547;CG17597;Amacr;CG8665;Dgat2;CG1946;ACC;CG8778;Pex13;Echs1;Sesn;CG3589;Dci;Pex2;CG6638"
"GOBP_PHOSPHATIDYLINOSITOL_3_PHOSPHATE_BIOSYNTHETIC_PROCESS",0.425974550595839,0.504300584529881,-0.392800139827649,-1.0267288180911,2108,16,"Pi3K59F;Pi3K92E;Pi3K21B;Ocrl"
"GOBP_POSITIVE_REGULATION_OF_ERBB_SIGNALING_PATHWAY",0.426252227281726,0.504300584529881,0.396199611958265,1.02281123889131,2152,16,"Sos;sty;Rala"
"GOBP_VACUOLE_ORGANIZATION",0.42630712227254,0.504300584529881,-0.247718947954937,-1.00756271244245,2070,158,"ck;dor;hook;mnd;rb;fwd;CanA1;scat;alpha-Man-IIa;Pi3K59F;Rab19;Rab7;nompB;Lip3;CREG;CG3558;Vha100-3;Vha100-2;Vha100-1;Smurf;Ppt1;stas;Atg101;Ubqn;Atg4a;CG3165;hoe2;Vha100-5;Atg18b;Lamp1;p47;Sting;CG8841;CG13016;Usp20-33;Atg9"
"GOBP_BICARBONATE_TRANSPORT",0.427243969948596,0.505205691153043,0.372505250532787,1.02006737008533,2160,20,"l(2)03659;foi;Rh50;CG9270;CG10505;Ae2;CG5946;Best4;Prestin"
"GOBP_AMYLOID_PRECURSOR_PROTEIN_CATABOLIC_PROCESS",0.42775974025974,0.505612356707174,-0.319716014160851,-1.01304018660314,2107,37,"sgg;pigeon;Dif;Fkbp12;Atet;Amph;nAChRalpha5;Gga;CG4822;aph-1;CG5853"
"GOBP_MRNA_SPLICE_SITE_RECOGNITION",0.428050263477908,0.505752560302011,-0.375537988438038,-1.02281292254044,2111,19,"su(w[a]);B52;noi;Ythdc1;hfp;CG3198"
"GOBP_RIBOSOMAL_SMALL_SUBUNIT_ASSEMBLY",0.428283235828122,0.505824680773318,-0.36553422666552,-1.02246934875672,2122,21,"sta;RpS14b;CG6999;RpS28b;CG15916;CG12325;RpS15;CG10914"
"GOBP_MOTILE_CILIUM_ASSEMBLY",0.429022082018927,0.506493966813678,0.313067499220018,1.01411345234885,2175,43,"in;porin;Ubc6;Sas-4;tilB;Rab10;Gk1;CG10958;GIIIspla2"
"GOBP_NEGATIVE_REGULATION_OF_WOUND_HEALING",0.430066411752868,0.507319720680408,-0.355060842834469,-1.01637575928197,2136,23,"Nos;CASK;chb;Crk;Pten;Lnk;AdamTS-B;CG11034;Tsp;CG17633"
"GOBP_TRNA_METHYLATION",0.429962249155573,0.507319720680408,0.360717530188907,1.01874292512187,2163,23,"scu;CG4045;wuho;THADA;CG14618;SerRS;CG4610;CG17807;CG11342;CG11109;CG18048;CG9386;CG18596;CG18528"
"GOBP_BILE_ACID_BIOSYNTHETIC_PROCESS",0.430409819837656,0.507521318622198,0.394667483350207,1.01885596404386,2173,16,"EcR;pros;Osbp;scu;Sirt1"
"GOBP_NEGATIVE_REGULATION_OF_NUCLEOTIDE_CATABOLIC_PROCESS",0.430976430976431,0.507749225268176,0.404677537159322,1.02513718224068,2175,15,"Pka-C1;Actn;Pfrx;CG6770;fbp"
"GOBP_REGULATION_OF_CENTROSOME_CYCLE",0.430865648256953,0.507749225268176,0.32858318394591,1.01516550247361,2199,34,"spn-B;Sas-4;Nlp;emb;Sirt1;SkpA;Rok;SAK;l(1)G0020"
"GOBP_REGULATION_OF_MONONUCLEAR_CELL_MIGRATION",0.431412753742055,0.507749225268176,-0.303515828190526,-1.00969263366939,2103,47,"Abl;Plc21C;mys;Calr;Moe;Fak;fray;Crk"
"GOBP_REGULATION_OF_OXIDATIVE_STRESS_INDUCED_INTRINSIC_APOPTOTIC_SIGNALING_PATHWAY",0.431376518218623,0.507749225268176,-0.335457081740064,-1.0113097650185,2130,29,"arm;fz;nonA-l;P5cr;Rack1"
"GOBP_STEROID_HORMONE_BIOSYNTHETIC_PROCESS",0.431466030989273,0.507749225268176,0.357990949503775,1.01819826852702,2171,24,"Dab;dpp;Wnt5;gbb;spidey;CG10962"
"GOBP_INTERMEDIATE_FILAMENT_BASED_PROCESS",0.432785587012473,0.509054002133198,0.394457598946062,1.01831413583165,2185,16,"Raf;Sod1;shot;CkIalpha;mtm"
"GOBP_REGULATION_OF_SODIUM_ION_TRANSMEMBRANE_TRANSPORT",0.432920840699273,0.509054002133198,0.381347184521976,1.01779159780088,2203,18,"Actn;dlg1;nrv2"
"GOBP_PROTEIN_TARGETING_TO_MEMBRANE",0.433238636363636,0.509224158282788,-0.27581765522983,-1.00432768239756,2134,74,"Egfr;mys;Gdi;Myo61F;SrpRalpha;Sec61beta;Srp54k;Ank;Nca;Cdk5;Tapdelta;CG5885;Eaat1;Cdk5alpha;CG9784;Tao;Sec61gamma;CG17075"
"GOBP_DIOL_BIOSYNTHETIC_PROCESS",0.43352249695987,0.509354307530327,-0.373667607457967,-1.01771876457137,2138,19,"lace;Pu;Sptr;Pcd"
"GOBP_FACE_MORPHOGENESIS",0.436153544849197,0.511349414801594,0.327247955869513,1.01104028381569,2226,34,"Dll;Dr;Ras64B;Ag5r;Nipped-B"
"GOBP_HORMONE_BIOSYNTHETIC_PROCESS",0.43629191321499,0.511349414801594,0.33108955864953,1.00635012951501,2211,32,"Dab;dpp;Wnt5;Lgr1;gbb;spidey;CG10962"
"GOBP_POSITIVE_REGULATION_OF_REGULATED_SECRETORY_PATHWAY",0.436249509611612,0.511349414801594,0.334720639922444,1.01048373329705,2223,31,"Syt1;Rop;Rab3;Pp2B-14D;Syx1A;Rab27;GIIIspla2;AP-1gamma"
"GOBP_REGULATION_OF_CILIUM_MOVEMENT",0.436338473705022,0.511349414801594,0.369952543691934,1.01307704457979,2206,20,"TkR86C;Pglym78;CG2256;CG10958;CG15429;gudu;Bug22;CG13436;Rsph4a;CG17687;CG11449"
"GOBP_REGULATION_OF_ENDOPLASMIC_RETICULUM_UNFOLDED_PROTEIN_RESPONSE",0.435670791593007,0.511349414801594,0.380730941119962,1.01614688300495,2217,18,"Hsc70-3;dock;Xbp1"
"GOBP_REGULATION_OF_RAS_PROTEIN_SIGNAL_TRANSDUCTION",0.436437246963563,0.511349414801594,-0.334185676488317,-1.00747683193591,2155,29,"flw;ref(2)P;Pp1-87B;mts;Dsor1"
"GOBP_SPINAL_CORD_MOTOR_NEURON_DIFFERENTIATION",0.43628640776699,0.511349414801594,-0.368725140258496,-1.01768519162756,2156,20,"ptc;hh;btv;PHDP;CG1344;CG6999;CG13001;CG5708"
"GOBP_VIRAL_PROTEIN_PROCESSING",0.436765301986218,0.511530063074623,-0.372837521330432,-1.01545794717285,2154,19,"sgg;alpha-Man-IIa;Edem1;FucT6;CG1924;Art2;Parp16;Mgat1;SiaT"
"GOBP_PROTEIN_EXPORT_FROM_NUCLEUS",0.437044334975369,0.511653176879243,0.319197949027399,1.00704701370564,2217,38,"Pka-C1;RanGAP;Nup214;CaMKI;14-3-3epsilon;Ran;emb;Cse1;HDAC3"
"GOBP_REGULATION_OF_IMMUNOGLOBULIN_PRODUCTION",0.437721021611002,0.512241545576598,0.347853705406815,1.00965228968059,2227,26,"Syb;Mlh1;Ptp69D;spel1;Pkn;Xbp1;CG6171"
"GOBP_NEGATIVE_REGULATION_OF_LEUKOCYTE_MEDIATED_IMMUNITY",0.438116321191387,0.512475203814537,-0.353386718999803,-1.01158351333898,2176,23,"csw;hop;CanA1;Hem;Crk;RhoGAP1A;galectin;CG11374"
"GOBP_UNSATURATED_FATTY_ACID_METABOLIC_PROCESS",0.438269073010664,0.512475203814537,-0.304171001842793,-1.00858198733207,2136,46,"Cyp6a2;Fbp2;Su(P);Vha55;GstS1;Cyp6a9;Cyp9c1;Plap;Cyp28a5"
"GOBP_NEGATIVE_REGULATION_OF_LIPID_METABOLIC_PROCESS",0.439014373716632,0.513142744328301,-0.292485662512589,-1.00444550556076,2137,54,"adp;Atpalpha;poe;Rel;Sik2;mbt;Ugt37C1;Ugt37A1;trbl;Sirt4;CG2145"
"GOBP_TRANSCRIPTION_BY_RNA_POLYMERASE_III",0.439740055139819,0.513786831700297,0.351593279648078,1.01176511111888,2232,25,"Mybbp1A;Ten-m;Su(Tpl);Actbeta;CG10803;CG9609;Sf3b1;Bdp1;Rhau;CG8950"
"GOBP_ACYL_COA_METABOLIC_PROCESS",0.440737148399612,0.514747396026859,0.291661748306575,1.00171703925146,2271,56,"awd;mdy;Pdk;DIP2;bgm;mino;Pdha;ScsbetaG;CG7024;Pdp;spidey;Mvd;CG9547;Hacd1;Dgat2;CG1946;ACC"
"GOBP_ESTABLISHMENT_OF_MITOCHONDRION_LOCALIZATION_MICROTUBULE_MEDIATED",0.441988950276243,0.515838217643745,0.372315258576872,1.00696362533908,2239,19,"Khc;HDAC6;CG11700;CG14043"
"GOBP_PEROXISOME_ORGANIZATION",0.442021803766105,0.515838217643745,0.365640170268578,1.01122488265961,2229,21,"faf;Pex1;Pex5;Drp1;Pex13;Pex10;Pex2;Pex16;CG11737"
"GOBP_PIGMENT_BIOSYNTHETIC_PROCESS",0.442459914755429,0.516133799037151,-0.315398379112923,-1.00535210466829,2179,38,"mnd;zfh1;kermit;Mvl;Ppox;Alas;Irp-1B;Uros1;MSBP;Tspo;hoe2"
"GOBP_PROTEIN_LOCALIZATION_TO_CILIUM",0.442801396590676,0.516133799037151,-0.300060454653509,-1.00059521350703,2155,48,"sgg;Gdi;Dhc93AB;ktub;Rab11;Past1;btv;Gga;Mks1;Oseg5;BBS4;Arl6;Oseg6;BBS9;Oseg4;BBS1;MICAL-like;CG13251;TMEM216;Ttc26;CG6800;dnd"
"GOBP_REGULATION_OF_AMIDE_METABOLIC_PROCESS",0.442645337495123,0.516133799037151,0.304788596587951,1.00387298460123,2268,46,"Ald1;Dcp-1;dod;Pdk;AMPKalpha;Rok;Eato;Pdp;Sk1;CG1801;CG31689;CG9663"
"GOBP_REGULATION_OF_TELOMERE_MAINTENANCE",0.442978896103896,0.516136202906005,-0.274532501340357,-0.999648084834223,2182,74,"arm;aurA;mei-9;hep;LamC;Uch-L5;CCT3;smid;Smg5;mre11;CCT6;Tnks;Ercc1"
"GOBP_PRIMARY_MIRNA_PROCESSING",0.443652208358091,0.516699242501471,0.401038906675103,1.01591973116101,2239,15,"dpp;Hrb98DE;Cbp20;Smox"
"GOBP_REGULATION_OF_AUTOPHAGY_OF_MITOCHONDRION",0.443813387423935,0.516699242501471,-0.306616252511434,-1.00565970236127,2187,43,"sesB;sgg;gig;Cul1;Roc1a;Cortactin;STUB1;htt;Usp30;HUWE1;Tspo;CG4230;Vps13;DJ-1alpha;zda"
"GOBP_AMINE_BIOSYNTHETIC_PROCESS",0.444290794152509,0.517050441612611,0.344726675667638,1.00829454623048,2248,27,"Ddc;Hdc;ple;Aldh;Odc1;Odc2;Oda"
"GOBP_REGULATION_OF_PLATELET_ACTIVATION",0.4449027695934,0.517557907530163,0.378098275634237,1.00912046476995,2264,18,"for;Pkc53E;Ptp10D;Galphaq"
"GOBP_NEGATIVE_REGULATION_OF_LIPID_BIOSYNTHETIC_PROCESS",0.445100354191263,0.517583099616876,0.341073198537706,1.00601532331587,2261,28,"dpp;pros;Wnt5;AMPKalpha;gbb;Sirt1;Eato;Sk1;Pvf1;CG1801"
"GOBP_POSITIVE_REGULATION_OF_AMYLOID_PRECURSOR_PROTEIN_CATABOLIC_PROCESS",0.446778989098117,0.518634094631292,0.364690955594698,1.00859970748669,2253,21,"Appl;Dcp-1;Rok;Eato;CG1801;CG31689;CG9663"
"GOBP_POSITIVE_REGULATION_OF_INTERLEUKIN_8_PRODUCTION",0.447225025227043,0.518634094631292,-0.356695227392606,-1.00955540595621,2215,22,"Hsc70-2;Dif;Nos;Shark;Tollo;galectin;CG11374;Myd88;DJ-1alpha"
"GOBP_POSITIVE_REGULATION_OF_STEROL_TRANSPORT",0.446493717065261,0.518634094631292,-0.370467823837568,-1.00900385386449,2202,19,"ptc;Mdr65;Jhe;Rel;Atet;CG4757;CG4822;CG5853"
"GOBP_PROTEIN_INSERTION_INTO_MITOCHONDRIAL_INNER_MEMBRANE",0.447238170659275,0.518634094631292,0.390497867865752,1.00809187076705,2258,16,"Tim9b;Tim8;OXA1L;CG14270;Tim9a;Tom70;CG3776;CG4942"
"GOBP_REGULATION_OF_CALCIUM_ION_IMPORT",0.446277745040267,0.518634094631292,0.377658756401612,1.00794741564255,2271,18,"tup;CanB;dpn;Pp2B-14D;CanB2;SK;Pvf1"
"GOBP_RESPONSE_TO_FOOD",0.446800079255003,0.518634094631292,0.359388142577196,1.00474865349633,2254,22,"Pkc53E;r;Zw"
"GOBP_SALIVARY_GLAND_DEVELOPMENT",0.44706344529562,0.518634094631292,0.377492368601008,1.00750333709077,2275,18,"toy;Xbp1;fus;gbb;PlexB;PlexA;CG16952;Pvf1;Tg"
"GOBP_POSITIVE_REGULATION_OF_LIPID_LOCALIZATION",0.447496590687707,0.518729302522945,0.300333349263324,1.00267039798873,2296,49,"Dab;EcR;usp;Acbp2;gbb;Sirt1;Mgstl;nes;GIIIspla2;Lsd-2;CG31689;CG9663;CG17597;CG17002;ACC"
"GOBP_POSITIVE_REGULATION_OF_STEM_CELL_POPULATION_MAINTENANCE",0.449035812672176,0.520308531264885,0.340019596861126,1.00290766362331,2281,28,"brm;sd;HDAC1;Bap60;Bap55;BCL7-like;Brms1;Sap30;CG14220"
"GOBP_POSITIVE_REGULATION_OF_LEUKOCYTE_MEDIATED_IMMUNITY",0.450984251968504,0.522360499721,0.310069206819593,0.999066452471354,2290,42,"sl;Mlh1;Ptp69D;Ddx1;spel1;fz2;AMPKalpha;arg;Tak1;CG18659;AP-1gamma"
"GOBP_MATERNAL_PROCESS_INVOLVED_IN_FEMALE_PREGNANCY",0.451397087760724,0.522629207459036,0.339466297546381,1.00127567497278,2293,28,"Jra;usp;Hrb27C;ash1;Wnt5;Ance;Kap-alpha1"
"GOBP_OLIGOSACCHARIDE_METABOLIC_PROCESS",0.45178955603364,0.522629207459036,0.326153093910366,1.00067708499129,2309,33,"brn;Treh;LysP;LysS;LysX;Amyrel;Npc1a"
"GOBP_POSITIVE_REGULATION_OF_TRANSLATION",0.451926819774231,0.522629207459036,0.264986215849277,0.997927560577122,2321,96,"eEF2;wapl;dock;pelo;RpS4;lark;B-H1;Nlp;Gcn2;eIF2Bepsilon;eIF2Bbeta;PlexB;CG7857;l(1)G0020;Fmr1;Pink1;CG1582;CG1662;CG18259;CG13124;CG4957;JMJD4;Rhau;CG7849;CG12863;ItgaPS4;eIF2Bgamma;ItgaPS5;Upf3;Pask"
"GOBP_TRIGLYCERIDE_CATABOLIC_PROCESS",0.451772628243216,0.522629207459036,0.398802062321011,1.0102533125741,2280,15,"Pka-C1;r;dob;Lsd-2"
"GOBP_REGULATION_OF_AMYLOID_PRECURSOR_PROTEIN_CATABOLIC_PROCESS",0.453639690931273,0.524403917768096,-0.32827423538866,-0.995430227087368,2230,30,"sgg;pigeon;Dif;Fkbp12;Atet;Amph;nAChRalpha5;Gga;CG4822;CG5853"
"GOBP_INTRACILIARY_TRANSPORT",0.454968629832018,0.525733585611075,-0.316278999413982,-0.997310790229505,2247,36,"Klp68D;ctp;ktub;nompB;btv;robl;nmdyn-D7;IFT52;CG3769;IFT43;Ttc30;IFT46;Oseg5;dila"
"GOBP_RESPONSE_TO_FUNGUS",0.455279628507975,0.525886402461901,-0.389740191245018,-1.00267132731818,2254,15,"Gapdh1;Pxn;Shark;mspo;Tsf1;Crk"
"GOBP_RESPONSE_TO_NITRIC_OXIDE",0.455713720838276,0.526181227121746,0.365000510144364,0.999516409312985,2304,20,"CycA;pnr;Shaw"
"GOBP_POSITIVE_REGULATION_OF_INTRINSIC_APOPTOTIC_SIGNALING_PATHWAY",0.456064478081384,0.526212500097377,0.320136910890987,0.995492329965354,2319,35,"Dr;Sod1;nonA;dock;CG10939;Sirt1;Rad9;CG11700"
"GOBP_RESPONSE_TO_GONADOTROPIN",0.456098529996027,0.526212500097377,0.352463937856007,1.00247833566926,2295,24,"CycA;N;sv;Lgr1;Actbeta"
"GOBP_POTASSIUM_ION_IMPORT_ACROSS_PLASMA_MEMBRANE",0.456715210355987,0.526530105964489,-0.362213080926919,-0.99971184068083,2257,20,"Atpalpha;Ank;nrv1;fray;CG12773;Sur"
"GOBP_REGULATION_OF_FATTY_ACID_METABOLIC_PROCESS",0.456731757451182,0.526530105964489,-0.289435012341664,-0.989684631819586,2221,53,"adp;Mdr49;poe;Gcn5;chico;Plap;Ugt37C1;Ugt37A1;trbl;CG3626;Sirt4"
"GOBP_NADPPLUS_METABOLIC_PROCESS",0.457329118925326,0.526805899717427,0.341910847064912,1.00005850062203,2314,27,"Ald1;Idh;Zw;Taldo;Irp-1A"
"GOBP_SECONDARY_METABOLIC_PROCESS",0.457247557003257,0.526805899717427,-0.340630791148388,-0.999971870789543,2245,26,"mnd;Pkc98E;zfh1;kermit;Cyp9b2;Cyp9c1"
"GOBP_NEGATIVE_REGULATION_OF_MACROAUTOPHAGY",0.457723577235772,0.527053919462874,-0.332451203189029,-0.992945054359277,2251,28,"gig;Roc1a;Tsc1;Madm;Usp30;Rubicon;Ubqn;Tspo;Vps13;CG13016"
"GOBP_REGULATION_OF_TELOMERE_MAINTENANCE_VIA_TELOMERASE",0.457921770051363,0.527075840176491,0.33675145966872,1.00130021274594,2317,29,"Hsp83;CCT1;mei-41;CCT5;pcm;l(1)G0020;CCT2;WDR79;CCT4;CG10341"
"GOBP_REGULATION_OF_SPROUTING_ANGIOGENESIS",0.460343087790111,0.529655598075286,-0.353703925051017,-1.00108911535884,2280,22,"Gs2;if;hop;Mad;Pi3K92E"
"GOBP_PHAGOSOME_MATURATION",0.461352657004831,0.53060966259117,-0.344353921221906,-0.994928782765874,2291,24,"ck;Rab19;Rab7;Vha100-3;Vha100-2;Vha100-1"
"GOBP_PHOSPHOLIPID_HOMEOSTASIS",0.461538461538462,0.530615925692127,-0.388082151193217,-0.998405744099326,2285,15,"Mdr49;mys;Atet;Slc25A46a;CG4822;CG5853;Slc25A46b"
"GOBP_MATURATION_OF_SSU_RRNA",0.462291870714985,0.531274485798237,0.280761640276184,0.995214278324497,2359,68,"Fib;RpS14a;bys;Bka;l(3)07882;Rlb1;dbe;Rtc1;CG3071;l(1)G0020;CG2875;CG1738;CG3008;CG11030;CG9107;Aatf;CG13097;CG11123;CG1671;CG4866;CG9344;RpS16;CG3735"
"GOBP_CHOLESTEROL_EFFLUX",0.462665310274669,0.531288580338828,-0.316891599161594,-0.991801561491162,2273,35,"ptc;hh;Jhe;emp;Rel;crq;Atet;Lip3;CG4757"
"GOBP_MITOCHONDRIAL_ELECTRON_TRANSPORT_NADH_TO_UBIQUINONE",0.462660098522167,0.531288580338828,0.314014890436018,0.990694829450654,2347,38,"ND-SGDH;ND-75;ND-23;ND-42;ND-ASHI;Pink1;ND-20;ND-24;ND-18;ND-B14.5B;ND-13A;ND-B22;ND-B14;ND-B12;ND-19"
"GOBP_SARCOPLASMIC_RETICULUM_CALCIUM_ION_TRANSPORT",0.462904498816101,0.53135584686577,0.366783263715371,0.992001795350198,2345,19,"Pka-C1;dnc;Ca-alpha1D;Calx;CG7601"
"GOBP_MATURATION_OF_5_8S_RRNA_FROM_TRICISTRONIC_RRNA_TRANSCRIPT_SSU_RRNA_5_8S_RRNA_LSU_RRNA",0.463203463203463,0.531491649276361,0.337215938884614,0.994638110642302,2353,28,"Bka;l(3)07882;Rtc1;CG14805;Ulp1;CG1575;CG4364;CG11123;Rrp42;CG8414;Rrp4"
"GOBP_EMBRYONIC_BRAIN_DEVELOPMENT",0.464263897373244,0.532294040980259,-0.370399002878198,-0.994682814471539,2279,18,"arm;pk;betaTub85D"
"GOBP_EXECUTION_PHASE_OF_APOPTOSIS",0.464264619019492,0.532294040980259,0.310829701229815,0.990996889978567,2357,40,"awd;pnr;trpl;Dcp-1;Drice;Drep1;cathD;Rab3-GEF"
"GOBP_MEMBRANE_INVAGINATION",0.467021067139201,0.535159951621194,0.310421352454565,0.989694979753457,2371,40,"polo;sl;spir;Gel;Rac1;Rac2;Rho1;mbc"
"GOBP_PROTEIN_DEACYLATION",0.467309964552974,0.535159951621194,0.345521703586098,0.994293193466861,2372,25,"fry;Sirt1;HDAC3;HDAC6;D12;Brms1;Ada3;Atac1"
"GOBP_TOLL_LIKE_RECEPTOR_SIGNALING_PATHWAY",0.467258382642998,0.535159951621194,0.324584931885526,0.986579249354657,2368,32,"Appl;sl;MAPk-Ak2;Diap2;14-3-3epsilon;Pdk1;Tak1;Rip11"
"GOBP_PROTEIN_BRANCHED_POLYUBIQUITINATION",0.468422094634726,0.536130040086562,0.384160266001969,0.991731000593913,2365,16,"hyd;mr;Cdc27;Cdc16"
"GOBP_REGULATION_OF_HEMATOPOIETIC_PROGENITOR_CELL_DIFFERENTIATION",0.468521527213647,0.536130040086562,-0.34004921599585,-0.990124435768021,2306,25,"Abl;Hsc70-5;Su(dx);Cdk4"
"GOBP_POSITIVE_REGULATION_OF_CILIUM_ASSEMBLY",0.468907224793721,0.536154316106929,-0.345787001468718,-0.989829020181347,2329,23,"sgg;pnut;nompB;inc;RhoGAPp190;htt"
"GOBP_REGULATION_OF_RELEASE_OF_SEQUESTERED_CALCIUM_ION_INTO_CYTOSOL_BY_SARCOPLASMIC_RETICULUM",0.468879668049793,0.536154316106929,0.378731778302842,0.992303034163051,2372,17,"Pka-C1;dnc;Ca-alpha1D;Calx;CG7601"
"GOBP_ANTIMICROBIAL_HUMORAL_IMMUNE_RESPONSE_MEDIATED_BY_ANTIMICROBIAL_PEPTIDE",0.470813976974349,0.538125376945817,-0.380458683633521,-0.994469846041647,2330,16,"Gapdh1;Tsf1;RpL39;Torsin;galectin;PGRP-SC1b;Tsf3;PGRP-LF;CG6878"
"GOBP_NEGATIVE_REGULATION_OF_VIRAL_PROCESS",0.471278317152104,0.538446916140384,-0.358669065276096,-0.989930320917326,2329,20,"CkIIbeta;Tsf1;Srpk79D;Vap33;CG9784"
"GOBP_NEGATIVE_REGULATION_OF_CALCIUM_ION_TRANSPORT",0.471750296325563,0.538776930042627,0.333850216134939,0.992673625735862,2387,29,"Ca-alpha1D;porin;CanB;dpn;Pp2B-14D;CanB2;14-3-3epsilon;Fmr1"
"GOBP_NEUTROPHIL_CHEMOTAXIS",0.472540497826946,0.539469982385283,0.333618387654435,0.991984304575747,2391,29,"dnc;Rac1;Rac2;CaMKI;sktl;Drp1;fab1"
"GOBP_CILIUM_MOVEMENT",0.472933924099403,0.539709699263166,0.246501269443875,0.991808572764874,2454,148,"Ldh;kl-2;alphaTub85E;porin;Ubc6;TkR86C;ash1;Prosbeta1;CG10939;Dhc36C;tilB;Pglym78;Prosalpha5;Rfx;Ac3;stan;Gk1;CG3062;Cdlc2;Tektin-A;Gas8;CG2256;CG10958;GIIIspla2;CG14339;CG15429;CG9222;TTLL3B;Nha1;gudu;TbCMF46;Bug22;CG6614;CG5435;Rsph1;CG6565;CG15143;CG15144;CG10750"
"GOBP_NEGATIVE_REGULATION_OF_NUCLEOCYTOPLASMIC_TRANSPORT",0.473141724479683,0.539737477091596,0.357613529990491,0.989026177393182,2386,21,"RanGAP;Su(fu);Hel25E;Nf1;14-3-3epsilon;HDAC3"
"GOBP_REGULATION_OF_CYTOPLASMIC_TRANSLATION",0.473528249703674,0.539969035127213,0.338357911764255,0.989666484164864,2396,27,"eEF2;orb;GluProRS;dock"
"GOBP_REGULATION_OF_CYTOPLASMIC_PATTERN_RECOGNITION_RECEPTOR_SIGNALING_PATHWAY",0.474862529457973,0.541280729045082,0.277320786536889,0.989247211882129,2417,70,"bsk;Hsp68;PpV;pum;sl;Hsp70Aa;Hsp70Bb;CkIalpha;Diap2;Pli;Tak1"
"GOBP_KETONE_METABOLIC_PROCESS",0.47549723190486,0.541712800658417,-0.254506419757127,-0.986291298312146,2318,110,"adp;cn;sr;v;Mdr49;Jhe;htl;poe;Fdx1;Stat92E;Gcn5;Nmt;chico;Plap;Ugt37C1;Ugt37A1;CG4757;trbl;CG3626;Sirt4"
"GOBP_MITOPHAGY",0.475907320073816,0.541712800658417,-0.277818040389146,-0.987782377025654,2320,65,"ref(2)P;sesB;sgg;gig;Phb2;Cul1;Roc1a;Cortactin;STUB1;htt;Usp30;HUWE1;Tspo;Atg4a;CG5676;Vps13;Atg9;zda;Gint3"
"GOBP_REGULATION_OF_PH",0.475978106628826,0.541712800658417,-0.269271693169556,-0.982693548384446,2347,75,"mnd;Atpalpha;Vha55;Mvl;Rab7;Rbcn-3A;Rbcn-3B;CREG;Nhe1;CAH1;TM9SF4;Vha100-3;Vha100-2;Vha100-1;Ppt1;Clic;hoe2;CG7627;Vha100-5;Lamp1"
"GOBP_REGULATION_OF_RESPONSE_TO_OXIDATIVE_STRESS",0.475681130171544,0.541712800658417,-0.349684851020524,-0.989713919945986,2356,22,"mnd;Pu;mtd;ko;Roc1a;FucT6"
"GOBP_T_HELPER_17_CELL_DIFFERENTIATION",0.476368649074439,0.541947627833333,0.343745983633597,0.989183279259009,2418,25,"Hr3;Jra;Prosbeta1;Prosalpha5;Dad"
"GOBP_REGULATION_OF_CYCLIN_DEPENDENT_PROTEIN_SERINE_THREONINE_KINASE_ACTIVITY",0.477304261645193,0.542802140610807,0.356476489704222,0.98588154635,2407,21,"crp;twe;stg;Cdc37;CycK"
"GOBP_NEGATIVE_REGULATION_OF_DNA_RECOMBINATION",0.478110364487884,0.543479624384172,-0.36698091034933,-0.985503745763688,2347,18,"Abl;Blm"
"GOBP_RETINOL_METABOLIC_PROCESS",0.478269458711972,0.543479624384172,0.332411188907364,0.988394807551865,2420,29,"ninaB;mdy;Cyp18a1;Fdh;Aldh;Cyp9b1"
"GOBP_GLOMERULAR_EPITHELIUM_DEVELOPMENT",0.478510596157655,0.543543696484873,0.391310703107705,0.991276052484527,2415,15,"Ptp10D;N;croc;sns"
"GOBP_POST_TRANSLATIONAL_PROTEIN_TARGETING_TO_ENDOPLASMIC_RETICULUM_MEMBRANE",0.481290833498317,0.546490788171381,0.380686591015683,0.982763516252703,2430,16,"Hsc70-3;SsRbeta;Trp1;l(1)G0320"
"GOBP_INTRACILIARY_RETROGRADE_TRANSPORT",0.481728245507773,0.546776426807048,-0.381064955087809,-0.98035284247123,2385,15,"ctp;btv;robl;CG3769;IFT43;Oseg6;Oseg4"
"GOBP_BILE_ACID_METABOLIC_PROCESS",0.482751540041068,0.54756985506292,-0.284165979219622,-0.97587429827654,2350,54,"ftz-f1;Mdr49;Jhe;htl;Ugt36A1;Ugt35B1;Ugt35A1;Ugt37C1;Ugt37A1;Ugt49B1;CG4757"
"GOBP_REGULATION_OF_INFLAMMASOME_MEDIATED_SIGNALING_PATHWAY",0.482799525504152,0.54756985506292,0.358952017317987,0.982953232924039,2441,20,"bsk;sl;CkIalpha"
"GOBP_AMINO_ACID_BIOSYNTHETIC_PROCESS",0.48421259070406,0.548960863911886,0.299616260091519,0.981492692857333,2468,45,"Gdh;Got1;r;Nmdmc;Aldh;pug;aay;CG17636;Ass;Shmt;Ggt-1;Cbs;Argl;CG6287;CG17486"
"GOBP_REGULATION_OF_BIOLOGICAL_PROCESS_INVOLVED_IN_SYMBIOTIC_INTERACTION",0.484554815263477,0.549137236712307,-0.380236839669932,-0.978222378116084,2399,15,"if;Tsf1;galectin;CG11374;Tsf3;CG3376"
"GOBP_MATURATION_OF_LSU_RRNA_FROM_TRICISTRONIC_RRNA_TRANSCRIPT_SSU_RRNA_5_8S_RRNA_LSU_RRNA",0.48688915375447,0.551486208537593,0.345234527629993,0.98191643882577,2450,24,"RpL7;CG14805;Ulp1;Non1;CG1575;CG9123;CG12608;CG4364;CG12288;CG8414"
"GOBP_METANEPHRIC_EPITHELIUM_DEVELOPMENT",0.487002437043054,0.551486208537593,-0.335668016997701,-0.977367658272369,2397,25,"rk;Wnt2;Cbp53E;Drip;Orct;Hesr;Prip;CG4630;Eglp2;Eglp3"
"GOBP_LYSOSOMAL_LUMEN_ACIDIFICATION",0.488193743693239,0.55240999767135,-0.345856844549274,-0.978879503530225,2418,22,"CREG;Vha100-3;Vha100-2;Vha100-1;Ppt1;Vha100-5;Lamp1"
"GOBP_TELOMERASE_RNA_LOCALIZATION",0.488045840742936,0.55240999767135,0.373874002808583,0.979575331766813,2469,17,"CCT1;CCT5;CCT2;WDR79;CCT4;CG10341"
"GOBP_RNA_TEMPLATED_DNA_BIOSYNTHETIC_PROCESS",0.488640814727771,0.552703297550597,0.315927430849531,0.976065254563839,2494,34,"Hsp83;CCT1;mei-41;Gnf1;CCT5;pcm;l(1)G0020;CCT2;WDR79;CCT4;CG10341"
"GOBP_POSITIVE_REGULATION_OF_INFLAMMATORY_RESPONSE",0.489029452460961,0.552930303282147,0.3055528561636,0.978705114278902,2473,41,"Appl;rl;sl;Wnt5;Dcp-1;p38a;p38b;GIIIspla2;Pdcd4"
"GOBP_ALCOHOL_CATABOLIC_PROCESS",0.489482200647249,0.553127096289251,-0.353976112306869,-0.976977722300269,2419,20,"emp;Aldh-III;AcCoAS;crq;CG7840;Snx17;St4;St1;CG1271;Aps"
"GOBP_PHOTORECEPTOR_CELL_MAINTENANCE",0.489635741597907,0.553127096289251,-0.341495517846787,-0.97754447793257,2432,23,"ktub;nrv1;promL;Usp16-45;CG3842;BBS4;Cib2;BBS1;ERR"
"GOBP_RUFFLE_ASSEMBLY",0.489767534273793,0.553127096289251,0.346396197228965,0.978296438854305,2464,23,"Ras85D;Rac1;Rac2;sktl;Abi"
"GOBP_RETINA_HOMEOSTASIS",0.491687854488559,0.554869838091806,0.317176425410673,0.973135581829356,2513,33,"Galphai;ninaB;Sod1;CG4025;CG5921;CG1847;RhoGAP15B"
"GOBP_SRP_DEPENDENT_COTRANSLATIONAL_PROTEIN_TARGETING_TO_MEMBRANE",0.491617854978792,0.554869838091806,-0.37450743100989,-0.978914040549565,2433,16,"SrpRalpha;Sec61beta;Srp54k;CG5885;Sec61gamma"
"GOBP_ER_NUCLEUS_SIGNALING_PATHWAY",0.492295535361517,0.555342586285883,0.329059454392665,0.978428726080571,2491,29,"Hsc70-3;dock;Xbp1;Manf;CG15643;CG17593"
"GOBP_POSITIVE_REGULATION_OF_RESPONSE_TO_CYTOKINE_STIMULUS",0.492712550607287,0.555502826067908,-0.327724155685456,-0.971801162168625,2433,27,"Hsc70-2;mle;Moe;Ubc4;Lis-1;Cdk5alpha"
"GOBP_REGULATION_OF_NUCLEAR_TRANSCRIBED_MRNA_CATABOLIC_PROCESS_DEADENYLATION_DEPENDENT_DECAY",0.492815219591176,0.555502826067908,-0.368609630145171,-0.977811215912182,2434,17,"mle;Tob;Pop2;Helz;roq"
"GOBP_ESTABLISHMENT_OF_PROTEIN_LOCALIZATION_TO_MEMBRANE",0.493847415914684,0.55595642873848,-0.238128671889292,-0.982674061206998,2407,176,"Cam;comt;rb;Egfr;mys;Gdi;nmd;Myo61F;SrpRalpha;Sec61beta;Srp54k;Moe;Ank;Nca;Cdk5;CG5861;nrv1;Rab11;Rab7;Khc-73;Rack1;Tapdelta;Amnionless;CG5885;Eaat1;Tim10;Cdk5alpha;Mtch;Grip;ND-B16.6;Gga;CG9784;Tao;Sec61gamma;CG17075"
"GOBP_PROTON_MOTIVE_FORCE_DRIVEN_ATP_SYNTHESIS",0.493506493506494,0.55595642873848,-0.282122943000877,-0.971751764116441,2393,55,"blw;ND-ACP;SdhB;sun;ATPsynCF6;ATPsynO;ATPsynB;ND-PDSW;ND-B14.5A;NP15.6;ATPsyndelta;ND-B16.6;ND-MNLL;ND-B18;ND-15;ND-51"
"GOBP_REGULATION_OF_EXTRINSIC_APOPTOTIC_SIGNALING_PATHWAY_VIA_DEATH_DOMAIN_RECEPTORS",0.493954410307235,0.55595642873848,0.351665343136552,0.972575702192403,2491,21,"Raf;tkv;scrt;gbb;Atf3;Rab3-GEF"
"GOBP_REGULATION_OF_RUFFLE_ASSEMBLY",0.493973523019166,0.55595642873848,0.372439268081902,0.975816229140454,2499,17,"Ras85D;Rac1;Rac2;Abi"
"GOBP_POSITIVE_REGULATION_OF_MITOTIC_SISTER_CHROMATID_SEPARATION",0.494763880655997,0.556633016019099,0.372133767005092,0.975015795527998,2503,17,"fzy;polo;Cdc16;Mad1"
"GOBP_POSITIVE_REGULATION_OF_AUTOPHAGY_OF_MITOCHONDRION",0.495452748121787,0.557194948384671,0.355097838433657,0.972398959896334,2505,20,"porin;Ubc6;Cdc37;HDAC6;Pink1"
"GOBP_REGULATION_OF_SYNAPTIC_VESICLE_ENDOCYTOSIS",0.49644128113879,0.558093331719649,0.354850439693607,0.971721483856026,2510,20,"Act5C;Rac1;Pp2B-14D;Rac2;Rok;Syt4;Graf;VGlut"
"GOBP_REGULATION_OF_VIRAL_GENOME_REPLICATION",0.498525653626892,0.560222487765591,0.311754958402225,0.969427952104412,2535,35,"shu;pros;N;Pkn;bon;Adar;Rad23;Tango10;CG8565;baf;Hacd2"
"GOBP_REGULATION_OF_VIRAL_LIFE_CYCLE",0.499121951219512,0.560678419430242,0.293663080992057,0.972357503109676,2557,47,"shu;Fur1;pros;N;Pkn;bon;Kap-alpha1;Adar;Rad23;Fmr1;Tango10;CG8565"
"GOBP_ELECTRON_TRANSPORT_CHAIN",0.5,0.561450381679389,0.261847827006765,0.973926026051622,2557,89,"Mybbp1A;pum;Cdk1;ND-SGDH;cype;ND-75;ND-23;COX5A;ND-42;RFeSP;ND-ASHI;Pink1;CG2076;ND-20;UQCR-14;ND-24;ND-18;COX6B;ND-B17.2;ND-B14.5B;ND-13A;COX5B;ND-B22;CG9302"
"GOBP_ADRENERGIC_RECEPTOR_SIGNALING_PATHWAY",0.501287383640325,0.562681221926683,0.384440263858274,0.97387171919151,2530,15,"dnc;Galphai;Dop1R1"
"GOBP_MULTIVESICULAR_BODY_SORTING_PATHWAY",0.505182867201252,0.56681243147808,0.31469880239796,0.965533935178259,2582,33,"Vsp37A;Vps25;Rilpl;Rab27;Stam;CG5498;Mvb12;Uvrag;Vta1;CG14985;mop;Vps60;Vps37B;CG10435"
"GOBP_REGULATION_OF_PLASMA_LIPOPROTEIN_PARTICLE_LEVELS",0.505520504731861,0.56681243147808,0.299460295039852,0.970035900886805,2563,43,"Pka-C1;EcR;Fur1;Fur2;mdy;Psi;nes;GIIIspla2;CG31689;CG9663"
"GOBP_RRNA_PROCESSING",0.505545826036194,0.56681243147808,0.237184656667366,0.982276640325411,2597,191,"Mtr4;Fib;RpS14a;Dbp73D;RpS17;RpL7;Dbp45A;bys;Bka;l(3)07882;Rlb1;RpL7A;csul;Nlp;dbe;Rtc1;Nnp-1;CG14805;CG3071;CG11417;CG2685;l(1)G0020;Ulp1;Non1;CG2875;CG1575;CG1738;CG9123;CG12608;Rrp47;CG14230;CG17219;CG3008;CG11030;CG9107;Aatf;CG13097;CG4364;CG12288;CG10341;CG11123;CG2906;CG1671;CG12128;RpLP0-like;CG12909;CG8545;Ak6;CG12863;Rrp42;CG8414;CG4866;CG9344;RpS16;Rrp4;CG3735"
"GOBP_PIGMENT_GRANULE_LOCALIZATION",0.505955986270947,0.566880918157911,-0.373368960148444,-0.960553618182256,2505,15,"ck;Dsor1;Rab11;DCTN2-p50"
"GOBP_TELOMERE_MAINTENANCE_VIA_TELOMERE_LENGTHENING",0.505992281129393,0.566880918157911,-0.29964041831237,-0.966616588531508,2490,40,"arm;mei-9;spn-A;CCT3;Smg5;mre11;CCT6;Tnks;NHP2"
"GOBP_G1_TO_G0_TRANSITION",0.507427213309566,0.568055883392977,0.382729397849411,0.969537719405338,2561,15,"Mybbp1A;RpL23;CalpA;nuf"
"GOBP_REGULATION_OF_TOLL_LIKE_RECEPTOR_SIGNALING_PATHWAY",0.50736593989393,0.568055883392977,0.361326116064952,0.964356628089228,2582,18,"Appl;Diap2;14-3-3epsilon;Pdk1"
"GOBP_REGULATION_OF_TRANSCRIPTION_BY_RNA_POLYMERASE_III",0.509187907528156,0.569810127024662,0.368248192511633,0.964835325918069,2576,17,"Mybbp1A;Ten-m;Su(Tpl);Actbeta;Sf3b1;Bdp1;Rhau"
"GOBP_DEVELOPMENTAL_PIGMENTATION",0.509649468294604,0.570039813026797,0.336211323160791,0.967501105475306,2587,25,"car;g;Rab32"
"GOBP_REGULATION_OF_NEUTROPHIL_MIGRATION",0.509780675755779,0.570039813026797,0.367849108625702,0.963789698976836,2579,17,"Rac1;Rac2;CaMKI;Drp1"
"GOBP_AMINO_ACID_CATABOLIC_PROCESS",0.510477299185099,0.570532391879701,0.277233511746135,0.967300074085405,2630,61,"b;Gdh;Got1;slgA;Sam-S;Hdc;Faa;scu;arg;CG17896;Shmt;CG1440;CG1764;CG1640"
"GOBP_NEGATIVE_REGULATION_OF_LEUKOCYTE_APOPTOTIC_PROCESS",0.510609037328094,0.570532391879701,0.333335971089736,0.96751427744619,2598,26,"Hr3;dpp;arg;foi;mino;CG15890;Zir"
"GOBP_ENTRAINMENT_OF_CIRCADIAN_CLOCK",0.510827767658369,0.570560095843174,-0.36331478888975,-0.96376558404959,2523,17,"flw;per;svp;Pp1-87B;Sik2"
"GOBP_EPITHELIAL_FLUID_TRANSPORT",0.512017774187033,0.571672216948103,-0.367777797526353,-0.961323648051817,2534,16,"Itpr;Drip;CG7627;Prip;Eglp2;Eglp3;AhcyL1"
"GOBP_MACROMOLECULE_DEACYLATION",0.512946253432719,0.571840802424804,0.319566616799044,0.964735452391063,2614,31,"fry;Sirt1;Bem46;HDAC3;HDAC6;D12;Brms1;Ada3;Atac1"
"GOBP_POSITIVE_REGULATION_OF_GLUCOSE_METABOLIC_PROCESS",0.512785208497246,0.571840802424804,0.323254592685509,0.967456251021284,2606,30,"Pka-C1;Actn;phr6-4;Sirt1;flfl"
"GOBP_RESPONSE_TO_ENDOPLASMIC_RETICULUM_STRESS",0.512762453684644,0.571840802424804,-0.239527657102276,-0.974245764756178,2490,158,"Abl;Hsc70-2;sgg;Su(var)2-10;mts;Calr;Itpr;CycD;Sec61beta;Stt3B;Nmda1;Rack1;Pi3K21B;dimm;eIF4G1;Edem1;Faf2;Torsin;Sik2;TBPH;STUB1;CSN5;CG8042;cert;Rpt4;trbl;Vap33;CHOp24"
"GOBP_RESPONSE_TO_LIPOPROTEIN_PARTICLE",0.512825572217837,0.571840802424804,0.355203834075217,0.960684076881237,2598,19,"Appl;usp;Npc1a;CG11601;CG3625"
"GOBP_PROTEIN_CONTAINING_COMPLEX_REMODELING",0.513349514563107,0.571856975329292,-0.347849382025376,-0.960067883507609,2537,20,"emp;dia;Pxn;crq;Atet;CG5966;CG6847;CG4822;CG5853"
"GOBP_RESPONSE_TO_DSRNA",0.51321897073663,0.571856975329292,-0.339950611070979,-0.962163075950191,2542,22,"cact;mle;pll;Rel"
"GOBP_NEGATIVE_REGULATION_OF_DNA_REPLICATION",0.513614838200474,0.571935978041557,0.355082443361193,0.960355763628798,2602,19,"mei-41;wapl;Lrr47;Rca1;Rad17;Non1"
"GOBP_POSITIVE_REGULATION_OF_AUTOPHAGY",0.516292682926829,0.57470036820686,0.258483839036802,0.968664997861331,2645,93,"Galphai;rl;porin;Ubc6;Cdc37;Pi3K68D;Rala;Xbp1;AMPKalpha;Sirt1;Tip60;Rok;Tak1;HDAC6;Rab3-GAP;Pink1;Atg5"
"GOBP_POLYOL_BIOSYNTHETIC_PROCESS",0.516505238189365,0.57471951995201,0.300541063926226,0.962652026914551,2612,41,"Got1;pr;sl;Dhfr;Cyp18a1;Lgr1;l(1)G0196;Eato;Sk1;CG1801"
"GOBP_POSITIVE_REGULATION_OF_MONONUCLEAR_CELL_MIGRATION",0.516791781904386,0.574820953634292,0.330618275228686,0.967028742848481,2615,27,"Appl;rl;Ptp10D;Wnt5;Rho1;myo"
"GOBP_POSITIVE_REGULATION_OF_TORC1_SIGNALING",0.517395727365209,0.575275219164189,-0.306038519835959,-0.957833791280053,2542,35,"Shark;Sec13;Roc1a;Wdr24;wcy;CG1812;mio;Art2;CG4968;RagC-D"
"GOBP_POSITIVE_REGULATION_OF_IMMUNOGLOBULIN_PRODUCTION",0.519544293851895,0.577445905746988,0.358327531745,0.956353595550861,2644,18,"Syb;Mlh1;Ptp69D;spel1;Xbp1"
"GOBP_COENZYME_A_METABOLIC_PROCESS",0.520500908907292,0.57829066238869,-0.365265836983427,-0.954757707722821,2576,16,"ATPCL;Btnd;CG11095;CG5828;CG10194"
"GOBP_HYPEROSMOTIC_RESPONSE",0.52233956133225,0.579895467713011,-0.327153314098503,-0.952575319377801,2571,25,"Irbp;Drip;fray;Tollo;NFAT;MICU1;Swip-1;cyst;Prip;Eglp2;Eglp3"
"GOBP_PROTEIN_RNA_COMPLEX_ORGANIZATION",0.522252321981424,0.579895467713011,0.237033399938052,0.976445283705963,2698,181,"bru1;crn;SmF;Hsp83;Khc;snf;mei-41;RpS14a;eIF2beta;GluProRS;heph;Hel25E;Ddx1;eIF3i;csul;eIF3h;SmD3;sip1;mEFTu1;RpL10;SF1;eIF3j;icln;MCTS1;CG8565;eIF5;Usp39;CG3436;Sf3b1;CG3862;CG4887;Sf3b2;Dim1;CG3294;CG9107;Phf5a;CG13390;CG13126;CG17768;holn1;RpL24;CG10341;CG10628"
"GOBP_3_UTR_MEDIATED_MRNA_STABILIZATION",0.523086029992107,0.580505130228887,0.352589216031075,0.953612582485145,2650,19,"Hrb98DE;MAPk-Ak2;angel;p38b;Adar;Trf4-1;CG4887"
"GOBP_EXIT_FROM_MITOSIS",0.52354460560302,0.580576038327963,0.339366672443155,0.958443567720586,2634,23,"Zw10;tws;tap;Nlp;CG5498;CG8188"
"GOBP_REGULATION_OF_NECROPTOTIC_PROCESS",0.523460700851317,0.580576038327963,0.370326090509047,0.956017310454192,2643,16,"Dcp-1;Diap2;Drice;Pli;Decay;AIF;CYLD"
"GOBP_ARP2_3_COMPLEX_MEDIATED_ACTIN_NUCLEATION",0.524573517465475,0.580841282793913,-0.326604406951206,-0.950977061378839,2582,25,"Arpc1;alpha-Cat;Hem;GMF;PICK1;LRR;wash;FAM21"
"GOBP_ESTABLISHMENT_OF_PROTEIN_LOCALIZATION_TO_ENDOPLASMIC_RETICULUM",0.524277570277177,0.580841282793913,0.30639453881796,0.952759281919897,2666,35,"Hsc70-3;SsRbeta;SrpRbeta;Trp1;Srp19;Rab10;Rab3-GAP;l(1)G0320"
"GOBP_POSITIVE_REGULATION_OF_SMOOTH_MUSCLE_CELL_MIGRATION",0.524450603840824,0.580841282793913,0.370116710764834,0.955476785049538,2648,16,"Sema1a;mbc;Xbp1;Tak1;Pvf1;Zir"
"GOBP_RESPONSE_TO_DIETARY_EXCESS",0.524126791843327,0.580841282793913,-0.366861355125823,-0.943811724191675,2595,15,"babo;fray;Lip3"
"GOBP_TRANSFORMING_GROWTH_FACTOR_BETA_PRODUCTION",0.525044545634528,0.581144113339647,0.369980203441082,0.955124383833811,2651,16,"Jra;tkv;Fur1;Smox"
"GOBP_REGULATION_OF_SYSTEMIC_ARTERIAL_BLOOD_PRESSURE_MEDIATED_BY_A_CHEMICAL_SIGNAL",0.526047786917352,0.581816762823628,0.30899463133036,0.954646206811879,2685,34,"Tm1;Fur2;TkR86C;Dop1R1;Ance;Rho1;sut2;sut1;CG3097"
"GOBP_REGULATORY_T_CELL_DIFFERENTIATION",0.525933202357564,0.581816762823628,0.330310883696613,0.958733901197565,2676,26,"Hr3;pho;Prosbeta1;Prosalpha5;Tip60"
"GOBP_SOMATIC_DIVERSIFICATION_OF_IMMUNOGLOBULINS",0.526357199055862,0.581940202789307,0.319882552481569,0.95736420144855,2675,30,"pho;Mlh1;Ptp69D;spel1;CG6171;fal;DNAlig4;Hsp60C"
"GOBP_REGULATION_OF_PROGRAMMED_NECROTIC_CELL_DEATH",0.527032359905288,0.582467769662418,0.351691732624752,0.951185249401974,2670,19,"Dcp-1;Diap2;Drice;Pli;Decay;AIF;CYLD;CG6770"
"GOBP_REGULATION_OF_VIRAL_PROCESS",0.528500619578687,0.5838711313558,-0.27595430547644,-0.956765627795133,2558,57,"CkIIbeta;ftz-f1;mle;stau;Rab7;Tsf1;Srpk79D;cyp33;Vap33;CG9784;galectin;CG11374"
"GOBP_RESPONSE_TO_TESTOSTERONE",0.528972339995962,0.584172907007553,-0.36573776821422,-0.940921110379392,2619,15,"Pgi;Calr;Hmgs;Cbl;Tspo;Tsp"
"GOBP_REGULATION_OF_CELLULAR_RESPONSE_TO_OXIDATIVE_STRESS",0.529376135675348,0.584399471353424,-0.365653890776964,-0.940705321750878,2621,15,"mnd;Pu;mtd"
"GOBP_REGULATION_OF_MODIFICATION_OF_SYNAPTIC_STRUCTURE",0.531395114072279,0.586408261665659,-0.365066960740113,-0.939195346818059,2631,15,"Abl"
"GOBP_EXTRACELLULAR_MATRIX_DISASSEMBLY",0.53296925566343,0.587924840705591,-0.34283268404407,-0.946221745316805,2634,20,"htl;chb;Flo1;Timp;CG11034;LRR;wash"
"GOBP_POSITIVE_REGULATION_OF_TOR_SIGNALING",0.533482597191126,0.588270540081069,-0.289476876483704,-0.953076027590276,2620,44,"Hem;Shark;Sec13;Roc1a;Wdr24;raptor;wcy;rictor;CG1812;mio;Art2;CG4968;RagC-D"
"GOBP_INTERSTRAND_CROSS_LINK_REPAIR",0.534235507978186,0.588880054129571,-0.361776974581158,-0.945638272143352,2644,16,"mei-9;rec;spn-A"
"GOBP_NEUTROPHIL_MIGRATION",0.536662079811284,0.591197652003255,0.304346282519156,0.946390058734765,2729,35,"dnc;Rac1;Rac2;CaMKI;sktl;Drp1;fab1"
"GOBP_REGULATION_OF_TRANSLATION_IN_RESPONSE_TO_STRESS",0.536739948504654,0.591197652003255,0.373630387135619,0.946487924574148,2709,15,"dock;lark;Nlp;Gcn2"
"GOBP_POSITIVE_REGULATION_OF_PROTEIN_DEPOLYMERIZATION",0.537745395668893,0.592083440889926,-0.354839112280346,-0.941282146360087,2656,17,"aurA;tsr"
"GOBP_ENDOPLASMIC_RETICULUM_CALCIUM_ION_HOMEOSTASIS",0.537975972307066,0.592115716620796,-0.352070579263287,-0.945463005982742,2641,18,"Itpr;Nmda1;vimar;inc"
"GOBP_AZOLE_TRANSMEMBRANE_TRANSPORT",0.539486972328822,0.593556721238368,-0.36002956117645,-0.941070759258761,2670,16,"Orct;CNT2;CG17036;CNT1;CG4630;Tpc2;slif"
"GOBP_REGULATION_OF_CELL_KILLING",0.541426584542023,0.595468041765469,0.334804510259096,0.945559052665735,2724,23,"bsk;drk;Ptp69D;arg;Spn42Dd;AP-1gamma"
"GOBP_NECROPTOTIC_PROCESS",0.542482341069627,0.596406221011525,-0.33256268655643,-0.941253014475638,2687,22,"sesB;Su(dx);Pgam5;Dronc;Tollo;Ipk2;LUBEL;cyst"
"GOBP_REGULATION_OF_MAP_KINASE_ACTIVITY",0.543129693525472,0.596894866773231,-0.295841112054636,-0.943012089941804,2675,38,"E(z);Egfr;trc;pll;ksr;trbl;Tao;Hrs"
"GOBP_RESPONSE_TO_ZINC_ION",0.544001578531965,0.59762981480248,0.347723081233816,0.940451637227176,2756,19,"r;D2hgdh;GluClalpha;Ass"
"GOBP_MITOTIC_DNA_INTEGRITY_CHECKPOINT_SIGNALING",0.546658873952854,0.600324900025867,0.284609706013807,0.950176621744781,2805,49,"chif;polo;Cdk1;l(2)dtl;spel1;lok;Rad9;Rad17"
"GOBP_GLUTATHIONE_METABOLIC_PROCESS",0.546927484686821,0.600395768637547,0.30134014630032,0.941796262212903,2767,36,"Hsp23;Idh;Sod1;Zw;CG17636;Aladin;CG1492;CG4829;Gss1;Ggt-1"
"GOBP_POSITIVE_REGULATION_OF_VIRAL_PROCESS",0.547594885325756,0.60090419717582,-0.294960189134231,-0.940204092910965,2697,38,"ftz-f1;mle;stau;Rab7;Srpk79D;cyp33;Vap33;galectin;CG11374;loqs;CG17266;CG13016;CG3376;Pop2;Atg12;TSG101"
"GOBP_DNA_CATABOLIC_PROCESS",0.547915431732859,0.601031767396746,0.357681239370962,0.937149189543842,2772,17,"awd;pnr;Dcp-1;Drep1"
"GOBP_CELLULAR_RESPONSE_TO_UNFOLDED_PROTEIN",0.548473597359736,0.601419800012055,-0.270483806192324,-0.94953252486856,2658,61,"Hsc70-2;Hsf;Su(var)2-10;CycD;Rack1;Pi3K21B;dimm;Edem1;STUB1;CSN5;Vap33;CHOp24"
"GOBP_LUNG_ALVEOLUS_DEVELOPMENT",0.549718196457327,0.602559960498307,-0.324907012674214,-0.938741564158752,2730,24,"mnd;mys;htl;alpha-Man-IIa;wit"
"GOBP_REGULATION_OF_EPITHELIAL_CELL_APOPTOTIC_PROCESS",0.551007941356139,0.603748738722444,-0.348347193403367,-0.935464091574957,2705,18,"Su(var)2-10;B52;hop;Rbf"
"GOBP_RESPONSE_TO_GENISTEIN",0.551386623164764,0.603938736169298,-0.306414713631449,-0.936135701768248,2703,31,"Ugt36A1;Ugt35B1;Ugt35A1;Ugt37C1;Ugt37A1;Ugt49B1;Ugt307A1;Ugt37A2;Ugt37A3;Ugt49B2;Ugt303B1;Ugt304A1;Ugt302K1;Ugt303A1;Ugt35E2;Ugt37D1;Ugt37E1;Ugt37C2;Ugt305A1"
"GOBP_INTRINSIC_APOPTOTIC_SIGNALING_PATHWAY_IN_RESPONSE_TO_DNA_DAMAGE_BY_P53_CLASS_MEDIATOR",0.553149215179813,0.605418523459453,0.332441551056278,0.938885553961743,2783,23,"Su(Tpl);spel1;lok;Sirt1"
"GOBP_RNA_POLYMERASE_II_TRANSCRIPTION_INITIATION_SURVEILLANCE",0.553044186520057,0.605418523459453,-0.347830119606655,-0.934075522989711,2715,18,"mts;asun;Roc1a;IntS2"
"GOBP_ACETYL_COA_METABOLIC_PROCESS",0.554506099960645,0.60667792714177,0.320124888144762,0.944227058089432,2817,28,"awd;Pdk;DIP2;Pdha;CG7024;Pdp;Mvd;CG9547"
"GOBP_LIPID_MODIFICATION",0.556098514464425,0.607572414916073,0.256398342762111,0.94974799206616,2844,86,"por;Fdh;Cyp4c3;Cyp9b1;wun;Pdk;scu;AMPKalpha;Pex5;p38b;Mtpbeta;mtm;nes;Mtpalpha;CG3632;FIG4;CG9547;CG17597;Amacr;CG8665;Dgat2;CG1946;ACC;oys;CG8778;Cyp9h1;Pex13;Echs1;CG6805;Synj;Sesn;CG3589;Dci;Pex2;CG6638;CG5026;CG6707;INPP5E"
"GOBP_MONOCARBOXYLIC_ACID_CATABOLIC_PROCESS",0.556149732620321,0.607572414916073,-0.268302109877709,-0.945828322505943,2703,62,"Mdr49;Jhe;wal;Hydr2;chico;CG4757;CG11095;Mfe2;CG7322;CG9577;CG3544;CG8814;Cyp4d21;CG4598;CG10194;Sln;St4;Had2;Jhedup;Hacl;St1;CPT2;Mcad;Pex7;CG6149"
"GOBP_REGULATION_OF_MITOCHONDRIAL_MEMBRANE_POTENTIAL",0.556006493506494,0.607572414916073,-0.295751373206769,-0.937106722939395,2739,37,"Abl;P5cr;Nurf-38;ko;Rack1;Lip3;Mtch;Clic;Ucp4A;Tspo"
"GOBP_RESPONSE_TO_THYROID_HORMONE",0.555753614577144,0.607572414916073,0.369022296010457,0.934814616525678,2805,15,"dpn;Mo25;Actbeta"
"GOBP_EPITHELIAL_STRUCTURE_MAINTENANCE",0.557641833232384,0.608976344977608,-0.357978503005381,-0.920959112821204,2761,15,"bs;piwi;Hr96;Hml;Mks1"
"GOBP_SOMATIC_DIVERSIFICATION_OF_IMMUNE_RECEPTORS",0.558950254602429,0.61017871949549,0.302253012201216,0.933817815387412,2853,34,"pho;Mlh1;Ptp69D;spel1;CG6171;fal;DNAlig4;Hsp60C"
"GOBP_QUINONE_BIOSYNTHETIC_PROCESS",0.559968385694527,0.611063423855081,0.354959953765463,0.930019236057334,2833,17,"dare;heix;Coq7;Coq6;CG6565;Coq3;CG12091;ND-39;Pdss2"
"GOBP_REGULATION_OF_GLUCONEOGENESIS",0.560197044334975,0.611086282696885,0.296952747444996,0.936864971837588,2842,38,"Pka-C1;phr6-4;Pdk;Sirt1;flfl;Efr;fbp;Dgat2;CG1946"
"GOBP_NEGATIVE_REGULATION_OF_PROTEIN_SERINE_THREONINE_KINASE_ACTIVITY",0.561746690377396,0.612549578610192,0.354583226832189,0.929032185853589,2842,17,"crp;Ptp10D;loco;Pdcd4"
"GOBP_UNSATURATED_FATTY_ACID_BIOSYNTHETIC_PROCESS",0.563100838617304,0.613798691075253,-0.302947173520486,-0.935391046310314,2752,33,"Cyp6a2;Su(P);GstS1;Cyp6a9;Cyp9c1;Plap;Cyp28a5"
"GOBP_POSITIVE_REGULATION_OF_DOUBLE_STRAND_BREAK_REPAIR_VIA_HOMOLOGOUS_RECOMBINATION",0.564433999216608,0.615024009516763,0.301461659745917,0.931372913298176,2881,34,"E(Pc);Arp2;dom;WASp;Pli;Bap55;Tip60;MRG15"
"GOBP_FATTY_ACID_CATABOLIC_PROCESS",0.565262076053443,0.615698270177427,-0.277014377569901,-0.934730103167192,2749,50,"Mdr49;Jhe;wal;Hydr2;chico;CG4757;CG11095;Mfe2;CG9577;CG8814;Cyp4d21;CG4598;CG10194;Jhedup;Hacl;CPT2;Mcad;Pex7;CG6149"
"GOBP_ESTROGEN_METABOLIC_PROCESS",0.565660685154976,0.615904417367113,-0.303894627377682,-0.928436519552985,2773,31,"Sply;Cyp9b2;Cyp9c1;Ugt37C1;Ugt37A1;Ugt49B1;CG3603;Mfe2"
"GOBP_PROTEIN_N_LINKED_GLYCOSYLATION",0.565987234918674,0.616031981180444,-0.274996394360373,-0.935743742010239,2748,52,"Stt3B;alpha-Man-IIa;Uggt;NTPase;beta4GalNAcTA;sotv;xit;FucT6;Stt3A;Tango14;CG9662;CG3792;CG7840"
"GOBP_CILIUM_OR_FLAGELLUM_DEPENDENT_CELL_MOTILITY",0.566835541699143,0.616271309563517,0.24153595434117,0.951434649102306,2908,128,"Ldh;kl-2;alphaTub85E;porin;Ubc6;TkR86C;ash1;Prosbeta1;Dhc36C;tilB;Pglym78;Prosalpha5;Rfx;Ac3;Gk1;CG3062;Cdlc2;Tektin-A;Gas8;CG2256;CG10958;GIIIspla2;CG15429;CG9222;TTLL3B;Nha1;gudu;TbCMF46;Bug22;CG5435;Rsph1"
"GOBP_INTERLEUKIN_8_PRODUCTION",0.566797642436149,0.616271309563517,0.32115102309519,0.932147223851218,2884,26,"Hsp68;Wnt5;Hsp70Aa;Hsp70Bb;Ptp69D"
"GOBP_PROTEIN_INSERTION_INTO_ER_MEMBRANE",0.566512376735762,0.616271309563517,-0.324194009772228,-0.92801822416259,2814,23,"CG5861;EMC3;Sgt;CG10470;CG12107;CG1371;EMC8-9;CG10674;CG7546;EMC4;EMC1"
"GOBP_REGULATION_OF_DEPHOSPHORYLATION",0.570187840840234,0.619686969985951,-0.351016974516569,-0.917513022101886,2822,16,"mAChR-A;Smg5"
"GOBP_NEGATIVE_REGULATION_OF_TRANSLATIONAL_INITIATION",0.570639305445935,0.619948610273981,0.34201400727005,0.925010879204373,2891,19,"GluProRS;lark;Gcn2;Fmr1"
"GOBP_BLASTOCYST_GROWTH",0.572390572390572,0.621621655213386,0.364416151652795,0.92314624006734,2889,15,"pelo;alien;Taf8"
"GOBP_RNA_MODIFICATION",0.572874100019459,0.621917196404889,0.250282180361338,0.946386969125698,2943,98,"SmF;Fib;scu;SmD3;CG3587;CG4045;Adar;AlaRS;l(1)G0020;wuho;THADA;CG14618;SerRS;Elp3;Uba4;CG10341;CG7849;CG2906;Lsm11;CG12128;Elp2;Lsm10;CG8545;CG12863;CG9752;CG3045;CG4610;CG17807;CG15014;CG11342;CG3434;CG14130;CG14100;CG11109;CG1074;CG18048;CG9386;CG6345;Elp1"
"GOBP_REGULATION_OF_ENDOCRINE_PROCESS",0.573747772718274,0.622635908276341,0.356931006297329,0.921437158772761,2897,16,"Dab;phr6-4;gbb;Actbeta"
"GOBP_COPII_COATED_VESICLE_BUDDING",0.57467404188068,0.623411147202419,0.312735021441231,0.929889491229716,2908,29,"dco;PpV;Surf4"
"GOBP_MATURATION_OF_5_8S_RRNA",0.575088687426094,0.623631005679163,0.295097316890614,0.926673314485571,2917,37,"Mtr4;Bka;l(3)07882;Rtc1;CG14805;Ulp1;CG1575;Rrp47;CG4364;CG11123;Rrp42;CG8414;Rrp4"
"GOBP_REGULATION_OF_VACUOLE_ORGANIZATION",0.575793184488837,0.624164903745821,0.299631739748042,0.92571933227245,2939,34,"Rala;lok;mtm;Rab3-GAP;fab1;Pink1;CG3632"
"GOBP_REGULATION_OF_FATTY_ACID_BIOSYNTHETIC_PROCESS",0.576558800315706,0.624764637395509,0.340897991657366,0.921992504046776,2921,19,"awd;EcR;Pdk;Sirt1;GIIIspla2"
"GOBP_RIBOSOME_ASSEMBLY",0.57776402640264,0.625840119910371,-0.265828911265652,-0.933191531317256,2800,61,"kz;sta;RpS14b;ND-ACP;RpL11;eIF1A;CG5033;CG1785;CG6999;RpS28b;CG15916;CG15390;CG12325;CG13185;RpS15;P32;CG10914;eIF6"
"GOBP_ORGANIC_ACID_CATABOLIC_PROCESS",0.578732106339468,0.626427467568328,-0.239737113599451,-0.944924892290924,2829,124,"cn;Got2;Gs2;Hn;v;Mdr49;Gad1;Jhe;wal;Nos;Hydr2;Oat;CG11596;chico;CG4757;ppl;CG11095;CG7860;Mfe2;CG4872;CG7322;CG9577;CG17065;CG3544;CG8814;Hmgcl;Cyp4d21;CG4598;CG10194;Sln;St4;Had2;Jhedup;CG5493;CG15093;Hacl"
"GOBP_SULFUR_COMPOUND_TRANSPORT",0.578558225508318,0.626427467568328,-0.278317647494545,-0.928090661727325,2816,48,"mnd;w;Esp;Orct;Eaat2;Eaat1;Dic1;sbm;Shawn;CG7309;CG17036;MRP;Balat;CG4630"
"GOBP_SPLICEOSOMAL_TRI_SNRNP_COMPLEX_ASSEMBLY",0.579496261314443,0.627023906137216,0.314995241740583,0.929096866365425,2944,28,"SmF;SmD3;Usp39;CG3436;CG17768;holn1;CG9344;CG2021;CG10418;U4-U6-60K;Prp3"
"GOBP_APOPTOTIC_CELL_CLEARANCE",0.581029263370333,0.628220541284645,-0.324486227589022,-0.918394192194409,2878,22,"if;mys;emp;crq"
"GOBP_PHOSPHATIDYLINOSITOL_PHOSPHATE_BIOSYNTHETIC_PROCESS",0.580965909090909,0.628220541284645,-0.291426331603536,-0.923402558122048,2862,37,"fwd;Pi3K59F;Pi3K92E;Ipp;Pi3K21B;Ocrl"
"GOBP_POSITIVE_REGULATION_OF_MITOCHONDRIAL_FISSION",0.582475267514638,0.62955262197945,-0.352039491102493,-0.905680019000769,2884,15,"aurA;Pgam5;Rlip"
"GOBP_CELLULAR_RESPONSE_TO_LIPOPROTEIN_PARTICLE_STIMULUS",0.584817813765182,0.631839473340094,-0.303563609637346,-0.915159820559083,2888,29,"mys;Jhe;emp;Shark;crq;Atet;CG4757;CG4822;CG5853;Myd88;Jhedup"
"GOBP_PHOSPHATIDYLCHOLINE_METABOLIC_PROCESS",0.585020640849224,0.631839473340094,0.295591333825161,0.919165818175138,2975,35,"EcR;sws;Cds;Acbp2;CalpA;nes;GIIIspla2"
"GOBP_FATTY_ACID_TRANSPORT",0.585622805205536,0.632025786102233,-0.267039876361801,-0.928796257079942,2834,58,"Got2;Nos;Shark;Acer;colt;Orct;chico"
"GOBP_SCF_DEPENDENT_PROTEASOMAL_UBIQUITIN_DEPENDENT_PROTEIN_CATABOLIC_PROCESS",0.585539312524694,0.632025786102233,0.310912716900607,0.924471032387668,2963,29,"Pabp2;Rca1;Ppa;SkpA;Fbxl4;jet;Tsp26A;Fbw5;Cul2;Fbl6;yki;CG4911;CG4042;Skp2;Kdm2;Fbxl7"
"GOBP_POSITIVE_REGULATION_OF_CHOLESTEROL_EFFLUX",0.587128111718276,0.633418006848246,-0.341516358498247,-0.905940861136904,2900,17,"ptc;Jhe;Rel;Atet;CG4757;CG4822;CG5853"
"GOBP_FATTY_ACID_BETA_OXIDATION",0.58869548210444,0.634876139424949,0.299314655013434,0.918333512900325,3009,33,"scu;Pex5;Mtpbeta;Mtpalpha;CG9547;CG17597;Amacr;CG8665;ACC;CG8778;Echs1;Sesn;CG3589;Dci;Pex2;CG6638;beg"
"GOBP_ESTABLISHMENT_OF_PROTEIN_LOCALIZATION_TO_PEROXISOME",0.589027530204001,0.63500146348852,0.359496737045333,0.910684281184306,2973,15,"faf;Pex1;Pex5;Pex13;Pex10;Pex2;Pex16"
"GOBP_GLUCOSE_6_PHOSPHATE_METABOLIC_PROCESS",0.590008090614887,0.63553419929506,-0.328275165362306,-0.90604284355034,2916,20,"Hex-C;Pgi;Pgd;CG13369;raptor;G6P"
"GOBP_MRNA_MODIFICATION",0.590385780650374,0.63553419929506,-0.345675102705434,-0.903550059325328,2922,16,"fl(2)d;nop5;shv;Mettl14;RluA-2;Pus7;Pus1;Syp;Nop56;Mettl3"
"GOBP_POSITIVE_REGULATION_OF_CHEMOKINE_PRODUCTION",0.590303993641963,0.63553419929506,0.323237781134409,0.912892152733243,2970,23,"Appl;Wnt5"
"GOBP_REGULATION_OF_INTRACELLULAR_ESTROGEN_RECEPTOR_SIGNALING_PATHWAY",0.590373280943026,0.63553419929506,0.316116861258975,0.917535469123429,3004,26,"fkh;tup;HDAC1;Lgr1;HDAC6;Uba5"
"GOBP_PHAGOCYTOSIS_ENGULFMENT",0.59331983805668,0.638449517999449,-0.307168784755344,-0.910848275382146,2930,27,"grn;mys;Cdc42;Hem;Amph;ced-6;Tsp;Ced-12"
"GOBP_RESPONSE_TO_IRON_ION",0.593528018942384,0.638449517999449,0.336762767704639,0.91080837982113,3007,19,"Zw;Coprox;gbb;Irp-1A;Atg5;fh"
"GOBP_SYNAPTIC_VESICLE_PRIMING",0.595435265602908,0.640267014401958,-0.344623131411999,-0.900800342272661,2947,16,"Snap25;unc-13;CG3168;Rph;Tomosyn"
"GOBP_MRNA_3_END_PROCESSING",0.595862068965517,0.64030287486,0.290466688952083,0.916401914803824,3023,38,"orb;Clp;hrg;angel;Atu;Cdk9;Cbp20;CstF64;Cpsf100;Ssu72;Rhau;Lsm11;Lsm10;cbc;CG4622;CG9018;ZC3H3"
"GOBP_MULTIVESICULAR_BODY_ORGANIZATION",0.595903899172903,0.64030287486,0.317669272507904,0.914143430499357,3025,25,"Vsp37A;Vps25;Rab27;Stam;CG5498;Mvb12"
"GOBP_REGULATION_OF_ISOTYPE_SWITCHING",0.596317560879034,0.640513422455684,0.350810476095107,0.905636671114872,3011,16,"Mlh1;Ptp69D;spel1;CG6171"
"GOBP_LIPOPROTEIN_METABOLIC_PROCESS",0.597244094488189,0.641274498534398,0.2848965074191,0.917958109765751,3033,42,"Appl;por;rasp;Npc1a;Rab3-GAP;cathD;CG4789;GABPI;CG17597;Dgat2;CG1946;CG1407;CG8314;Atg7"
"GOBP_NEGATIVE_REGULATION_OF_VIRAL_GENOME_REPLICATION",0.597742127153892,0.64128258649507,0.356806533569552,0.90386940425742,3017,15,"pros;bon;Tango10;CG8565;baf;CG6805"
"GOBP_REGULATION_OF_MEGAKARYOCYTE_DIFFERENTIATION",0.597657038982024,0.64128258649507,-0.344023303295888,-0.899232469071334,2958,16,"grn;Ets97D;Mef2;nito"
"GOBP_REGULATION_OF_PEPTIDYL_SERINE_PHOSPHORYLATION",0.597905552262399,0.64128258649507,0.346117164103813,0.906850525337993,3025,17,"Raf;Ten-m;sty"
"GOBP_ACETYL_COA_BIOSYNTHETIC_PROCESS",0.598695909899229,0.641662428751742,0.345860900501805,0.90617909726043,3029,17,"Pdk;DIP2;Pdha;CG7024;Pdp"
"GOBP_MODIFIED_AMINO_ACID_CATABOLIC_PROCESS",0.59850716951483,0.641662428751742,0.339290806596774,0.905545776083682,3046,18,"slgA;CG17636;CG1492;CG4829;Ggt-1;CG8665;Sardh;CG1309;P5CDh1;CG11241"
"GOBP_POSITIVE_REGULATION_OF_MRNA_SPLICING_VIA_SPLICEOSOME",0.599128540305011,0.641727348098669,0.356323359178112,0.902645417283375,3024,15,"tra2;Hrb27C;csul;icln;Upf1"
"GOBP_POSITIVE_REGULATION_OF_VIRAL_GENOME_REPLICATION",0.599192734611504,0.641727348098669,-0.320280633090624,-0.906491087428603,2968,22,"ftz-f1;stau;Srpk79D;cyp33;Vap33;loqs;CG17266;CG13016"
"GOBP_ANTIGEN_PROCESSING_AND_PRESENTATION_OF_EXOGENOUS_ANTIGEN",0.599473790730621,0.641794720643919,-0.338667855799559,-0.89838463455043,2961,17,"rb;shi;IKKbeta;REG;CG17134;CG10104"
"GOBP_NUCLEAR_TRANSCRIBED_MRNA_CATABOLIC_PROCESS",0.600350399065603,0.642499408530739,0.242784211227254,0.937456141494026,3083,112,"SmF;me31B;Pabp2;Ref1;pelo;Mlh1;angel;pcm;eRF3;Cbp20;SmD3;MTPAP;CG3909;CG7139;CstF64;Cpsf100;Trf4-1;Upf1;Rai1;CG13124;CG17768;Rhau;Not3;tsu;Lsm11;RpLP0-like;Lsm10;Rrp42;CG9344;Rrp4;Upf3;cN-IIIB;Dis3l2;PAN3"
"GOBP_NEGATIVE_REGULATION_OF_POTASSIUM_ION_TRANSPORT",0.601650563607085,0.643656712048016,-0.313914933835537,-0.906982565799666,2988,24,"Su(dx);Nos;Ank;Fak;fray;Amph"
"GOBP_NEGATIVE_REGULATION_OF_LEUKOCYTE_MIGRATION",0.60376213592233,0.645680917442201,-0.325756832823999,-0.899092219760403,2984,20,"Plc21C;RhoGAP1A;CG11034;Lrch;CG6149;CG7497;Ho;AdoR;Tep4;Tep2;Tep1"
"GOBP_PROTON_TRANSPORTING_TWO_SECTOR_ATPASE_COMPLEX_ASSEMBLY",0.608988319144724,0.651033297574047,0.347407976109353,0.896852928979044,3075,16,"Ald1;CG10340;OXA1L"
"GOBP_POSITIVE_REGULATION_OF_DIGESTIVE_SYSTEM_PROCESS",0.610968125123738,0.652912540542694,0.347015613805385,0.895840023963232,3085,16,"EcR;Pp2B-14D;nes"
"GOBP_UBIQUITIN_DEPENDENT_PROTEIN_CATABOLIC_PROCESS_VIA_THE_MULTIVESICULAR_BODY_SORTING_PATHWAY",0.611787819253438,0.65343628878757,0.311595593036224,0.904412398296796,3113,26,"Vsp37A;Vps25;HDAC6;Stam;CG5498;Mvb12"
"GOBP_VESICLE_TARGETING",0.61190243902439,0.65343628878757,0.27664720531575,0.916015676517297,3135,47,"dco;PpV;Syt1;Gmap"
"GOBP_INTRACELLULAR_STEROL_TRANSPORT",0.613008795254653,0.654380216124525,-0.294109025655002,-0.908102049739494,2996,33,"Jhe;scat;Atet;CG4757;CG4822;Tspo;Tango14;Vps52;CG5853;CG10383;Jhedup;Start1"
"GOBP_REGULATION_OF_SYSTEMIC_ARTERIAL_BLOOD_PRESSURE_BY_CIRCULATORY_RENIN_ANGIOTENSIN",0.615867233353572,0.657193108642078,-0.334159381829628,-0.886425000146112,3042,17,"Acer;sfl;Nep1;CG17633;CG5355;CG17134;CG2493;CG10104"
"GOBP_INFLAMMASOME_MEDIATED_SIGNALING_PATHWAY",0.617396473152368,0.658586085574426,0.319499733999823,0.89323182792488,3115,22,"bsk;sl;CkIalpha"
"GOBP_REGULATION_OF_LYSOSOMAL_LUMEN_PH",0.61847471451876,0.659497140309602,-0.294918438158944,-0.901013126289975,3032,31,"mnd;CREG;Vha100-3;Vha100-2;Vha100-1;Ppt1;hoe2;Vha100-5;Lamp1"
"GOBP_AUTOPHAGOSOME_LYSOSOME_FUSION",0.619328226281673,0.659928881463485,0.33397239442382,0.891351269232767,3152,18,"car;lt;CG14435;Rab39"
"GOBP_INTERMEMBRANE_LIPID_TRANSFER",0.619312537254123,0.659928881463485,0.317067563120437,0.895466146448212,3116,23,"awd;Osbp;CG6565;CG17597;CG10026;Tmem63;CG1513"
"GOBP_MITOTIC_G2_DNA_DAMAGE_CHECKPOINT_SIGNALING",0.620988900100908,0.66145885014369,-0.315101238404282,-0.891831833523245,3076,22,"mus101;Blm;mre11;CG1785;Tao"
"GOBP_IMMUNOGLOBULIN_PRODUCTION_INVOLVED_IN_IMMUNOGLOBULIN_MEDIATED_IMMUNE_RESPONSE",0.621242891957758,0.661489897987595,-0.307668150006954,-0.895840187536688,3058,25,"Pms2;tos;Stat92E;Hmt4-20;Ercc1;Spt6"
"GOBP_PIGMENT_CELL_DIFFERENTIATION",0.623846002749951,0.664021324200563,0.332859894975408,0.888382078329806,3175,18,"g;Rab32;Rab27;AP-1gamma"
"GOBP_AMINOGLYCAN_BIOSYNTHETIC_PROCESS",0.624369578374017,0.66433826386125,-0.316662104365221,-0.885764648032564,3094,21,"Chc;Rel;beta4GalNAcTA;sotv;Hs3st-B"
"GOBP_ACTIVATION_OF_PROTEIN_KINASE_ACTIVITY",0.625534514355528,0.665337144336213,-0.328750809941705,-0.882839258074746,3071,18,"neb;hop;Fak;Tollo"
"GOBP_POSITIVE_REGULATION_OF_MULTICELLULAR_ORGANISM_GROWTH",0.625768087215064,0.665345035268059,0.321920275186065,0.890311893963021,3156,21,"smo;Gel;Pex5;Nipped-B;mino"
"GOBP_ENDOPLASMIC_RETICULUM_ORGANIZATION",0.627267169349908,0.666615522803539,-0.255582258781284,-0.912709221876952,3077,66,"gro;CG5861;Torsin;cert;fan;CG16865;Vap33;CHOp24;EMC3;Sgt;CG10470;CG12107;Lnpk;CG1371;CG12341;ReepB;CG15099;EMC8-9;CG5539;CG10674;CG7546;Use1;EMC4;aux;jagn;Sec20;Dmtn;EMC1"
"GOBP_MATURATION_OF_LSU_RRNA",0.62741617357002,0.666615522803539,0.295900288843725,0.899391980876751,3180,32,"RpL7;RpL7A;CG14805;Ulp1;Non1;CG1575;CG9123;CG12608;CG4364;CG12288;CG8545;CG8414"
"GOBP_REGULATION_OF_MYELINATION",0.630909813269766,0.670085440664134,0.313635572534813,0.892042654558953,3175,24,"baz;dlg1;Ten-m;mtm"
"GOBP_CEREBELLAR_PURKINJE_CELL_LAYER_DEVELOPMENT",0.631270226537217,0.67022627443973,-0.320094193002593,-0.883463275426077,3120,20,"neb;Gug;Lim1;beta4GalNAcTA;CG17754;Slc25A46a;Slc25A46b"
"GOBP_REGULATION_OF_MITOCHONDRIAL_FISSION",0.631941629509526,0.67069706854871,-0.323667261782225,-0.881538135012832,3117,19,"aurA;Pgam5;Rlip"
"GOBP_ACYL_COA_BIOSYNTHETIC_PROCESS",0.632505378447096,0.670840241751584,0.291998646744633,0.895887115901842,3233,33,"Pdk;DIP2;bgm;Pdha;CG7024;Pdp;spidey;CG9547;Hacd1;ACC"
"GOBP_ESTABLISHMENT_OF_PROTEIN_LOCALIZATION_TO_MITOCHONDRIAL_MEMBRANE",0.632532573289902,0.670840241751584,-0.301663110747532,-0.885576504065935,3106,26,"Cam;rb;Tim10;Mtch;ND-B16.6"
"GOBP_CHONDROCYTE_PROLIFERATION",0.633679495011199,0.671814441197459,-0.326695996139583,-0.877321187129553,3111,18,"hh;htl;Tsf1;wit"
"GOBP_NUCLEOTIDE_SUGAR_BIOSYNTHETIC_PROCESS",0.634082169601295,0.67199918694777,-0.329176841597986,-0.873207809590579,3132,17,"Hex-C;CG17065;Gmd"
"GOBP_RUFFLE_ORGANIZATION",0.634562573558258,0.672266147428302,0.296268080906123,0.894399809106895,3234,31,"Ras85D;Tm1;Rac1;Rac2;sktl;Abi"
"GOBP_SNRNA_PROCESSING",0.639878542510121,0.67765394962735,-0.293321654019965,-0.884283174059282,3160,29,"mts;asun;NHP2;Rrp45;IntS2;Ski6;CG7544;IntS1"
"GOBP_RIBOSOMAL_SMALL_SUBUNIT_BIOGENESIS",0.640280756482745,0.677835907006922,0.240823717207513,0.921136548557027,3283,105,"Fib;RpS14a;RpS17;bys;RpS9;Bka;l(3)07882;RpS4;Rlb1;Nlp;dbe;Rtc1;Zfrp8;CG3071;l(1)G0020;CG2875;CG1738;CG3862;CG3008;CG11030;CG9107;Aatf;CG13097;CG13126;CG11123;CG1671;RpS15Ab;RpS11;Ak6;CG4866;CG9344;RpS16;CG3735"
"GOBP_NUCLEOTIDE_TRANSMEMBRANE_TRANSPORT",0.642220019821606,0.679644351911929,0.318022535298867,0.879532193370565,3239,21,"l(2)03659;Ant2;MFS18;CG15890;CG8008;CG8026;Papst2;CG14694;Sur-8;CG7943;CG15553;CG30344;CG31321;SCaMC;PMP34"
"GOBP_ICOSANOID_SECRETION",0.644484056248762,0.681795071371398,0.344518540602973,0.87274121618556,3253,15,"l(2)03659;Ance;Mgstl;GIIIspla2"
"GOBP_C4_DICARBOXYLATE_TRANSPORT",0.649673977474807,0.687038404648053,0.333281930986968,0.873221341055889,3287,17,"Mal-A2;Mal-A3;aralar1"
"GOBP_DITERPENOID_METABOLIC_PROCESS",0.650107149814923,0.687249455535574,0.26895954042101,0.897928152495495,3336,49,"ninaB;mdy;Cyp18a1;Fdh;Aldh;Cyp4c3;Cyp9b1;Ugt37B1;CG17597;CG9265;CG2070;Dgat2;CG1946;Cyp9h1;CG15117;Hsl"
"GOBP_INNER_MITOCHONDRIAL_MEMBRANE_ORGANIZATION",0.650661924520846,0.687341968380728,0.283391826946264,0.885701313404433,3292,36,"Chchd3;Mitofilin;Tim9b;Tim8;OXA1L;CG14270;Pink1;CG2076;Tim9a"
"GOBP_REGULATION_OF_MICROTUBULE_BASED_MOVEMENT",0.650451157316595,0.687341968380728,0.292880487725802,0.88417304865216,3315,31,"TkR86C;Pglym78;HDAC6;CG2256;CG10958;CG15429;gudu;Bug22;CG13436;Rsph4a;CG17687;CG7276;CG11449;CG5359;Lkb1"
"GOBP_POSITIVE_REGULATION_OF_INTERLEUKIN_12_PRODUCTION",0.651254692748469,0.687474454993181,0.332686721281812,0.871661851120726,3295,17,"sl;tup;p38a;p38b"
"GOBP_RIBOSOME_DISASSEMBLY",0.651143790849673,0.687474454993181,-0.284627277157358,-0.88514283563254,3187,34,"Rack1;CG2701;Nulp1;DENR;CG11710;Rchy1;CG8777;CG13344;CG12099;mRRF1;CG2100;Ufl1;obe;mIF2;Gyf;eIF2D;HBS1;CG30100;CG30291"
"GOBP_SODIUM_ION_TRANSMEMBRANE_TRANSPORT",0.651541936751129,0.687530982037956,0.25119708370755,0.902809963779362,3316,73,"Actn;dlg1;na;SerT;Calx;nrv2;Nhe3;Nckx30C;CG10804;ppk28;VGlut;Nha1;nrv3;CG14744;DAT;CG5348;CG10444;ppk12"
"GOBP_NEUTRAL_LIPID_CATABOLIC_PROCESS",0.65342032423883,0.689265899573552,0.317522400914767,0.869502483471161,3304,20,"Pka-C1;r;dob;Lsd-2"
"GOBP_PROTEIN_LOCALIZATION_TO_NUCLEOLUS",0.654523375834851,0.689934708601266,-0.323543308415876,-0.858263729240559,3233,17,"Gs2;smid;Nmd3;CG1785"
"GOBP_REGULATION_OF_MITOCHONDRIAL_TRANSLATION",0.654416123295791,0.689934708601266,0.332047924213822,0.86998815932855,3311,17,"Shmt;CG1662;CG13390;CG4957;CG7849"
"GOBP_INOSITOL_PHOSPHATE_METABOLIC_PROCESS",0.657276043777868,0.692507287524589,-0.318077249612671,-0.866313212740761,3242,19,"Plc21C;Ocrl;Mipp1;CG9784;Ipk2;IP3K1"
"GOBP_RNA_3_END_PROCESSING",0.657434688666274,0.692507287524589,0.25023164728654,0.89934015590015,3346,73,"Fib;orb;Clp;hrg;angel;Atu;Cdk9;scu;Cbp20;MTPAP;CstF64;Cpsf100;RNaseZ;Trf4-1;Ssu72;IntS14;Rhau;Lsm11;Lsm10;cbc;Rrp42;Rrp4;CG4622;CG9018;ZC3H3;defl"
"GOBP_MITOCHONDRIAL_FUSION",0.659464816650149,0.694397097560751,0.314309084421908,0.869262167720603,3326,21,"awd;Chchd3;Marf;CG3862;rho-7;Stoml2;Mul1"
"GOBP_TUBULIN_DEACETYLATION",0.660328777975837,0.695058055386373,0.339618030218441,0.860327145855872,3333,15,"fry;HDAC6;D12;Ada3;Atac1"
"GOBP_FATTY_ACYL_COA_BIOSYNTHETIC_PROCESS",0.661517132105367,0.696059872193845,0.339293066407534,0.859503941069708,3339,15,"bgm;spidey;CG9547;Hacd1;ACC"
"GOBP_ORGANOPHOSPHATE_ESTER_TRANSPORT",0.661900097943193,0.696213832016043,0.241999215830763,0.909080832903659,3378,95,"awd;Syt1;porin;trpl;Acbp2;l(2)03659;Osbp;Ugalt;Ant2;MFS18;SK;Efr;CG4332;CG15890;CG9981;Npc2a;CG31689;CG9663;CG33298;CG17597;Tmem63;CG8008;CG8026;CG1513"
"GOBP_NATURAL_KILLER_CELL_DIFFERENTIATION",0.662628709872804,0.696731116671119,-0.331537466266224,-0.852935157379945,3281,15,"exd;Pi3K92E;Stat92E;chm;PGRP-LE"
"GOBP_DETECTION_OF_MECHANICAL_STIMULUS",0.663958787398454,0.697553490983318,0.309789180116419,0.866083837261952,3350,22,"Sh;Mlp84B;Ork1;ppk28;CG17660;ItgaPS4;ppk12;ItgaPS5;CG6938"
"GOBP_LATE_ENDOSOME_TO_VACUOLE_TRANSPORT",0.663654223968566,0.697553490983318,0.300861821871417,0.873257414276198,3377,26,"Vsp37A;Vps25;Stam;CG5498;Mvb12;Vta1;mop;Vps60;Vps37B;CG10435"
"GOBP_ORGANELLE_DISASSEMBLY",0.66412213740458,0.697553490983318,-0.257815570821915,-0.890357627883098,3218,56,"aurA;Klc;Syx5;Rack1;CG2701;Faf2;Dyrk3;Nulp1;DENR;CG11710;Rchy1;CG2201;CG8777;CG13344;GM130;p130CAS;CG12099;CG12010;mRRF1;bmm"
"GOBP_NEGATIVE_REGULATION_OF_PHOSPHATIDYLINOSITOL_3_KINASE_PROTEIN_KINASE_B_SIGNAL_TRANSDUCTION",0.666079122600862,0.699048336643264,0.283495030047521,0.875864586771849,3400,34,"dlg1;Ptp10D;CG10939;Sirt1;mtm;myo;Fkbp59"
"GOBP_NUCLEAR_TRANSCRIBED_MRNA_CATABOLIC_PROCESS_NONSENSE_MEDIATED_DECAY",0.66625816993464,0.699048336643264,-0.28154760657231,-0.875565579433879,3261,34,"mago;Smg5;Cbp80;CG3857;eIF3e;Upf2;CG6729;CG8777;Pym;DCP1;roq;eRF1;CG7483;RnpS1;Regnase-1;Syp"
"GOBP_PROSTAGLANDIN_TRANSPORT",0.665942315290399,0.699048336643264,0.298668784454945,0.873579353590707,3370,27,"l(2)03659;Mgstl;GIIIspla2;Oatp30B;CG5592;CG10486;SLC22A;CG7458;CG14855;CG14857;CG7333;CG7342;CG17752;CG6231"
"GOBP_REGULATION_OF_P38MAPK_CASCADE",0.668017835427645,0.70064473148953,-0.315921889713323,-0.860442887964972,3295,19,"per;msn;Moe;fray;galectin;CG11374;Art2;Phlpp"
"GOBP_NEGATIVE_REGULATION_OF_SIGNAL_TRANSDUCTION_BY_P53_CLASS_MEDIATOR",0.669296116504854,0.701735272543579,-0.311065388795335,-0.858543682654646,3308,20,"Taf1;RnrS;Dyrk3;CG1785;CG4768;Tif-IA"
"GOBP_POSITIVE_REGULATION_OF_B_CELL_MEDIATED_IMMUNITY",0.672594348942897,0.704942135586036,0.327433314297865,0.857897567296368,3403,17,"Mlh1;Ptp69D;spel1"
"GOBP_AXON_ENSHEATHMENT_IN_CENTRAL_NERVOUS_SYSTEM",0.67379679144385,0.705950911833265,0.336382445350497,0.852130697944018,3401,15,"emc;Ten-m;Eato;CG1801"
"GOBP_FATTY_ACID_DERIVATIVE_METABOLIC_PROCESS",0.674725721251524,0.706631577120042,-0.269336753919262,-0.878352024656746,3320,42,"Fbp2;Hmgs;T3dh;Ppt1;CG11095;Mfe2;Hmgcl;Cyp4d21;Ppt2;CG10194;CG1941;CG5065;Sc2;Fitm;Elo68beta;CG3961"
"GOBP_TRNA_METABOLIC_PROCESS",0.674926829268293,0.706631577120042,0.230526386666317,0.910266286542569,3458,131,"GluProRS;Ddx1;angel;scu;CG3587;CG4045;Pop1;ValRS;TyrRS;ProRS-m;MetRS-m;GlnRS;ArgRS;AlaRS;l(1)G0020;RNaseZ;CG10802;wuho;mldr;THADA;CG14618;SerRS;Elp3;Uba4;Pyroxd1;CG7849;Elp2;cbc;Rrp42;AsnRS-m;CG8950;CG10927;CG9344;CG9752;CG3045;CG4610;CG17807;Rrp4;TyrRS-m;CG15014;CG11342;Pop4;CG3434;IleRS-m;CG3808;CG11109;CG1074;CG18048;ArgRS-m;CG9386;CG6345;Dtd;Elp1;Rrp6;Brf;CG18596;Dcr-1;GatB;beta-PheRS;CG18528"
"GOBP_PROTEIN_ACYLATION",0.675664704688451,0.707152458624484,-0.275332791542025,-0.877640532711372,3328,38,"Gs2;TfIIB;Gcn5;Nmt;Clk;san;chm;Tat;Naa20A"
"GOBP_NERVOUS_SYSTEM_PROCESS_INVOLVED_IN_REGULATION_OF_SYSTEMIC_ARTERIAL_BLOOD_PRESSURE",0.679936621113092,0.711370390936954,0.335153042552764,0.84901635033591,3432,15,"TkR86C;Ance;Manf;ppk28;Ance-3"
"GOBP_MITOCHONDRIAL_CALCIUM_ION_TRANSMEMBRANE_TRANSPORT",0.680309509264916,0.711507492448411,-0.314643143306489,-0.844954022301156,3340,18,"Hsc70-5;Itpr;dimm"
"GOBP_NEGATIVE_REGULATION_OF_INTRACELLULAR_PROTEIN_TRANSPORT",0.681196750544878,0.712182245949905,0.306235841662068,0.856149697527056,3437,22,"RanGAP;Su(fu);Nf1;14-3-3epsilon;HDAC3"
"GOBP_REGULATION_OF_TELOMERE_MAINTENANCE_IN_RESPONSE_TO_DNA_DAMAGE",0.682241140368244,0.713020758423934,0.328000367519161,0.846751112654844,3445,16,"pho;Bap55;XRCC1;CG11970"
"GOBP_MITOCHONDRION_LOCALIZATION",0.683667273831208,0.714003947323896,-0.276672313424994,-0.872420502302589,3377,36,"gro;Uch;mst;Gcn5;dimm"
"GOBP_PHOSPHOLIPID_BIOSYNTHETIC_PROCESS",0.683518290176736,0.714003947323896,-0.224942150802304,-0.913128149425834,3325,155,"ChAT;eas;lace;rdgB;fwd;Hmgs;Pi3K59F;Pi3K92E;Ipp;qm;Pi3K21B;Dgkepsilon;Ocrl;Sbf;CalpB;Inos;Pten;EDTP;cert;fan;Vap33;CG9784;PGAP2;Tango14;frj;PGAP5;CG7840;IP3K1;Pect;CG10383;CG2201;PGAP3;PIG-G;puml;bbc;CG5065;Hyccin;PIG-A;PIG-O;EndoB;CG11200;PIP5K59B;Pcyt2;PIG-Wb;PIG-B;Ctl1;Fitm"
"GOBP_POSITIVE_REGULATION_OF_MAP_KINASE_ACTIVITY",0.687094873305834,0.717328998320001,0.31678837303677,0.845488199321567,3497,18,"Ten-m;Mekk1;Tak1;slpr;Pvf1;Pvr"
"GOBP_DEFENSE_RESPONSE_TO_GRAM_POSITIVE_BACTERIUM",0.687611144042679,0.717613333016517,0.276565324331075,0.864366039210451,3479,36,"Appl;LysP;LysS;LysX"
"GOBP_REGULATION_OF_ERAD_PATHWAY",0.690694359600896,0.72057546310136,-0.311232129239513,-0.835793962349651,3391,18,"Sik2;STUB1;Ubqn;Sgt;p47;CG8405;CG13887;CG7546"
"GOBP_GOLGI_LUMEN_ACIDIFICATION",0.691167753408417,0.720813729361065,0.32261862597428,0.845282756219641,3497,17,"Vha36-1;VhaSFD;VhaPPA1-1;Nhe3"
"GOBP_REGULATION_OF_INFLAMMATORY_RESPONSE_TO_ANTIGENIC_STIMULUS",0.691575817641229,0.720983719170976,0.305722121789878,0.845513818972162,3488,21,"sl;Fur1;Pka-R2;p38b;CG5347"
"GOBP_SPLICEOSOMAL_SNRNP_ASSEMBLY",0.694568814483161,0.723847485727758,0.258072895250161,0.876025394661432,3567,53,"SmF;snf;csul;SmD3;icln;Usp39;CG3436;Sf3b1;Sf3b2;Dim1;Phf5a;CG17768;holn1;CG9344;wmd;CG2021;Sf3b6;CG10418;Smn;U4-U6-60K;Prp3;CG2931"
"GOBP_RESPIRATORY_CHAIN_COMPLEX_IV_ASSEMBLY",0.694983818770227,0.724023510914308,-0.304205161581758,-0.839609384761198,3435,20,"l(3)neo43;Slc25A46a;CG11562;CG7382;CG17996;Slc25A46b;CG12935;CG14483"
"GOBP_REGULATION_OF_SYSTEMIC_ARTERIAL_BLOOD_PRESSURE_BY_RENIN_ANGIOTENSIN",0.69613478691774,0.724965855968847,0.304696701031636,0.842677886078989,3511,21,"Fur2;TkR86C;Ance;Rho1;CG3097;Ance-3;CG2528"
"GOBP_RENAL_FILTRATION",0.699289660615627,0.727993694809333,0.310478400734756,0.83971969665809,3543,19,"rst;Ptp10D;Pp2B-14D;Rhp;Pvf1"
"GOBP_ARACHIDONATE_METABOLIC_PROCESS",0.699777912376338,0.728244293672156,-0.321061146544821,-0.82598308613753,3465,15,"Su(P);GstS1;Cyp4d21;CG1941;CG8839;CG15111"
"GOBP_COTRANSLATIONAL_PROTEIN_TARGETING_TO_MEMBRANE",0.70009910802775,0.728320924970877,0.303869900303591,0.840391262405813,3531,21,"SsRbeta;SrpRbeta;Trp1;Srp19;l(1)G0320"
"GOBP_MITOCHONDRIAL_RIBOSOME_ASSEMBLY",0.702423520063568,0.730048915197761,0.297594019924094,0.846417252253784,3535,24,"mEFTu1;CG1662;CG3862;mRpS2;CG13390;CG13126;CG10628;beg;CG14100;mTerf3;CG7488;CG17141;CG5116"
"GOBP_PHOSPHOLIPID_CATABOLIC_PROCESS",0.702048050413549,0.730048915197761,0.295089171993232,0.849165630214978,3564,25,"Idh;sl;sws"
"GOBP_THYROID_HORMONE_METABOLIC_PROCESS",0.702504581551619,0.730048915197761,-0.308356226442128,-0.828070909462304,3449,18,"grn;CG2187;CG4872;SLC5A11;St4;St1"
"GOBP_REGULATION_OF_ACTIN_NUCLEATION",0.706323469801378,0.733758350337449,-0.304993705452101,-0.830678953485876,3484,19,"alpha-Cat;Hem;GMF;PICK1;LRR;wash;FAM21"
"GOBP_DNA_REPLICATION_CHECKPOINT_SIGNALING",0.708940129449838,0.736216682259592,-0.300849936274974,-0.830348928295187,3504,20,"dup;mus101;Hus1-like;RfC38;RfC3;CG5790"
"GOBP_CARBOHYDRATE_DERIVATIVE_TRANSPORT",0.710324849989655,0.737394392614525,-0.24887131523946,-0.870667069607993,3432,60,"sesB;emp;crq;Atet;slv;CNT2;Rlip;CG2930;CG6299;CG4822;Ent1;G6P;CG5853;MRP;CNT1;CG8046"
"GOBP_DETERMINATION_OF_ADULT_LIFESPAN",0.711210398050366,0.73805325963463,-0.287579673746913,-0.837348386095055,3501,25,"okr;Gug;Lip3;Ercc1;CG3165"
"GOBP_AMINOGLYCAN_METABOLIC_PROCESS",0.713233790141133,0.738329982616191,-0.275739153891136,-0.851382545245994,3486,33,"Chc;Rel;sfl;beta4GalNAcTA;sotv;PGRP-LE;Hs3st-B"
"GOBP_FORMATION_OF_CYTOPLASMIC_TRANSLATION_INITIATION_COMPLEX",0.71301247771836,0.738329982616191,0.32509929545733,0.823547998322302,3599,15,"eIF3i;eIF3h;eIF3j;eIF5;eIF3m;eIF3k"
"GOBP_NEGATIVE_REGULATION_OF_CELL_CYCLE_G2_M_PHASE_TRANSITION",0.712884879388115,0.738329982616191,0.261294415191884,0.855956746529469,3634,45,"chif;polo;Cdk1;mei-41;l(2)dtl;Rad17;Non1"
"GOBP_PROTEIN_O_LINKED_GLYCOSYLATION_VIA_N_ACETYL_GALACTOSAMINE",0.712814418696772,0.738329982616191,0.325302216075568,0.824062040866544,3598,15,"brn;Pgant7;Pgant2;Pgant5"
"GOBP_PROTEIN_QUALITY_CONTROL_FOR_MISFOLDED_OR_INCOMPLETELY_SYNTHESIZED_PROTEINS",0.71187130930564,0.738329982616191,-0.305644571241209,-0.820788932982432,3495,18,"poe;STUB1;Pex12;CG13392;ClpP;CG7220;CG8520;YME1L;Lon;Iru"
"GOBP_REGULATION_OF_AXON_DIAMETER",0.71298727529792,0.738329982616191,-0.312927886904597,-0.817953067965498,3529,16,"Wnt2;Nepl5;Nepl7;Cont;Nepl12;Nepl14;Nepl15;Nepl17;Nepl18;Nepl19"
"GOBP_VESICLE_MEDIATED_TRANSPORT_TO_THE_PLASMA_MEMBRANE",0.712471841081302,0.738329982616191,-0.231245137743659,-0.888739593432514,3478,104,"comt;Ank;Vps26;Rab11;Rab7;Past1;Khc-73;Rack1;fidipidine;Amnionless;Eaat1;Sec71;Grip;Gga;CG15211;Vlet;Tomosyn;Rab35;bves;Hrs;Vps52;Snx17"
"GOBP_ANDROGEN_METABOLIC_PROCESS",0.713910761154856,0.738770826351595,-0.318063146801714,-0.818270234219133,3535,15,"hh;Sply;CG3603;Mfe2;CG7840"
"GOBP_EARLY_ENDOSOME_TO_GOLGI_TRANSPORT",0.715929739551787,0.7405996110272,-0.317508263426733,-0.81684270464277,3545,15,"Syx5;Rab6;Past1"
"GOBP_MITOCHONDRIAL_RNA_METABOLIC_PROCESS",0.717903759984415,0.742380619287925,0.258416110012167,0.858943621381211,3684,48,"mRpL12;mof;angel;scu;AMPKalpha;MTPAP;RNaseZ;mldr"
"GOBP_REGULATION_OF_GENE_SILENCING_BY_REGULATORY_NCRNA",0.718446601941748,0.742680921613711,0.296988283225065,0.830296112539313,3625,22,"dpp;pum"
"GOBP_SNRNA_METABOLIC_PROCESS",0.720102787112078,0.744131506738227,0.266708201918707,0.854283231108821,3642,41,"Mtr4;nau;Su(Tpl);IntS4;CG11454;IntS14;Rrp42;Rrp4;CG4622;IntS10;defl;IntS9;CG5274;CG16790;Rrp46;Rrp6"
"GOBP_GLYCOSPHINGOLIPID_METABOLIC_PROCESS",0.721324398896334,0.745132156444177,0.269216346276414,0.845401125792462,3659,37,"brn;ifc;AMPKalpha;Eato;CG33090;CG1801;CG8673;TM9SF2"
"GOBP_ENDOPLASMIC_RETICULUM_TO_GOLGI_VESICLE_MEDIATED_TRANSPORT",0.723010487353485,0.74661174229342,-0.236017937835229,-0.878190949176805,3515,85,"betaCOP;Syx5;Ank;Rab2;Rab19;Sec13;beta'COP;Madm;fan;CG16865;gammaCOP;Vap33;CHOp24;p24-1;CG9175;PAPLA1;PGAP5;Yip1d1;SCAP;Sec24AB"
"GOBP_MIDBODY_ABSCISSION",0.725764015381502,0.749192187106098,-0.305507025756204,-0.81041886020921,3585,17,"aurA"
"GOBP_REGULATION_OF_DIGESTIVE_SYSTEM_PROCESS",0.72640572223326,0.749591594110927,0.292822066449357,0.826991713872691,3655,23,"EcR;Pp2B-14D;tap;nes"
"GOBP_NEGATIVE_REGULATION_OF_POTASSIUM_ION_TRANSMEMBRANE_TRANSPORT",0.727254387734517,0.750204210629365,-0.293694915151144,-0.821521014234687,3604,21,"Su(dx);Ank;fray;Amph;Nepl5;Nepl7"
"GOBP_REGULATION_OF_AEROBIC_RESPIRATION",0.728049264998013,0.750760931519157,0.292353054156737,0.831510891416647,3664,24,"Actn;Rho1;Adk3;Shmt;Pink1;ATP7;CG6770;Mondo"
"GOBP_RIBOSOMAL_LARGE_SUBUNIT_BIOGENESIS",0.728986645718775,0.751464159672262,0.241458611901202,0.866235341241353,3711,72,"RpL7;RpL7A;Nlp;CG14805;mEFTu1;RpL10;Ulp1;Non1;CG1575;CG15027;CG9123;CG12608;CG9609;CG3862;CG13390;CG4364;CG5776;RpL24;CG12288;CG10628;RpLP0-like;CG8545;CG8414"
"GOBP_MODIFIED_AMINO_ACID_TRANSPORT",0.731617647058823,0.753648150436645,-0.270387710031655,-0.840860183071251,3581,34,"mnd;colt;Orct;Mct1;Eaat1;sbm;Shawn;CG17036;MRP;Balat;CG4630;CG8468"
"GOBP_REGULATION_OF_ATP_DEPENDENT_ACTIVITY",0.731535520225397,0.753648150436645,-0.286683263408295,-0.820642223439667,3634,23,"Tm2;mtSSB;Tsf1;Tsc1;regucalcin;shv"
"GOBP_FATTY_ACYL_COA_METABOLIC_PROCESS",0.733359590389917,0.755178129130954,0.287728361580954,0.827983737397922,3723,25,"mdy;bgm;spidey;CG9547;Hacd1;Dgat2;CG1946;ACC"
"GOBP_LONG_CHAIN_FATTY_ACID_TRANSPORT",0.73395613322502,0.755527971990206,-0.282787418684609,-0.823394732869522,3613,25,"Shark;Acer;colt;chico"
"GOBP_REGULATION_OF_CILIUM_ASSEMBLY",0.734705768110313,0.756035106603896,0.24455999124807,0.856917760783071,3782,63,"fy;in;Sas-4;nuf;Rab10;RN-tre;Atg5;CG4789;Cp110;Tbc1d15-17;Cep97;CG7742;CG7236;CYLD"
"GOBP_PROTEIN_METHYLATION",0.739068825910931,0.760258911129357,-0.27701917796839,-0.821445579834094,3650,27,"Smyd3;Rab6;Set2;CG7889;HemK2;CG9643;Art2;CG10947;Ntmt;Art7"
"GOBP_POSITIVE_REGULATION_OF_TRIGLYCERIDE_BIOSYNTHETIC_PROCESS",0.740146563675975,0.761101429687074,0.317992932027223,0.805546017204556,3736,15,"EcR;Tip60;Dgat2;CG1946"
"GOBP_NEGATIVE_REGULATION_OF_ACTIN_FILAMENT_BUNDLE_ASSEMBLY",0.74278370897588,0.763546356326708,0.295022299755163,0.807888267339433,3756,20,"Oda;WASp;Rhp;Rab40;RhoGAP15B"
"GOBP_SPHINGOLIPID_METABOLIC_PROCESS",0.744459697979996,0.765001897120904,0.236673485167548,0.865061081780693,3795,80,"brn;Sap-r;ifc;wun;Osbp;AMPKalpha;CG7115;CG17841;Eato;CG33090;Sk1;dob;CG1801;CG8673;Hacd1;Hacd2;TM9SF2"
"GOBP_CELLULAR_RESPONSE_TO_PH",0.749949505150475,0.769888346127006,-0.304132459914464,-0.79496295812962,3712,16,"Galphas;Rab11"
"GOBP_GLYCEROLIPID_BIOSYNTHETIC_PROCESS",0.75,0.769888346127006,0.219788499246917,0.887737395756916,3851,155,"EcR;sl;mdy;Gel;Cds;CalpA;Pi3K68D;sktl;Ttc7;PIG-K;Sirt1;Gk1;mtm;Tip60;Pisd;nes;Agpat2;mino;fab1;PGAP1;GAA1;PIG-T;Agpat1;CG15743;jub;dob;Pis;CG3632;Pvf1;FIG4;CG7149;PIG-U;Uvrag;CG17597;Dgat2;CG1946;Hydr1;PIG-N;CG8298;CG6805;CG15117;PIG-M;Synj;CG5554;Gpat4"
"GOBP_PURINE_NUCLEOTIDE_TRANSPORT",0.749950465623142,0.769888346127006,0.288860001422493,0.807571711734635,3784,22,"l(2)03659;Ant2;MFS18;CG15890;CG8008;Papst2;CG14694;Sur-8;CG7943;CG15553;CG30344;CG31321;SCaMC;PMP34"
"GOBP_PROGRAMMED_NECROTIC_CELL_DEATH",0.753643724696356,0.773358855269159,-0.2718576969453,-0.819575315536962,3722,29,"sesB;Su(dx);Pgam5;Dronc;Tollo;Tspo;Ipk2;LUBEL;cyst"
"GOBP_PROTEIN_ACETYLATION",0.755402750491159,0.774893616438281,0.28120544799539,0.81620439864844,3844,26,"Xbp1;cyc;Sirt1;DIP2;Tip60;l(1)G0020;Sk1"
"GOBP_LIPOSACCHARIDE_METABOLIC_PROCESS",0.75603532875368,0.775272198394328,0.240970716119618,0.849010344468351,3851,66,"brn;ifc;AMPKalpha;PIG-K;Eato;CG33090;PGAP1;GAA1;PIG-T;CG1801;CG8673;PIG-U;TM9SF2;PIG-N;CG7997;PIG-M;PIG-C;Cln7"
"GOBP_HISTAMINE_TRANSPORT",0.756981580510992,0.775972059185832,0.31356375370345,0.794325934621404,3821,15,"Syb;nSyb;GIIIspla2"
"GOBP_LIPOPROTEIN_BIOSYNTHETIC_PROCESS",0.758905212316361,0.777672983153861,-0.280383833970972,-0.802609856574624,3770,23,"Gs2;Pi3K59F;Nmt"
"GOBP_PROTEIN_CATABOLIC_PROCESS_IN_THE_VACUOLE",0.763029315960912,0.781626827143803,-0.2750523465814,-0.807456685429942,3747,26,"Vha100-3;Vha100-2;Vha100-1;Gga;CG18585;Vha100-5;Lamp1;Vps13"
"GOBP_MACROMOLECULE_METHYLATION",0.766614235155328,0.785025784833615,0.233275218394819,0.855902574169948,3898,82,"SmF;Fib;csul;eRF3;scu;SmD3;CG4045;CG3793;wuho;THADA;CG14618;CG17219;SerRS;CG9154;CG2906;Lsm11;CG12128;Lsm10;CG8545;CG12863;CG4610;CG17807;CG11342;CG14100;CG10584;CG11109;CG1074;CG18048;CG9386;Art1;CG17726"
"GOBP_SPERM_AXONEME_ASSEMBLY",0.770449593979006,0.788678742340374,0.310134146857158,0.785637986376782,3889,15,"Ubc6;GIIIspla2;CG13436;CG17687;CG17122"
"GOBP_NEGATIVE_REGULATION_OF_NON_CANONICAL_NF_KAPPAB_SIGNAL_TRANSDUCTION",0.773364947638807,0.791387713375085,0.300215596388015,0.786585294040696,3913,17,"gbb;CG12645;CG5347;ND-B14.5B;CYLD"
"GOBP_RESCUE_OF_STALLED_RIBOSOME",0.775303643724696,0.793095730124498,-0.269436794689784,-0.798961521963091,3829,27,"Rack1;CG2701;Nulp1;CG11710;Rchy1;CG8777;CG13344;CG2100;Ufl1;obe;Gyf;HBS1;CG30100;CG30291"
"GOBP_DENDRITE_EXTENSION",0.778173895820955,0.795755162149895,0.307356095967206,0.778600572633885,3928,15,"Syt1;Dap160;Nhe3"
"GOBP_DNA_STRAND_ELONGATION",0.779650690495532,0.796988301403007,-0.272814859534294,-0.794357540494436,3838,25,"Uch-L5;dpa;mre11;Mcm7;RfC38;Arp8"
"GOBP_REGULATION_OF_DEFENSE_RESPONSE_TO_VIRUS",0.782451197424029,0.799573262529174,-0.275180257864555,-0.787714413377002,3887,23,"mle;Su(dx);Sin3A;CG5445;loqs;Sting;P32;Herc4;Atg12"
"GOBP_PHOSPHATIDYLCHOLINE_BIOSYNTHETIC_PROCESS",0.784051811374216,0.800930704535744,-0.289387734108334,-0.767659195575274,3873,17,"ChAT;CalpB;CG2201;bbc;Pcyt2;Ctl1"
"GOBP_CYTOCHROME_COMPLEX_ASSEMBLY",0.784730421094057,0.801345678187684,0.271598030479565,0.801094256647224,3987,28,"l(3)87Df;RFeSP;Surf1;Coa8;fh;CG4957;Ttc19"
"GOBP_GLYCEROPHOSPHOLIPID_BIOSYNTHETIC_PROCESS",0.79030682040258,0.806760119925187,0.219571651063556,0.859964356100244,4043,123,"EcR;sl;Cds;CalpA;Pi3K68D;sktl;Ttc7;PIG-K;mtm;Pisd;nes;Agpat2;mino;fab1;PGAP1;GAA1;PIG-T;Agpat1;CG15743;jub;dob;Pis;CG3632;Pvf1;FIG4;CG7149;PIG-U"
"GOBP_LIPID_DIGESTION",0.790833838077933,0.807018089360138,-0.296901737577241,-0.763828996821353,3916,15,"Drip;CG5966;Prip;Eglp2;Eglp3;Snmp2;CG8112;CG11069"
"GOBP_RNA_SURVEILLANCE",0.791429133084333,0.807345530351632,0.257188814905763,0.799749994085339,4025,35,"pelo;pcm;IntS4;Dgp-1;Rai1;IntS14;Wdr82;Rrp42;Rrp4;IntS10;defl;IntS9;CG5274;Suv3;Rrp46;Rrp6;IntS12;IntS11;Rnb"
"GOBP_PHOSPHATIDYLGLYCEROL_METABOLIC_PROCESS",0.791789432331566,0.807433105691323,0.289434837177823,0.772483336306047,4030,18,"Cds;mino;Mtpalpha;GIIIspla2"
"GOBP_ACYLGLYCEROL_HOMEOSTASIS",0.794927679809788,0.810352471933609,0.277895027511528,0.776916713788235,4011,22,"EcR;Hnf4;Xbp1;Sirt1"
"GOBP_MEMBRANE_LIPID_METABOLIC_PROCESS",0.796878048780488,0.812059307070383,0.221836859858032,0.854014059378581,4083,110,"brn;Sap-r;ifc;wun;Osbp;AMPKalpha;PIG-K;CG7115;CG17841;Eato;CG33090;PGAP1;GAA1;PIG-T;Sk1;dob;CG1801;CG8673;PIG-U;Hacd1;Hacd2;TM9SF2"
"GOBP_REGULATION_OF_CELLULAR_RESPIRATION",0.804037520391517,0.818787949114518,-0.258667107001057,-0.790260724973045,3942,31,"Ide;Arl2;nvy;Nos;CG1785;Rim2;CG3165;prel;DJ-1alpha"
"GOBP_RESPONSE_TO_PH",0.804036326942482,0.818787949114518,-0.271258202760111,-0.767742778641146,3983,22,"Galphas;Rab11;Sur"
"GOBP_BASIC_AMINO_ACID_TRANSPORT",0.806362378976487,0.820871321435579,0.290462346385557,0.761031115266054,4080,17,"Mal-A2;Mal-A3"
"GOBP_RRNA_TRANSCRIPTION",0.807433768287861,0.821677670806948,0.2790021509731,0.764018735264055,4083,20,"brm;Nlp"
"GOBP_CHONDROITIN_SULFATE_PROTEOGLYCAN_METABOLIC_PROCESS",0.810449813396189,0.824176754584027,0.284783743049389,0.760069859252494,4125,18,"oxt;CG15743;CG15385;CG31743;beta3GalTII;CG15117"
"GOBP_MEMBRANE_FISSION",0.81031416716064,0.824176754584027,0.252034443854998,0.787698221049456,4100,36,"Vsp37A;Vps25;Drp1;Stam;CG5498;Mvb12"
"GOBP_PHOSPHATIDYLINOSITOL_BIOSYNTHETIC_PROCESS",0.815623087905364,0.829151045133926,-0.225111283748562,-0.830638013221342,3998,80,"rdgB;fwd;Pi3K59F;Pi3K92E;Ipp;Pi3K21B;Dgkepsilon;Ocrl;Sbf;Pten;EDTP;CG9784;PGAP2;frj;PGAP5;IP3K1;PGAP3;PIG-G;Hyccin;PIG-A;PIG-O;PIP5K59B;PIG-Wb;PIG-B;CG17026;CG17028;PIG-F;CG9389;Pi4KIIalpha"
"GOBP_NEGATIVE_REGULATION_OF_TELOMERE_MAINTENANCE",0.817354368932039,0.830624025353388,-0.272474935634284,-0.752033633753001,4040,20,"mei-9;Tnks;Ercc1;Pif1"
"GOBP_REGULATION_OF_TRIGLYCERIDE_BIOSYNTHETIC_PROCESS",0.829360349622567,0.842533891087566,0.265760437605025,0.755876140968101,4174,24,"EcR;Sirt1;Tip60"
"GOBP_AMELOGENESIS",0.830394293639786,0.843238239931568,0.267235268358908,0.74711501087621,4190,22,"Dr;l(2)03659"
"GOBP_CERAMIDE_METABOLIC_PROCESS",0.830626927029805,0.843238239931568,-0.233389257057847,-0.798043605965954,4040,53,"Gal;lace;mys;Sply;beta4GalNAcTA;cert"
"GOBP_REGULATION_OF_CELL_PROJECTION_SIZE",0.831147871696591,0.843476039507199,-0.264899420878746,-0.740974493203244,4119,21,"Wnt2;Moe;Fim;Nepl5;Nepl7;Cont;Nepl12;Nepl14;Nepl15;Nepl17;Nepl18;Nepl19"
"GOBP_CERAMIDE_BIOSYNTHETIC_PROCESS",0.832974770193624,0.845038542727463,0.251576018939305,0.771865611537269,4258,33,"ifc;AMPKalpha;CG17841;Sk1;dob;CG8673"
"GOBP_RELEASE_OF_CYTOCHROME_C_FROM_MITOCHONDRIA",0.836876614345321,0.848704239711801,0.264643414766207,0.747409216103178,4211,23,"Smox;Pink1;fh;CG2076;ATP7;ttm3;CG11825;rho-7"
"GOBP_ENAMEL_MINERALIZATION",0.839444995044599,0.851015566995592,0.268123126317963,0.741528964801795,4234,21,"Dr;l(2)03659"
"GOBP_LONG_CHAIN_FATTY_ACID_METABOLIC_PROCESS",0.841928472633867,0.853239258177346,0.245093641108504,0.766005717864402,4260,36,"Cyp18a1;Mgstl;bgm;dob;CG11601;CG3625;CG17597;Dgat2;CG1946;Jheh2"
"GOBP_REGULATION_OF_TYPE_I_INTERFERON_MEDIATED_SIGNALING_PATHWAY",0.84796828543112,0.8590642891661,0.266420219420075,0.736819356919455,4277,21,"Wnt5;Cdc37;not;fal"
"GOBP_AUTOPHAGOSOME_ORGANIZATION",0.855190699571691,0.866082973542139,-0.219742957290591,-0.806656102850438,4192,78,"Pi3K59F;Rab19;Rab7;nompB;Vha100-3;Vha100-2;Vha100-1;Smurf;stas;Atg101;Ubqn;Atg4a;Vha100-5;Atg18b;p47;Sting;CG13016;Usp20-33;Atg9;EndoB"
"GOBP_ENDOCYTIC_RECYCLING",0.858644137646816,0.869281160687176,-0.224146501245577,-0.791642038238009,4166,63,"Vps26;Rab11;Rab7;Past1;fidipidine;Grip;Gga;CG15211;Vlet;Rab35;bves;Hrs;Vps52;Snx17;wash;Ehbp1;Vps50;FAM21;Eps-15"
"GOBP_MATURATION_OF_SSU_RRNA_FROM_TRICISTRONIC_RRNA_TRANSCRIPT_SSU_RRNA_5_8S_RRNA_LSU_RRNA",0.86275311924729,0.873140583703312,-0.243471819213726,-0.751752713434715,4217,33,"kz;RpS21;Sas10;CG2260;CG7246;CG6999;CG17652"
"GOBP_POSITIVE_REGULATION_OF_FATTY_ACID_METABOLIC_PROCESS",0.867905473641689,0.877751084033636,-0.267184619036885,-0.69838607551471,4296,16,"Gcn5;chico;Plap;CG2765;Slc45-1;CapaR;srl;PK2-R2;PK2-R1;Lsd-1"
"GOBP_TOOTH_MINERALIZATION",0.86762911752745,0.877751084033636,-0.244372905937117,-0.74101513621068,4266,30,"mys;Sp1;Vha100-3;Vha100-2;Vha100-1;CG7627;Vha100-5"
"GOBP_SPERM_FLAGELLUM_ASSEMBLY",0.868369351669941,0.877918430451191,0.25258493770709,0.733132799021194,4419,26,"porin;Ubc6;Gk1;CG10958;GIIIspla2"
"GOBP_POSITIVE_REGULATION_OF_BEHAVIOR",0.870124727776678,0.879390913472685,0.269812425911054,0.696535719079466,4394,16,"GluRIA;HDAC1;moody"
"GOBP_GPI_ANCHOR_METABOLIC_PROCESS",0.871119842829077,0.879523509436744,0.25173040341663,0.730652496268736,4433,26,"PIG-K;PGAP1;GAA1;PIG-T;PIG-U;PIG-N;PIG-M;PIG-C"
"GOBP_ICOSANOID_TRANSPORT",0.871107607410327,0.879523509436744,0.238616243435426,0.749309778632675,4419,37,"l(2)03659;Ance;Mgstl;GIIIspla2;CG7806;Oatp30B;CG5592;CG10486;GXIVsPLA2;SLC22A;CG7458;PK1-R;CG14855;CG14857;CG7333;CG7342;CG17752;CG6231"
"GOBP_INTRACELLULAR_PH_ELEVATION",0.871189178275792,0.879523509436744,-0.269779455669015,-0.694052425116123,4314,15,"mnd;hoe2;CG7627"
"GOBP_RESPONSE_TO_PHENYLPROPANOID",0.871451743714517,0.879523509436744,-0.240550524667272,-0.73848144365273,4297,32,"Ugt36A1;Ugt35B1;Ugt35A1;Ugt37C1;Ugt37A1;Ugt49B1"
"GOBP_VITAMIN_METABOLIC_PROCESS",0.873188405797101,0.880974036301465,-0.249189559017504,-0.719973984183217,4337,24,"sad;Rel;CG11899"
"GOBP_RRNA_MODIFICATION",0.874056416368693,0.881547472388308,0.252409076477794,0.717902184360906,4399,24,"Fib;l(1)G0020;CG10341;CG2906;CG12128;CG8545;CG12863"
"GOBP_WALKING_BEHAVIOR",0.874389250814332,0.881580937592791,-0.247741191511928,-0.727280766112227,4294,26,"ort;Uch;mtd;CG17754;Irk3;CG15111;CG15651;Hipk"
"GOBP_METHYLATION",0.877366255144033,0.884279384252739,-0.208550671656901,-0.820152812792548,4263,122,"E(z);trx;Smyd3;Rab6;CG11596;Hmt4-20;Nsun2;nop5;aft;nito;Mt2;CG3527;Coq5;Set2;CG8097;CG8939;CG7889;Nep3;HemK2;CG9643;Art2;HemK1;Mettl14;CG10947;CG12822;Smyd4-1;Ntmt;Hen1;CG8067;CG7544;rswl;CG7137;CG11474;Art7"
"GOBP_NUCLEAR_PORE_ORGANIZATION",0.877797583679937,0.884411127118621,0.271224661330113,0.687071704107634,4431,15,"Nup107;Fmr1;Nup205;Nup44A;Nup54"
"GOBP_WATER_TRANSPORT",0.882817243472981,0.889164098013526,-0.256679143707434,-0.680893077885724,4361,17,"Drip;CG9784;CG7627;Prip;Eglp2;Eglp3"
"GOBP_MITOCHONDRIAL_GENE_EXPRESSION",0.883346124328473,0.88939229903298,0.204753303902377,0.823723857032474,4603,147,"mRpL4;mRpL12;mRpL47;mof;angel;scu;AMPKalpha;MTPAP;mEFTu1;CG4882;CG14817;bonsai;OXA1L;RNaseZ;mRpL30;Shmt;mldr;mRpL49;CG1662;mRpL10;mRpS2;mRpL24;CG13390;mRpL51;mtDNA-helicase;CG4957;CG6094;mRF1;mEFTs;CG7849;mRpL42;mRpL41;mRpS29;CG4610;TyrRS-m;mRpL17;mRpL46;mRpL23;mRpS35;mRpL2;mRpL20;mRpL39;mRpS31;IleRS-m;mRpS26;mTerf3;Suv3;ArgRS-m;mRpL19;CG6345;mRpL40"
"GOBP_AUTOPHAGOSOME_MATURATION",0.889455435447685,0.89493087930475,-0.227024890084666,-0.750466546287598,4360,45,"Cam;Pi3K59F;Rubicon;Ubqn;Atg18b;Lamp1;CG13016;CG8155;Vps20;CG12010;CHMP2B;Atg12;TSG101;Chmp1;Vps24"
"GOBP_VASCULAR_ENDOTHELIAL_CELL_PROLIFERATION",0.889328845773114,0.89493087930475,0.262544131137216,0.677772213619397,4491,16,"sl;Pdk1"
"GOBP_MAGNESIUM_ION_HOMEOSTASIS",0.891854487939897,0.897037915733052,0.253581770476055,0.694407634096752,4510,20,"Sh;goe;Nep6;Nepl3"
"GOBP_VIRAL_BUDDING",0.898043864848844,0.902954562674402,0.257130427383512,0.67369921904012,4544,17,"Vsp37A;CG5498;Mvb12;CG14985;Vps60;Vps37B"
"GOBP_NUCLEOTIDE_TRANSPORT",0.899051758198341,0.90365912969577,0.241794544632039,0.707227313315965,4550,27,"l(2)03659;Ant2;MFS18;CG15890;CG8008;CG8026;Papst2;CG14694;Tpc1;Sur-8;CG7943;CG15553;CG30344;CG31321;SCaMC;PMP34"
"GOBP_RIBOSOMAL_LARGE_SUBUNIT_ASSEMBLY",0.906602254428341,0.910937101273286,-0.237780054468067,-0.687008933478836,4503,24,"ND-ACP;RpL11;CG5033;CG1785;CG15390;CG13185;eIF6"
"GOBP_INTRACELLULAR_MAGNESIUM_ION_HOMEOSTASIS",0.907103825136612,0.911129891960366,-0.248785418939993,-0.659953384557886,4481,17,"l(2)k05819;Nepl5;Nepl7;Nepl12;Nepl14;Nepl15;Nepl17;Nepl18;Nepl19"
"GOBP_DETECTION_OF_STIMULUS_INVOLVED_IN_SENSORY_PERCEPTION_OF_PAIN",0.908694791047732,0.912416407939395,0.259233590869881,0.65669568603176,4587,15,"Sh;Eph"
"GOBP_RRNA_METHYLATION",0.910823021017482,0.914241326452894,0.24920163590377,0.665103458149367,4636,18,"Fib;CG2906;CG12128;CG8545;CG12863"
"GOBP_MRNA_CIS_SPLICING_VIA_SPLICEOSOME",0.914268464479775,0.917386706173089,-0.23529825304861,-0.673550591191203,4542,23,"su(w[a]);cactin;CG4291;CG6686;CG10333;CG15084;CG7974"
"GOBP_PROTEIN_INSERTION_INTO_MEMBRANE",0.921479958890031,0.92430754826269,-0.215693985137742,-0.727816594752268,4482,50,"Egfr;CG5861;Tim10;Mtch;ND-B16.6;CG13392;EMC3;Sgt;CG10470;CG12107;CG1371;CG7639;EMC8-9;CG5539;mge;CG10674;CG7546;Tim13;CG6878;EMC4;EMC1"
"GOBP_REGULATION_OF_VESICLE_SIZE",0.931354734504341,0.93389421571635,-0.240763656370724,-0.619404465657086,4612,15,"shi;BORCS5;Blos2;Strump;Vps24"
"GOBP_ALPHA_KETOGLUTARATE_TRANSPORT",0.945461863554035,0.947716798151949,-0.219626795543026,-0.628690421891377,4697,23,"Orct;CG7309;CG4630;CG14856;CG17751;CG16727;CG6356;Indy-2;CG42269;Orct2;CG5254;CG1907;CG6231;CG17752;CG7342;CG7333;CG14857;CG14855;CG7458;SLC22A;Indy;CG10486;CG5592"
"GOBP_PURINE_CONTAINING_COMPOUND_TRANSMEMBRANE_TRANSPORT",0.946877534468775,0.948812570302158,-0.21517615986984,-0.660583057967238,4669,32,"sesB;Orct;CNT2;Ent1;CNT1;CG8046;CG4630"
"GOBP_P_BODY_ASSEMBLY",0.95095257397649,0.95257149221615,-0.222580874385651,-0.606219880920398,4691,19,"twin;Rga"
"GOBP_AMINO_SUGAR_METABOLIC_PROCESS",0.95659006089177,0.957892429933147,0.223169632103103,0.595625680896464,4869,18,"Aldh;CG15771;Oscillin"
"GOBP_NUCLEAR_TRANSCRIBED_MRNA_CATABOLIC_PROCESS_DEADENYLATION_DEPENDENT_DECAY",0.965701376052578,0.966687120907344,-0.197674447363424,-0.663075564993094,4701,49,"mle;twin;smg;Rga;Tob;Rcd-1;PAN2;DCP1;Not11;CG6610;Pop2;Helz;roq"
"GOBP_MITOCHONDRIAL_TRANSLATION",0.968628255074841,0.969287185860606,-0.189868575373218,-0.744473670979155,4723,119,"tko;SerRS-m;mRpL16;mRpL18;ThrRS;LeuRS-m;HisRS;GlyRS;mRpL50;AlaRS-m;mRpL38;mRpS25;CG11679;mRpL3;mRpS30;mRpL22;mRpL48;mRpL28;mRpS7;mRpL13;mRpS18B;mRpL52;CG4679;mRpS16;P32;rswl;mRpS28;mRpL54;mRpL43;mRpS17;mRpS6;CG5906;GluRS-m;TrpRS-m;mRpL21;mRpL15;CRIF;mRpL44;mRpS9;mRpL1;mRpL11;mRpS10;mRpL9;mRpS11;mRpL55;mRpL35;mRpS24;CG4553;mRpS22;mIF2;mRpS18C;mRpL32"
"GOBP_SNRNA_3_END_PROCESSING",0.980043469670026,0.9803767044438,0.206234928065873,0.540349547078471,4959,17,"IntS14;Rrp42;Rrp4;defl;IntS9;CG16790;Rrp46;IntS12;IntS11"
"GOBP_NUCLEOPHAGY",0.983444377145165,0.983444377145165,-0.198317865092972,-0.510205622849575,4870,15,"Atg4a;Atg18b;Atg9;Atg12;CG11975;Atg4b"
